Code,Center Name,Indent Date,No of Purchy,Qty in Qtls
1,GATE,14-11-2022,3,54
1,GATE,15-11-2022,805,23958
1,GATE,16-11-2022,882,37800
1,GATE,17-11-2022,822,38313
1,GATE,18-11-2022,833,38340
1,GATE,19-11-2022,831,44586
1,GATE,21-11-2022,22,711
1,GATE,22-11-2022,82,4437
1,GATE,23-11-2022,318,9846
1,GATE,24-11-2022,310,9792
1,GATE,25-11-2022,701,27369
1,GATE,26-11-2022,594,24264
1,GATE,27-11-2022,649,24822
1,GATE,28-11-2022,578,22437
1,GATE,29-11-2022,585,22095
1,GATE,30-11-2022,552,24426
1,GATE,01-12-2022,480,20349
1,GATE,02-12-2022,371,14724
1,GATE,03-12-2022,205,9351
1,GATE,04-12-2022,330,13509
1,GATE,05-12-2022,314,17748
1,GATE,06-12-2022,452,21546
1,GATE,07-12-2022,374,20889
1,GATE,08-12-2022,372,21717
1,GATE,09-12-2022,327,19692
1,GATE,10-12-2022,303,17028
1,GATE,11-12-2022,77,4077
1,GATE,12-12-2022,423,22437
1,GATE,13-12-2022,315,17190
1,GATE,14-12-2022,331,17901
1,GATE,15-12-2022,271,14751
1,GATE,16-12-2022,173,9594
1,GATE,17-12-2022,391,20574
1,GATE,18-12-2022,407,21051
1,GATE,19-12-2022,367,20862
1,GATE,20-12-2022,379,21231
1,GATE,21-12-2022,319,18324
1,GATE,22-12-2022,282,15057
1,GATE,23-12-2022,257,12294
1,GATE,24-12-2022,480,20376
1,GATE,25-12-2022,381,17361
1,GATE,26-12-2022,330,15849
1,GATE,27-12-2022,448,20394
1,GATE,28-12-2022,390,18999
1,GATE,29-12-2022,294,14643
1,GATE,30-12-2022,221,11520
1,GATE,31-12-2022,277,15471
1,GATE,01-01-2023,101,5229
1,GATE,02-01-2023,193,9495
1,GATE,03-01-2023,380,19314
1,GATE,04-01-2023,497,27585
1,GATE,05-01-2023,476,27270
1,GATE,06-01-2023,479,26631
1,GATE,07-01-2023,369,20124
1,GATE,08-01-2023,475,26649
1,GATE,09-01-2023,252,14139
1,GATE,10-01-2023,417,21789
1,GATE,11-01-2023,467,24156
1,GATE,12-01-2023,481,25335
1,GATE,13-01-2023,473,25326
1,GATE,14-01-2023,392,21024
1,GATE,15-01-2023,349,18486
1,GATE,16-01-2023,320,16659
1,GATE,17-01-2023,394,21861
1,GATE,18-01-2023,359,21087
1,GATE,19-01-2023,474,23112
1,GATE,20-01-2023,184,9423
1,GATE,21-01-2023,444,22779
1,GATE,22-01-2023,371,17262
1,GATE,23-01-2023,372,18612
1,GATE,24-01-2023,425,21213
1,GATE,25-01-2023,459,24048
1,GATE,26-01-2023,516,25848
1,GATE,27-01-2023,494,22311
1,GATE,28-01-2023,362,18063
1,GATE,29-01-2023,359,18765
1,GATE,30-01-2023,428,20430
7,BILAULI,13-11-2022,8,279
7,BILAULI,14-11-2022,10,234
7,BILAULI,15-11-2022,23,576
7,BILAULI,16-11-2022,9,351
7,BILAULI,17-11-2022,13,450
7,BILAULI,18-11-2022,9,189
7,BILAULI,20-11-2022,4,126
7,BILAULI,21-11-2022,10,288
7,BILAULI,22-11-2022,8,198
7,BILAULI,23-11-2022,11,333
7,BILAULI,24-11-2022,14,387
7,BILAULI,25-11-2022,21,513
7,BILAULI,26-11-2022,9,324
7,BILAULI,27-11-2022,14,441
7,BILAULI,28-11-2022,18,540
7,BILAULI,29-11-2022,12,378
7,BILAULI,30-11-2022,13,423
7,BILAULI,01-12-2022,15,351
7,BILAULI,02-12-2022,7,288
7,BILAULI,03-12-2022,11,441
7,BILAULI,04-12-2022,10,396
7,BILAULI,05-12-2022,12,540
7,BILAULI,06-12-2022,14,441
7,BILAULI,07-12-2022,16,450
7,BILAULI,08-12-2022,13,396
7,BILAULI,09-12-2022,12,540
7,BILAULI,10-12-2022,12,486
7,BILAULI,11-12-2022,10,423
7,BILAULI,12-12-2022,13,450
7,BILAULI,13-12-2022,13,450
7,BILAULI,14-12-2022,11,468
7,BILAULI,15-12-2022,21,540
7,BILAULI,16-12-2022,16,477
7,BILAULI,17-12-2022,15,540
7,BILAULI,18-12-2022,9,378
7,BILAULI,19-12-2022,18,540
7,BILAULI,20-12-2022,16,531
7,BILAULI,21-12-2022,17,522
7,BILAULI,22-12-2022,11,414
7,BILAULI,23-12-2022,9,405
7,BILAULI,24-12-2022,17,495
7,BILAULI,25-12-2022,16,531
7,BILAULI,26-12-2022,18,567
7,BILAULI,27-12-2022,17,549
7,BILAULI,28-12-2022,12,405
7,BILAULI,29-12-2022,13,450
7,BILAULI,30-12-2022,15,486
7,BILAULI,31-12-2022,18,459
7,BILAULI,01-01-2023,10,288
7,BILAULI,02-01-2023,6,189
7,BILAULI,03-01-2023,23,657
7,BILAULI,04-01-2023,12,459
7,BILAULI,05-01-2023,15,513
7,BILAULI,06-01-2023,15,513
7,BILAULI,07-01-2023,16,504
7,BILAULI,08-01-2023,12,486
7,BILAULI,09-01-2023,17,468
7,BILAULI,10-01-2023,16,504
7,BILAULI,11-01-2023,15,513
7,BILAULI,12-01-2023,13,531
7,BILAULI,13-01-2023,18,513
7,BILAULI,14-01-2023,18,621
7,BILAULI,15-01-2023,14,522
7,BILAULI,16-01-2023,9,378
7,BILAULI,17-01-2023,19,531
7,BILAULI,18-01-2023,11,414
7,BILAULI,19-01-2023,12,405
7,BILAULI,20-01-2023,14,414
7,BILAULI,21-01-2023,13,477
7,BILAULI,22-01-2023,13,477
7,BILAULI,23-01-2023,13,477
7,BILAULI,24-01-2023,16,477
7,BILAULI,25-01-2023,12,459
7,BILAULI,26-01-2023,17,495
7,BILAULI,27-01-2023,16,504
7,BILAULI,28-01-2023,15,459
7,BILAULI,29-01-2023,13,477
7,BILAULI,30-01-2023,18,513
8,CHAKLAKHIPUR - III N,13-11-2022,14,279
8,CHAKLAKHIPUR - III N,14-11-2022,19,342
8,CHAKLAKHIPUR - III N,15-11-2022,20,414
8,CHAKLAKHIPUR - III N,16-11-2022,16,450
8,CHAKLAKHIPUR - III N,17-11-2022,19,423
8,CHAKLAKHIPUR - III N,18-11-2022,12,297
8,CHAKLAKHIPUR - III N,19-11-2022,7,180
8,CHAKLAKHIPUR - III N,20-11-2022,10,207
8,CHAKLAKHIPUR - III N,21-11-2022,7,288
8,CHAKLAKHIPUR - III N,22-11-2022,13,261
8,CHAKLAKHIPUR - III N,23-11-2022,10,288
8,CHAKLAKHIPUR - III N,24-11-2022,32,738
8,CHAKLAKHIPUR - III N,25-11-2022,32,630
8,CHAKLAKHIPUR - III N,26-11-2022,20,684
8,CHAKLAKHIPUR - III N,27-11-2022,17,603
8,CHAKLAKHIPUR - III N,28-11-2022,28,720
8,CHAKLAKHIPUR - III N,29-11-2022,27,702
8,CHAKLAKHIPUR - III N,30-11-2022,24,648
8,CHAKLAKHIPUR - III N,01-12-2022,21,675
8,CHAKLAKHIPUR - III N,02-12-2022,20,711
8,CHAKLAKHIPUR - III N,03-12-2022,22,477
8,CHAKLAKHIPUR - III N,04-12-2022,17,522
8,CHAKLAKHIPUR - III N,05-12-2022,18,486
8,CHAKLAKHIPUR - III N,06-12-2022,18,513
8,CHAKLAKHIPUR - III N,07-12-2022,21,513
8,CHAKLAKHIPUR - III N,08-12-2022,22,585
8,CHAKLAKHIPUR - III N,09-12-2022,19,612
8,CHAKLAKHIPUR - III N,10-12-2022,18,540
8,CHAKLAKHIPUR - III N,11-12-2022,18,405
8,CHAKLAKHIPUR - III N,12-12-2022,21,540
8,CHAKLAKHIPUR - III N,13-12-2022,19,585
8,CHAKLAKHIPUR - III N,14-12-2022,20,522
8,CHAKLAKHIPUR - III N,15-12-2022,22,585
8,CHAKLAKHIPUR - III N,16-12-2022,23,603
8,CHAKLAKHIPUR - III N,17-12-2022,17,495
8,CHAKLAKHIPUR - III N,18-12-2022,15,459
8,CHAKLAKHIPUR - III N,19-12-2022,24,567
8,CHAKLAKHIPUR - III N,20-12-2022,21,513
8,CHAKLAKHIPUR - III N,21-12-2022,20,549
8,CHAKLAKHIPUR - III N,22-12-2022,15,513
8,CHAKLAKHIPUR - III N,23-12-2022,19,423
8,CHAKLAKHIPUR - III N,24-12-2022,21,513
8,CHAKLAKHIPUR - III N,25-12-2022,21,567
8,CHAKLAKHIPUR - III N,26-12-2022,17,387
8,CHAKLAKHIPUR - III N,27-12-2022,15,432
8,CHAKLAKHIPUR - III N,28-12-2022,12,351
8,CHAKLAKHIPUR - III N,29-12-2022,15,405
8,CHAKLAKHIPUR - III N,30-12-2022,13,396
8,CHAKLAKHIPUR - III N,31-12-2022,13,423
8,CHAKLAKHIPUR - III N,01-01-2023,12,297
8,CHAKLAKHIPUR - III N,02-01-2023,9,216
8,CHAKLAKHIPUR - III N,03-01-2023,15,432
8,CHAKLAKHIPUR - III N,04-01-2023,15,432
8,CHAKLAKHIPUR - III N,05-01-2023,22,639
8,CHAKLAKHIPUR - III N,06-01-2023,19,558
8,CHAKLAKHIPUR - III N,07-01-2023,19,504
8,CHAKLAKHIPUR - III N,08-01-2023,23,549
8,CHAKLAKHIPUR - III N,09-01-2023,21,540
8,CHAKLAKHIPUR - III N,10-01-2023,29,765
8,CHAKLAKHIPUR - III N,11-01-2023,22,612
8,CHAKLAKHIPUR - III N,12-01-2023,26,684
8,CHAKLAKHIPUR - III N,13-01-2023,23,576
8,CHAKLAKHIPUR - III N,14-01-2023,24,567
8,CHAKLAKHIPUR - III N,15-01-2023,21,621
8,CHAKLAKHIPUR - III N,16-01-2023,18,567
8,CHAKLAKHIPUR - III N,17-01-2023,22,558
8,CHAKLAKHIPUR - III N,18-01-2023,20,522
8,CHAKLAKHIPUR - III N,19-01-2023,21,513
8,CHAKLAKHIPUR - III N,20-01-2023,15,432
8,CHAKLAKHIPUR - III N,21-01-2023,20,495
8,CHAKLAKHIPUR - III N,22-01-2023,13,369
8,CHAKLAKHIPUR - III N,24-01-2023,16,396
8,CHAKLAKHIPUR - III N,25-01-2023,20,522
8,CHAKLAKHIPUR - III N,26-01-2023,14,387
8,CHAKLAKHIPUR - III N,27-01-2023,23,738
8,CHAKLAKHIPUR - III N,28-01-2023,21,594
8,CHAKLAKHIPUR - III N,29-01-2023,22,612
8,CHAKLAKHIPUR - III N,30-01-2023,18,486
9,TAPARPURWA,13-11-2022,14,522
9,TAPARPURWA,14-11-2022,17,468
9,TAPARPURWA,15-11-2022,13,504
9,TAPARPURWA,16-11-2022,13,477
9,TAPARPURWA,17-11-2022,17,630
9,TAPARPURWA,20-11-2022,5,171
9,TAPARPURWA,21-11-2022,11,306
9,TAPARPURWA,22-11-2022,6,243
9,TAPARPURWA,23-11-2022,8,360
9,TAPARPURWA,24-11-2022,22,774
9,TAPARPURWA,25-11-2022,22,909
9,TAPARPURWA,26-11-2022,24,891
9,TAPARPURWA,27-11-2022,25,909
9,TAPARPURWA,28-11-2022,17,684
9,TAPARPURWA,29-11-2022,17,657
9,TAPARPURWA,30-11-2022,19,720
9,TAPARPURWA,01-12-2022,22,774
9,TAPARPURWA,02-12-2022,20,819
9,TAPARPURWA,04-12-2022,11,414
9,TAPARPURWA,05-12-2022,13,504
9,TAPARPURWA,06-12-2022,12,513
9,TAPARPURWA,07-12-2022,13,531
9,TAPARPURWA,08-12-2022,15,459
9,TAPARPURWA,09-12-2022,15,540
9,TAPARPURWA,10-12-2022,12,540
9,TAPARPURWA,11-12-2022,14,414
9,TAPARPURWA,12-12-2022,17,603
9,TAPARPURWA,13-12-2022,3,135
9,TAPARPURWA,14-12-2022,13,477
9,TAPARPURWA,15-12-2022,7,288
9,TAPARPURWA,16-12-2022,11,468
9,TAPARPURWA,17-12-2022,13,504
9,TAPARPURWA,18-12-2022,16,531
9,TAPARPURWA,19-12-2022,16,612
9,TAPARPURWA,20-12-2022,12,540
9,TAPARPURWA,21-12-2022,13,504
9,TAPARPURWA,22-12-2022,15,459
9,TAPARPURWA,23-12-2022,11,468
9,TAPARPURWA,24-12-2022,18,675
9,TAPARPURWA,25-12-2022,16,531
9,TAPARPURWA,26-12-2022,15,567
9,TAPARPURWA,27-12-2022,16,585
9,TAPARPURWA,28-12-2022,16,558
9,TAPARPURWA,29-12-2022,16,585
9,TAPARPURWA,30-12-2022,14,549
9,TAPARPURWA,31-12-2022,15,540
9,TAPARPURWA,01-01-2023,7,315
9,TAPARPURWA,02-01-2023,3,135
9,TAPARPURWA,03-01-2023,16,612
9,TAPARPURWA,04-01-2023,16,639
9,TAPARPURWA,05-01-2023,11,414
9,TAPARPURWA,06-01-2023,14,522
9,TAPARPURWA,07-01-2023,17,576
9,TAPARPURWA,08-01-2023,13,558
9,TAPARPURWA,09-01-2023,7,207
9,TAPARPURWA,10-01-2023,13,477
9,TAPARPURWA,11-01-2023,12,486
9,TAPARPURWA,12-01-2023,13,504
9,TAPARPURWA,13-01-2023,17,576
9,TAPARPURWA,14-01-2023,16,612
9,TAPARPURWA,15-01-2023,15,540
9,TAPARPURWA,16-01-2023,13,558
9,TAPARPURWA,17-01-2023,16,666
9,TAPARPURWA,18-01-2023,11,360
9,TAPARPURWA,19-01-2023,13,477
9,TAPARPURWA,20-01-2023,11,414
9,TAPARPURWA,21-01-2023,15,540
9,TAPARPURWA,22-01-2023,10,423
9,TAPARPURWA,23-01-2023,12,459
9,TAPARPURWA,24-01-2023,10,315
9,TAPARPURWA,25-01-2023,10,396
9,TAPARPURWA,26-01-2023,14,603
9,TAPARPURWA,27-01-2023,10,423
9,TAPARPURWA,28-01-2023,11,333
9,TAPARPURWA,29-01-2023,14,522
9,TAPARPURWA,30-01-2023,13,423
11,AMETHI-I,13-11-2022,8,279
11,AMETHI-I,14-11-2022,17,414
11,AMETHI-I,15-11-2022,22,558
11,AMETHI-I,16-11-2022,13,504
11,AMETHI-I,17-11-2022,15,540
11,AMETHI-I,19-11-2022,7,153
11,AMETHI-I,20-11-2022,13,288
11,AMETHI-I,21-11-2022,14,306
11,AMETHI-I,22-11-2022,12,378
11,AMETHI-I,23-11-2022,15,378
11,AMETHI-I,24-11-2022,28,855
11,AMETHI-I,25-11-2022,17,522
11,AMETHI-I,26-11-2022,27,864
11,AMETHI-I,27-11-2022,15,513
11,AMETHI-I,28-11-2022,22,666
11,AMETHI-I,29-11-2022,23,657
11,AMETHI-I,30-11-2022,19,666
11,AMETHI-I,01-12-2022,20,657
11,AMETHI-I,02-12-2022,11,360
11,AMETHI-I,03-12-2022,8,306
11,AMETHI-I,04-12-2022,21,675
11,AMETHI-I,05-12-2022,19,639
11,AMETHI-I,06-12-2022,18,513
11,AMETHI-I,07-12-2022,14,468
11,AMETHI-I,08-12-2022,10,315
11,AMETHI-I,09-12-2022,17,522
11,AMETHI-I,10-12-2022,24,729
11,AMETHI-I,11-12-2022,16,504
11,AMETHI-I,12-12-2022,20,603
11,AMETHI-I,13-12-2022,15,513
11,AMETHI-I,14-12-2022,14,495
11,AMETHI-I,15-12-2022,9,243
11,AMETHI-I,16-12-2022,13,504
11,AMETHI-I,17-12-2022,13,477
11,AMETHI-I,18-12-2022,20,522
11,AMETHI-I,19-12-2022,24,702
11,AMETHI-I,20-12-2022,13,504
11,AMETHI-I,21-12-2022,16,504
11,AMETHI-I,22-12-2022,16,504
11,AMETHI-I,23-12-2022,18,459
11,AMETHI-I,24-12-2022,18,513
11,AMETHI-I,25-12-2022,17,549
11,AMETHI-I,26-12-2022,17,522
11,AMETHI-I,27-12-2022,8,225
11,AMETHI-I,28-12-2022,21,513
11,AMETHI-I,29-12-2022,12,513
11,AMETHI-I,30-12-2022,15,432
11,AMETHI-I,31-12-2022,13,396
11,AMETHI-I,01-01-2023,8,306
11,AMETHI-I,02-01-2023,6,216
11,AMETHI-I,03-01-2023,27,675
11,AMETHI-I,04-01-2023,15,486
11,AMETHI-I,05-01-2023,13,423
11,AMETHI-I,06-01-2023,15,486
11,AMETHI-I,07-01-2023,20,630
11,AMETHI-I,08-01-2023,19,558
11,AMETHI-I,09-01-2023,22,612
11,AMETHI-I,10-01-2023,17,603
11,AMETHI-I,11-01-2023,20,603
11,AMETHI-I,12-01-2023,16,585
11,AMETHI-I,13-01-2023,18,567
11,AMETHI-I,14-01-2023,19,585
11,AMETHI-I,15-01-2023,12,297
11,AMETHI-I,16-01-2023,18,567
11,AMETHI-I,17-01-2023,22,639
11,AMETHI-I,18-01-2023,9,297
11,AMETHI-I,19-01-2023,10,369
11,AMETHI-I,20-01-2023,12,432
11,AMETHI-I,21-01-2023,20,549
11,AMETHI-I,22-01-2023,13,396
11,AMETHI-I,23-01-2023,16,396
11,AMETHI-I,24-01-2023,17,603
11,AMETHI-I,25-01-2023,19,612
11,AMETHI-I,26-01-2023,19,612
11,AMETHI-I,27-01-2023,17,603
11,AMETHI-I,28-01-2023,18,486
11,AMETHI-I,29-01-2023,14,468
11,AMETHI-I,30-01-2023,9,378
12,BASANTAPUR/DHAURAHRA,13-11-2022,22,558
12,BASANTAPUR/DHAURAHRA,14-11-2022,28,774
12,BASANTAPUR/DHAURAHRA,15-11-2022,30,702
12,BASANTAPUR/DHAURAHRA,16-11-2022,31,747
12,BASANTAPUR/DHAURAHRA,17-11-2022,21,567
12,BASANTAPUR/DHAURAHRA,19-11-2022,12,513
12,BASANTAPUR/DHAURAHRA,20-11-2022,15,378
12,BASANTAPUR/DHAURAHRA,21-11-2022,19,558
12,BASANTAPUR/DHAURAHRA,22-11-2022,25,720
12,BASANTAPUR/DHAURAHRA,23-11-2022,36,1161
12,BASANTAPUR/DHAURAHRA,25-11-2022,50,1440
12,BASANTAPUR/DHAURAHRA,26-11-2022,47,1251
12,BASANTAPUR/DHAURAHRA,27-11-2022,44,1467
12,BASANTAPUR/DHAURAHRA,28-11-2022,37,1395
12,BASANTAPUR/DHAURAHRA,29-11-2022,48,1377
12,BASANTAPUR/DHAURAHRA,30-11-2022,38,1386
12,BASANTAPUR/DHAURAHRA,03-12-2022,13,315
12,BASANTAPUR/DHAURAHRA,05-12-2022,4,180
12,BASANTAPUR/DHAURAHRA,07-12-2022,1,18
12,BASANTAPUR/DHAURAHRA,08-12-2022,10,396
12,BASANTAPUR/DHAURAHRA,09-12-2022,17,522
12,BASANTAPUR/DHAURAHRA,10-12-2022,18,486
12,BASANTAPUR/DHAURAHRA,11-12-2022,13,288
12,BASANTAPUR/DHAURAHRA,12-12-2022,22,693
12,BASANTAPUR/DHAURAHRA,13-12-2022,14,414
12,BASANTAPUR/DHAURAHRA,14-12-2022,29,1035
12,BASANTAPUR/DHAURAHRA,15-12-2022,25,801
12,BASANTAPUR/DHAURAHRA,16-12-2022,15,621
12,BASANTAPUR/DHAURAHRA,17-12-2022,26,873
12,BASANTAPUR/DHAURAHRA,18-12-2022,29,873
12,BASANTAPUR/DHAURAHRA,19-12-2022,32,1089
12,BASANTAPUR/DHAURAHRA,20-12-2022,33,1188
12,BASANTAPUR/DHAURAHRA,21-12-2022,36,1215
12,BASANTAPUR/DHAURAHRA,22-12-2022,27,1026
12,BASANTAPUR/DHAURAHRA,23-12-2022,30,945
12,BASANTAPUR/DHAURAHRA,24-12-2022,31,1017
12,BASANTAPUR/DHAURAHRA,25-12-2022,48,1431
12,BASANTAPUR/DHAURAHRA,26-12-2022,29,1008
12,BASANTAPUR/DHAURAHRA,27-12-2022,29,1089
12,BASANTAPUR/DHAURAHRA,28-12-2022,40,1260
12,BASANTAPUR/DHAURAHRA,29-12-2022,37,1098
12,BASANTAPUR/DHAURAHRA,30-12-2022,31,1098
12,BASANTAPUR/DHAURAHRA,31-12-2022,27,918
12,BASANTAPUR/DHAURAHRA,01-01-2023,24,810
12,BASANTAPUR/DHAURAHRA,02-01-2023,13,450
12,BASANTAPUR/DHAURAHRA,03-01-2023,39,1269
12,BASANTAPUR/DHAURAHRA,04-01-2023,41,1332
12,BASANTAPUR/DHAURAHRA,05-01-2023,35,1116
12,BASANTAPUR/DHAURAHRA,06-01-2023,34,1098
12,BASANTAPUR/DHAURAHRA,07-01-2023,37,1071
12,BASANTAPUR/DHAURAHRA,08-01-2023,31,1071
12,BASANTAPUR/DHAURAHRA,09-01-2023,35,1170
12,BASANTAPUR/DHAURAHRA,10-01-2023,36,999
12,BASANTAPUR/DHAURAHRA,11-01-2023,30,999
12,BASANTAPUR/DHAURAHRA,12-01-2023,39,1215
12,BASANTAPUR/DHAURAHRA,13-01-2023,45,1269
12,BASANTAPUR/DHAURAHRA,14-01-2023,46,1287
12,BASANTAPUR/DHAURAHRA,15-01-2023,31,1152
12,BASANTAPUR/DHAURAHRA,16-01-2023,35,1062
12,BASANTAPUR/DHAURAHRA,17-01-2023,64,1665
12,BASANTAPUR/DHAURAHRA,18-01-2023,30,972
12,BASANTAPUR/DHAURAHRA,19-01-2023,54,1539
12,BASANTAPUR/DHAURAHRA,20-01-2023,25,774
12,BASANTAPUR/DHAURAHRA,21-01-2023,45,1674
12,BASANTAPUR/DHAURAHRA,22-01-2023,32,900
12,BASANTAPUR/DHAURAHRA,23-01-2023,27,918
12,BASANTAPUR/DHAURAHRA,24-01-2023,42,1485
12,BASANTAPUR/DHAURAHRA,25-01-2023,47,1359
12,BASANTAPUR/DHAURAHRA,26-01-2023,27,783
12,BASANTAPUR/DHAURAHRA,27-01-2023,22,801
12,BASANTAPUR/DHAURAHRA,28-01-2023,15,513
12,BASANTAPUR/DHAURAHRA,29-01-2023,23,819
12,BASANTAPUR/DHAURAHRA,30-01-2023,33,999
13,SISAIYA -I,13-11-2022,15,351
13,SISAIYA -I,14-11-2022,17,441
13,SISAIYA -I,15-11-2022,20,495
13,SISAIYA -I,16-11-2022,13,477
13,SISAIYA -I,17-11-2022,16,450
13,SISAIYA -I,20-11-2022,8,225
13,SISAIYA -I,21-11-2022,4,153
13,SISAIYA -I,22-11-2022,11,387
13,SISAIYA -I,23-11-2022,16,477
13,SISAIYA -I,24-11-2022,24,864
13,SISAIYA -I,25-11-2022,14,549
13,SISAIYA -I,26-11-2022,23,873
13,SISAIYA -I,27-11-2022,19,612
13,SISAIYA -I,28-11-2022,20,819
13,SISAIYA -I,29-11-2022,16,693
13,SISAIYA -I,30-11-2022,19,801
13,SISAIYA -I,01-12-2022,17,630
13,SISAIYA -I,02-12-2022,18,594
13,SISAIYA -I,04-12-2022,18,729
13,SISAIYA -I,05-12-2022,17,657
13,SISAIYA -I,06-12-2022,20,684
13,SISAIYA -I,07-12-2022,16,720
13,SISAIYA -I,08-12-2022,15,621
13,SISAIYA -I,09-12-2022,17,711
13,SISAIYA -I,10-12-2022,20,711
13,SISAIYA -I,11-12-2022,14,495
13,SISAIYA -I,12-12-2022,24,675
13,SISAIYA -I,13-12-2022,20,711
13,SISAIYA -I,14-12-2022,17,738
13,SISAIYA -I,15-12-2022,11,495
13,SISAIYA -I,16-12-2022,12,540
13,SISAIYA -I,17-12-2022,16,558
13,SISAIYA -I,18-12-2022,14,495
13,SISAIYA -I,19-12-2022,25,828
13,SISAIYA -I,20-12-2022,19,747
13,SISAIYA -I,21-12-2022,22,774
13,SISAIYA -I,22-12-2022,17,657
13,SISAIYA -I,23-12-2022,17,684
13,SISAIYA -I,24-12-2022,18,648
13,SISAIYA -I,25-12-2022,16,558
13,SISAIYA -I,26-12-2022,16,477
13,SISAIYA -I,27-12-2022,17,549
13,SISAIYA -I,28-12-2022,20,603
13,SISAIYA -I,29-12-2022,17,549
13,SISAIYA -I,30-12-2022,13,531
13,SISAIYA -I,31-12-2022,18,486
13,SISAIYA -I,01-01-2023,7,207
13,SISAIYA -I,02-01-2023,5,198
13,SISAIYA -I,03-01-2023,19,639
13,SISAIYA -I,04-01-2023,17,549
13,SISAIYA -I,05-01-2023,18,729
13,SISAIYA -I,06-01-2023,22,720
13,SISAIYA -I,07-01-2023,16,612
13,SISAIYA -I,08-01-2023,27,783
13,SISAIYA -I,09-01-2023,19,585
13,SISAIYA -I,10-01-2023,19,720
13,SISAIYA -I,11-01-2023,26,900
13,SISAIYA -I,12-01-2023,25,747
13,SISAIYA -I,13-01-2023,18,702
13,SISAIYA -I,14-01-2023,25,882
13,SISAIYA -I,15-01-2023,14,576
13,SISAIYA -I,16-01-2023,14,495
13,SISAIYA -I,17-01-2023,24,783
13,SISAIYA -I,18-01-2023,20,630
13,SISAIYA -I,19-01-2023,19,720
13,SISAIYA -I,20-01-2023,15,486
13,SISAIYA -I,21-01-2023,23,711
13,SISAIYA -I,22-01-2023,13,504
13,SISAIYA -I,23-01-2023,13,450
13,SISAIYA -I,24-01-2023,8,333
13,SISAIYA -I,25-01-2023,12,432
13,SISAIYA -I,26-01-2023,9,405
13,SISAIYA -I,27-01-2023,23,846
13,SISAIYA -I,28-01-2023,27,999
13,SISAIYA -I,29-01-2023,30,1026
13,SISAIYA -I,30-01-2023,27,999
14,BEHNANPURWA,13-11-2022,9,324
14,BEHNANPURWA,14-11-2022,10,396
14,BEHNANPURWA,15-11-2022,13,423
14,BEHNANPURWA,16-11-2022,7,261
14,BEHNANPURWA,17-11-2022,10,396
14,BEHNANPURWA,20-11-2022,4,180
14,BEHNANPURWA,21-11-2022,7,207
14,BEHNANPURWA,22-11-2022,7,288
14,BEHNANPURWA,23-11-2022,6,216
14,BEHNANPURWA,24-11-2022,32,1062
14,BEHNANPURWA,25-11-2022,19,747
14,BEHNANPURWA,26-11-2022,20,765
14,BEHNANPURWA,27-11-2022,17,765
14,BEHNANPURWA,28-11-2022,20,738
14,BEHNANPURWA,29-11-2022,16,585
14,BEHNANPURWA,30-11-2022,21,837
14,BEHNANPURWA,01-12-2022,20,819
14,BEHNANPURWA,02-12-2022,8,360
14,BEHNANPURWA,04-12-2022,11,360
14,BEHNANPURWA,05-12-2022,7,261
14,BEHNANPURWA,06-12-2022,11,441
14,BEHNANPURWA,07-12-2022,14,522
14,BEHNANPURWA,08-12-2022,15,540
14,BEHNANPURWA,09-12-2022,15,621
14,BEHNANPURWA,10-12-2022,13,531
14,BEHNANPURWA,11-12-2022,11,468
14,BEHNANPURWA,12-12-2022,17,684
14,BEHNANPURWA,13-12-2022,17,684
14,BEHNANPURWA,14-12-2022,18,702
14,BEHNANPURWA,15-12-2022,5,198
14,BEHNANPURWA,16-12-2022,17,630
14,BEHNANPURWA,17-12-2022,14,549
14,BEHNANPURWA,18-12-2022,11,414
14,BEHNANPURWA,19-12-2022,16,531
14,BEHNANPURWA,20-12-2022,16,612
14,BEHNANPURWA,21-12-2022,13,504
14,BEHNANPURWA,22-12-2022,13,504
14,BEHNANPURWA,23-12-2022,12,459
14,BEHNANPURWA,24-12-2022,18,675
14,BEHNANPURWA,25-12-2022,15,540
14,BEHNANPURWA,26-12-2022,14,576
14,BEHNANPURWA,27-12-2022,17,603
14,BEHNANPURWA,28-12-2022,16,585
14,BEHNANPURWA,29-12-2022,16,612
14,BEHNANPURWA,30-12-2022,16,639
14,BEHNANPURWA,31-12-2022,13,504
14,BEHNANPURWA,01-01-2023,10,396
14,BEHNANPURWA,02-01-2023,7,234
14,BEHNANPURWA,03-01-2023,24,972
14,BEHNANPURWA,04-01-2023,21,837
14,BEHNANPURWA,05-01-2023,16,585
14,BEHNANPURWA,06-01-2023,16,639
14,BEHNANPURWA,07-01-2023,16,585
14,BEHNANPURWA,08-01-2023,15,567
14,BEHNANPURWA,09-01-2023,16,585
14,BEHNANPURWA,10-01-2023,14,603
14,BEHNANPURWA,11-01-2023,16,639
14,BEHNANPURWA,12-01-2023,16,639
14,BEHNANPURWA,13-01-2023,16,639
14,BEHNANPURWA,14-01-2023,10,315
14,BEHNANPURWA,15-01-2023,12,486
14,BEHNANPURWA,16-01-2023,17,603
14,BEHNANPURWA,17-01-2023,16,639
14,BEHNANPURWA,18-01-2023,17,603
14,BEHNANPURWA,19-01-2023,16,639
14,BEHNANPURWA,20-01-2023,12,486
14,BEHNANPURWA,21-01-2023,14,630
14,BEHNANPURWA,22-01-2023,11,468
14,BEHNANPURWA,23-01-2023,12,405
14,BEHNANPURWA,24-01-2023,18,675
14,BEHNANPURWA,25-01-2023,16,666
14,BEHNANPURWA,26-01-2023,10,315
14,BEHNANPURWA,27-01-2023,7,315
14,BEHNANPURWA,29-01-2023,11,333
14,BEHNANPURWA,30-01-2023,14,522
15,ISSANAGAR - I,13-11-2022,24,486
15,ISSANAGAR - I,14-11-2022,21,513
15,ISSANAGAR - I,15-11-2022,34,855
15,ISSANAGAR - I,16-11-2022,34,936
15,ISSANAGAR - I,17-11-2022,38,900
15,ISSANAGAR - I,18-11-2022,7,261
15,ISSANAGAR - I,19-11-2022,21,567
15,ISSANAGAR - I,20-11-2022,23,711
15,ISSANAGAR - I,21-11-2022,25,639
15,ISSANAGAR - I,22-11-2022,40,882
15,ISSANAGAR - I,23-11-2022,28,774
15,ISSANAGAR - I,24-11-2022,47,1224
15,ISSANAGAR - I,25-11-2022,48,1404
15,ISSANAGAR - I,26-11-2022,50,1251
15,ISSANAGAR - I,27-11-2022,45,1350
15,ISSANAGAR - I,28-11-2022,39,1404
15,ISSANAGAR - I,29-11-2022,43,1125
15,ISSANAGAR - I,30-11-2022,47,1413
15,ISSANAGAR - I,01-12-2022,30,999
15,ISSANAGAR - I,02-12-2022,22,585
15,ISSANAGAR - I,03-12-2022,15,459
15,ISSANAGAR - I,04-12-2022,33,1107
15,ISSANAGAR - I,06-12-2022,47,1494
15,ISSANAGAR - I,07-12-2022,48,1458
15,ISSANAGAR - I,08-12-2022,37,1044
15,ISSANAGAR - I,09-12-2022,44,1332
15,ISSANAGAR - I,10-12-2022,38,1332
15,ISSANAGAR - I,11-12-2022,34,963
15,ISSANAGAR - I,12-12-2022,41,1116
15,ISSANAGAR - I,13-12-2022,36,1161
15,ISSANAGAR - I,14-12-2022,41,1170
15,ISSANAGAR - I,15-12-2022,29,900
15,ISSANAGAR - I,16-12-2022,45,1296
15,ISSANAGAR - I,17-12-2022,29,900
15,ISSANAGAR - I,18-12-2022,32,981
15,ISSANAGAR - I,19-12-2022,38,954
15,ISSANAGAR - I,20-12-2022,38,1062
15,ISSANAGAR - I,21-12-2022,37,1071
15,ISSANAGAR - I,22-12-2022,39,1053
15,ISSANAGAR - I,23-12-2022,48,1377
15,ISSANAGAR - I,24-12-2022,44,1224
15,ISSANAGAR - I,25-12-2022,33,999
15,ISSANAGAR - I,26-12-2022,41,1035
15,ISSANAGAR - I,27-12-2022,33,1026
15,ISSANAGAR - I,28-12-2022,41,981
15,ISSANAGAR - I,29-12-2022,38,1224
15,ISSANAGAR - I,30-12-2022,37,1125
15,ISSANAGAR - I,31-12-2022,39,1080
15,ISSANAGAR - I,01-01-2023,32,819
15,ISSANAGAR - I,02-01-2023,11,360
15,ISSANAGAR - I,03-01-2023,54,1566
15,ISSANAGAR - I,04-01-2023,48,1296
15,ISSANAGAR - I,05-01-2023,20,630
15,ISSANAGAR - I,06-01-2023,26,765
15,ISSANAGAR - I,07-01-2023,35,900
15,ISSANAGAR - I,08-01-2023,38,1062
15,ISSANAGAR - I,09-01-2023,40,990
15,ISSANAGAR - I,10-01-2023,35,954
15,ISSANAGAR - I,11-01-2023,31,909
15,ISSANAGAR - I,12-01-2023,30,972
15,ISSANAGAR - I,13-01-2023,33,1026
15,ISSANAGAR - I,14-01-2023,40,1179
15,ISSANAGAR - I,15-01-2023,33,999
15,ISSANAGAR - I,16-01-2023,42,1134
15,ISSANAGAR - I,17-01-2023,29,927
15,ISSANAGAR - I,18-01-2023,9,297
15,ISSANAGAR - I,19-01-2023,37,1125
15,ISSANAGAR - I,20-01-2023,25,774
15,ISSANAGAR - I,21-01-2023,38,1116
15,ISSANAGAR - I,22-01-2023,25,801
15,ISSANAGAR - I,23-01-2023,38,981
15,ISSANAGAR - I,24-01-2023,17,495
15,ISSANAGAR - I,25-01-2023,21,513
15,ISSANAGAR - I,26-01-2023,22,774
15,ISSANAGAR - I,27-01-2023,41,1170
15,ISSANAGAR - I,28-01-2023,37,1233
15,ISSANAGAR - I,29-01-2023,26,846
15,ISSANAGAR - I,30-01-2023,33,999
16,KATAULI,28-11-2022,16,288
16,KATAULI,29-11-2022,15,270
16,KATAULI,30-11-2022,21,378
16,KATAULI,01-12-2022,14,306
16,KATAULI,02-12-2022,26,495
16,KATAULI,03-12-2022,24,513
16,KATAULI,04-12-2022,20,603
16,KATAULI,05-12-2022,21,486
16,KATAULI,06-12-2022,26,495
16,KATAULI,07-12-2022,19,450
16,KATAULI,08-12-2022,20,468
16,KATAULI,09-12-2022,18,486
16,KATAULI,10-12-2022,23,495
16,KATAULI,11-12-2022,19,477
16,KATAULI,12-12-2022,22,558
16,KATAULI,13-12-2022,22,639
16,KATAULI,14-12-2022,27,756
16,KATAULI,15-12-2022,23,684
16,KATAULI,16-12-2022,28,612
16,KATAULI,17-12-2022,24,594
16,KATAULI,18-12-2022,11,414
16,KATAULI,19-12-2022,23,603
16,KATAULI,20-12-2022,15,405
16,KATAULI,21-12-2022,16,396
16,KATAULI,22-12-2022,16,531
16,KATAULI,23-12-2022,22,585
16,KATAULI,24-12-2022,27,783
16,KATAULI,25-12-2022,20,549
16,KATAULI,26-12-2022,27,648
16,KATAULI,27-12-2022,24,621
16,KATAULI,28-12-2022,26,603
16,KATAULI,29-12-2022,22,558
16,KATAULI,30-12-2022,30,702
16,KATAULI,31-12-2022,26,711
16,KATAULI,01-01-2023,24,486
16,KATAULI,02-01-2023,7,153
16,KATAULI,03-01-2023,35,846
16,KATAULI,04-01-2023,20,549
16,KATAULI,05-01-2023,44,900
16,KATAULI,06-01-2023,26,738
16,KATAULI,07-01-2023,31,693
16,KATAULI,08-01-2023,28,720
16,KATAULI,09-01-2023,18,432
16,KATAULI,10-01-2023,29,630
16,KATAULI,11-01-2023,20,603
16,KATAULI,12-01-2023,27,621
16,KATAULI,13-01-2023,30,729
16,KATAULI,14-01-2023,29,684
16,KATAULI,15-01-2023,22,585
16,KATAULI,16-01-2023,25,666
16,KATAULI,17-01-2023,26,684
16,KATAULI,18-01-2023,30,702
16,KATAULI,19-01-2023,24,594
16,KATAULI,20-01-2023,14,360
16,KATAULI,21-01-2023,26,657
16,KATAULI,22-01-2023,17,495
16,KATAULI,23-01-2023,21,540
16,KATAULI,24-01-2023,10,342
16,KATAULI,25-01-2023,13,396
16,KATAULI,26-01-2023,23,630
16,KATAULI,27-01-2023,24,594
16,KATAULI,28-01-2023,25,693
16,KATAULI,29-01-2023,30,675
16,KATAULI,30-01-2023,28,693
17,SEMARIA- I,13-11-2022,15,270
17,SEMARIA- I,14-11-2022,7,180
17,SEMARIA- I,15-11-2022,27,540
17,SEMARIA- I,16-11-2022,26,603
17,SEMARIA- I,17-11-2022,22,693
17,SEMARIA- I,18-11-2022,7,180
17,SEMARIA- I,19-11-2022,22,612
17,SEMARIA- I,20-11-2022,9,405
17,SEMARIA- I,21-11-2022,24,594
17,SEMARIA- I,22-11-2022,36,810
17,SEMARIA- I,23-11-2022,25,720
17,SEMARIA- I,24-11-2022,38,1062
17,SEMARIA- I,25-11-2022,22,909
17,SEMARIA- I,26-11-2022,19,585
17,SEMARIA- I,27-11-2022,26,738
17,SEMARIA- I,28-11-2022,27,1107
17,SEMARIA- I,29-11-2022,28,1098
17,SEMARIA- I,30-11-2022,29,1062
17,SEMARIA- I,01-12-2022,29,765
17,SEMARIA- I,02-12-2022,17,576
17,SEMARIA- I,04-12-2022,14,441
17,SEMARIA- I,05-12-2022,15,513
17,SEMARIA- I,06-12-2022,15,621
17,SEMARIA- I,07-12-2022,17,603
17,SEMARIA- I,09-12-2022,12,297
17,SEMARIA- I,10-12-2022,13,369
17,SEMARIA- I,11-12-2022,19,504
17,SEMARIA- I,12-12-2022,8,279
17,SEMARIA- I,13-12-2022,34,990
17,SEMARIA- I,14-12-2022,15,513
17,SEMARIA- I,15-12-2022,13,504
17,SEMARIA- I,16-12-2022,23,792
17,SEMARIA- I,17-12-2022,14,441
17,SEMARIA- I,18-12-2022,18,513
17,SEMARIA- I,19-12-2022,29,819
17,SEMARIA- I,20-12-2022,35,1035
17,SEMARIA- I,21-12-2022,28,909
17,SEMARIA- I,22-12-2022,26,738
17,SEMARIA- I,23-12-2022,18,702
17,SEMARIA- I,24-12-2022,38,1008
17,SEMARIA- I,25-12-2022,23,711
17,SEMARIA- I,26-12-2022,24,729
17,SEMARIA- I,27-12-2022,25,774
17,SEMARIA- I,28-12-2022,24,702
17,SEMARIA- I,29-12-2022,25,720
17,SEMARIA- I,30-12-2022,21,594
17,SEMARIA- I,31-12-2022,18,540
17,SEMARIA- I,01-01-2023,15,378
17,SEMARIA- I,02-01-2023,7,207
17,SEMARIA- I,03-01-2023,30,918
17,SEMARIA- I,04-01-2023,21,702
17,SEMARIA- I,05-01-2023,19,639
17,SEMARIA- I,06-01-2023,17,603
17,SEMARIA- I,07-01-2023,26,765
17,SEMARIA- I,08-01-2023,22,747
17,SEMARIA- I,09-01-2023,11,279
17,SEMARIA- I,10-01-2023,15,486
17,SEMARIA- I,11-01-2023,15,540
17,SEMARIA- I,12-01-2023,19,612
17,SEMARIA- I,13-01-2023,20,522
17,SEMARIA- I,14-01-2023,18,702
17,SEMARIA- I,15-01-2023,8,333
17,SEMARIA- I,16-01-2023,28,801
17,SEMARIA- I,17-01-2023,32,1035
17,SEMARIA- I,18-01-2023,19,612
17,SEMARIA- I,19-01-2023,17,522
17,SEMARIA- I,20-01-2023,15,513
17,SEMARIA- I,21-01-2023,20,711
17,SEMARIA- I,22-01-2023,9,297
17,SEMARIA- I,23-01-2023,14,306
17,SEMARIA- I,24-01-2023,20,738
17,SEMARIA- I,25-01-2023,22,639
17,SEMARIA- I,26-01-2023,23,630
17,SEMARIA- I,27-01-2023,21,621
17,SEMARIA- I,28-01-2023,27,675
17,SEMARIA- I,29-01-2023,26,684
17,SEMARIA- I,30-01-2023,21,702
18,KIRATIPURVA -IV,18-11-2022,7,234
18,KIRATIPURVA -IV,21-11-2022,3,135
18,KIRATIPURVA -IV,24-11-2022,10,288
18,KIRATIPURVA -IV,25-11-2022,7,207
18,KIRATIPURVA -IV,27-11-2022,7,261
18,KIRATIPURVA -IV,28-11-2022,14,333
18,KIRATIPURVA -IV,29-11-2022,9,378
18,KIRATIPURVA -IV,30-11-2022,9,324
18,KIRATIPURVA -IV,01-12-2022,13,396
18,KIRATIPURVA -IV,02-12-2022,4,153
18,KIRATIPURVA -IV,05-12-2022,15,351
18,KIRATIPURVA -IV,06-12-2022,6,189
18,KIRATIPURVA -IV,07-12-2022,10,342
18,KIRATIPURVA -IV,08-12-2022,15,432
18,KIRATIPURVA -IV,09-12-2022,18,567
18,KIRATIPURVA -IV,10-12-2022,13,477
18,KIRATIPURVA -IV,11-12-2022,11,360
18,KIRATIPURVA -IV,12-12-2022,10,342
18,KIRATIPURVA -IV,13-12-2022,12,351
18,KIRATIPURVA -IV,14-12-2022,8,306
18,KIRATIPURVA -IV,15-12-2022,9,297
18,KIRATIPURVA -IV,16-12-2022,9,297
18,KIRATIPURVA -IV,17-12-2022,9,351
18,KIRATIPURVA -IV,18-12-2022,10,315
18,KIRATIPURVA -IV,19-12-2022,10,342
18,KIRATIPURVA -IV,20-12-2022,9,405
18,KIRATIPURVA -IV,21-12-2022,7,234
18,KIRATIPURVA -IV,22-12-2022,12,405
18,KIRATIPURVA -IV,23-12-2022,7,315
18,KIRATIPURVA -IV,24-12-2022,11,387
18,KIRATIPURVA -IV,25-12-2022,12,405
18,KIRATIPURVA -IV,26-12-2022,16,504
18,KIRATIPURVA -IV,27-12-2022,11,441
18,KIRATIPURVA -IV,28-12-2022,10,423
18,KIRATIPURVA -IV,29-12-2022,13,531
18,KIRATIPURVA -IV,30-12-2022,12,432
18,KIRATIPURVA -IV,31-12-2022,16,450
18,KIRATIPURVA -IV,01-01-2023,12,405
18,KIRATIPURVA -IV,02-01-2023,7,288
18,KIRATIPURVA -IV,03-01-2023,11,360
18,KIRATIPURVA -IV,04-01-2023,15,513
18,KIRATIPURVA -IV,05-01-2023,12,513
18,KIRATIPURVA -IV,06-01-2023,15,567
18,KIRATIPURVA -IV,07-01-2023,8,306
18,KIRATIPURVA -IV,08-01-2023,12,405
18,KIRATIPURVA -IV,09-01-2023,15,513
18,KIRATIPURVA -IV,10-01-2023,18,702
18,KIRATIPURVA -IV,11-01-2023,16,585
18,KIRATIPURVA -IV,12-01-2023,14,495
18,KIRATIPURVA -IV,13-01-2023,13,450
18,KIRATIPURVA -IV,14-01-2023,8,252
18,KIRATIPURVA -IV,15-01-2023,7,288
18,KIRATIPURVA -IV,16-01-2023,7,315
18,KIRATIPURVA -IV,17-01-2023,7,288
18,KIRATIPURVA -IV,18-01-2023,9,324
18,KIRATIPURVA -IV,19-01-2023,18,594
18,KIRATIPURVA -IV,20-01-2023,8,279
18,KIRATIPURVA -IV,21-01-2023,13,450
18,KIRATIPURVA -IV,22-01-2023,12,459
18,KIRATIPURVA -IV,23-01-2023,12,459
18,KIRATIPURVA -IV,24-01-2023,16,477
18,KIRATIPURVA -IV,25-01-2023,17,549
18,KIRATIPURVA -IV,26-01-2023,6,189
18,KIRATIPURVA -IV,27-01-2023,8,279
18,KIRATIPURVA -IV,28-01-2023,9,351
18,KIRATIPURVA -IV,29-01-2023,9,351
18,KIRATIPURVA -IV,30-01-2023,14,495
19,HAUKANA MATERA,13-11-2022,5,144
19,HAUKANA MATERA,14-11-2022,10,342
19,HAUKANA MATERA,15-11-2022,9,324
19,HAUKANA MATERA,16-11-2022,9,243
19,HAUKANA MATERA,17-11-2022,12,405
19,HAUKANA MATERA,20-11-2022,5,171
19,HAUKANA MATERA,21-11-2022,6,162
19,HAUKANA MATERA,22-11-2022,11,279
19,HAUKANA MATERA,23-11-2022,9,270
19,HAUKANA MATERA,24-11-2022,18,486
19,HAUKANA MATERA,25-11-2022,14,468
19,HAUKANA MATERA,26-11-2022,10,396
19,HAUKANA MATERA,27-11-2022,11,414
19,HAUKANA MATERA,28-11-2022,13,504
19,HAUKANA MATERA,29-11-2022,9,378
19,HAUKANA MATERA,30-11-2022,19,585
19,HAUKANA MATERA,01-12-2022,14,414
19,HAUKANA MATERA,05-12-2022,8,306
19,HAUKANA MATERA,07-12-2022,6,216
19,HAUKANA MATERA,08-12-2022,5,144
19,HAUKANA MATERA,09-12-2022,4,153
19,HAUKANA MATERA,10-12-2022,3,135
19,HAUKANA MATERA,11-12-2022,2,63
19,HAUKANA MATERA,12-12-2022,9,270
19,HAUKANA MATERA,13-12-2022,7,180
19,HAUKANA MATERA,14-12-2022,8,279
19,HAUKANA MATERA,15-12-2022,1,18
19,HAUKANA MATERA,16-12-2022,9,297
19,HAUKANA MATERA,17-12-2022,9,297
19,HAUKANA MATERA,18-12-2022,7,207
19,HAUKANA MATERA,19-12-2022,1,18
19,HAUKANA MATERA,20-12-2022,9,405
19,HAUKANA MATERA,21-12-2022,11,360
19,HAUKANA MATERA,22-12-2022,6,189
19,HAUKANA MATERA,23-12-2022,7,234
19,HAUKANA MATERA,24-12-2022,12,378
19,HAUKANA MATERA,25-12-2022,7,207
19,HAUKANA MATERA,26-12-2022,9,324
19,HAUKANA MATERA,27-12-2022,9,243
19,HAUKANA MATERA,28-12-2022,8,279
19,HAUKANA MATERA,29-12-2022,8,198
19,HAUKANA MATERA,30-12-2022,6,216
19,HAUKANA MATERA,31-12-2022,3,135
19,HAUKANA MATERA,01-01-2023,1,45
19,HAUKANA MATERA,02-01-2023,5,171
19,HAUKANA MATERA,03-01-2023,8,306
19,HAUKANA MATERA,04-01-2023,14,360
19,HAUKANA MATERA,05-01-2023,10,369
19,HAUKANA MATERA,06-01-2023,10,315
19,HAUKANA MATERA,07-01-2023,10,261
19,HAUKANA MATERA,08-01-2023,7,315
19,HAUKANA MATERA,09-01-2023,6,216
19,HAUKANA MATERA,10-01-2023,9,324
19,HAUKANA MATERA,11-01-2023,8,252
19,HAUKANA MATERA,12-01-2023,7,261
19,HAUKANA MATERA,13-01-2023,6,216
19,HAUKANA MATERA,14-01-2023,8,279
19,HAUKANA MATERA,15-01-2023,7,207
19,HAUKANA MATERA,16-01-2023,10,342
19,HAUKANA MATERA,17-01-2023,9,324
19,HAUKANA MATERA,18-01-2023,6,216
19,HAUKANA MATERA,19-01-2023,9,324
19,HAUKANA MATERA,20-01-2023,8,333
19,HAUKANA MATERA,21-01-2023,9,351
19,HAUKANA MATERA,22-01-2023,8,279
19,HAUKANA MATERA,23-01-2023,7,288
19,HAUKANA MATERA,24-01-2023,10,396
19,HAUKANA MATERA,25-01-2023,2,90
19,HAUKANA MATERA,26-01-2023,3,108
19,HAUKANA MATERA,27-01-2023,4,180
19,HAUKANA MATERA,28-01-2023,3,108
19,HAUKANA MATERA,29-01-2023,2,90
19,HAUKANA MATERA,30-01-2023,4,126
20,LAUKAHI,13-11-2022,21,405
20,LAUKAHI,14-11-2022,27,594
20,LAUKAHI,15-11-2022,27,621
20,LAUKAHI,16-11-2022,18,432
20,LAUKAHI,17-11-2022,23,441
20,LAUKAHI,20-11-2022,13,342
20,LAUKAHI,21-11-2022,19,369
20,LAUKAHI,22-11-2022,22,423
20,LAUKAHI,23-11-2022,22,585
20,LAUKAHI,24-11-2022,47,1062
20,LAUKAHI,25-11-2022,48,1161
20,LAUKAHI,26-11-2022,33,783
20,LAUKAHI,27-11-2022,29,846
20,LAUKAHI,28-11-2022,33,945
20,LAUKAHI,29-11-2022,24,891
20,LAUKAHI,30-11-2022,35,873
20,LAUKAHI,01-12-2022,31,1017
20,LAUKAHI,02-12-2022,27,567
20,LAUKAHI,04-12-2022,30,702
20,LAUKAHI,05-12-2022,26,657
20,LAUKAHI,06-12-2022,27,783
20,LAUKAHI,07-12-2022,21,756
20,LAUKAHI,09-12-2022,30,783
20,LAUKAHI,10-12-2022,25,639
20,LAUKAHI,11-12-2022,19,639
20,LAUKAHI,12-12-2022,23,630
20,LAUKAHI,13-12-2022,30,783
20,LAUKAHI,14-12-2022,40,828
20,LAUKAHI,15-12-2022,25,882
20,LAUKAHI,16-12-2022,28,828
20,LAUKAHI,17-12-2022,29,711
20,LAUKAHI,18-12-2022,17,495
20,LAUKAHI,20-12-2022,22,612
20,LAUKAHI,21-12-2022,22,585
20,LAUKAHI,22-12-2022,26,657
20,LAUKAHI,23-12-2022,23,738
20,LAUKAHI,24-12-2022,29,684
20,LAUKAHI,25-12-2022,29,711
20,LAUKAHI,26-12-2022,23,684
20,LAUKAHI,27-12-2022,27,783
20,LAUKAHI,28-12-2022,26,738
20,LAUKAHI,29-12-2022,29,738
20,LAUKAHI,30-12-2022,38,900
20,LAUKAHI,31-12-2022,36,1215
20,LAUKAHI,01-01-2023,22,612
20,LAUKAHI,02-01-2023,7,180
20,LAUKAHI,03-01-2023,48,1161
20,LAUKAHI,04-01-2023,38,900
20,LAUKAHI,05-01-2023,44,1062
20,LAUKAHI,06-01-2023,36,1053
20,LAUKAHI,07-01-2023,30,783
20,LAUKAHI,08-01-2023,29,738
20,LAUKAHI,09-01-2023,26,684
20,LAUKAHI,10-01-2023,28,801
20,LAUKAHI,11-01-2023,31,801
20,LAUKAHI,12-01-2023,31,720
20,LAUKAHI,13-01-2023,33,837
20,LAUKAHI,14-01-2023,31,882
20,LAUKAHI,15-01-2023,33,675
20,LAUKAHI,16-01-2023,36,918
20,LAUKAHI,17-01-2023,31,936
20,LAUKAHI,18-01-2023,40,1017
20,LAUKAHI,19-01-2023,33,918
20,LAUKAHI,20-01-2023,19,612
20,LAUKAHI,21-01-2023,39,1044
20,LAUKAHI,22-01-2023,31,936
20,LAUKAHI,23-01-2023,9,270
20,LAUKAHI,24-01-2023,38,981
20,LAUKAHI,25-01-2023,33,918
20,LAUKAHI,26-01-2023,4,99
20,LAUKAHI,27-01-2023,26,711
20,LAUKAHI,28-01-2023,23,630
20,LAUKAHI,29-01-2023,21,702
20,LAUKAHI,30-01-2023,37,1017
21,CHAKLAKHIPUR- I,13-11-2022,16,288
21,CHAKLAKHIPUR- I,14-11-2022,14,306
21,CHAKLAKHIPUR- I,15-11-2022,22,504
21,CHAKLAKHIPUR- I,16-11-2022,31,693
21,CHAKLAKHIPUR- I,17-11-2022,30,891
21,CHAKLAKHIPUR- I,18-11-2022,20,576
21,CHAKLAKHIPUR- I,19-11-2022,12,297
21,CHAKLAKHIPUR- I,20-11-2022,13,558
21,CHAKLAKHIPUR- I,21-11-2022,21,675
21,CHAKLAKHIPUR- I,22-11-2022,25,531
21,CHAKLAKHIPUR- I,23-11-2022,24,675
21,CHAKLAKHIPUR- I,24-11-2022,38,927
21,CHAKLAKHIPUR- I,25-11-2022,48,999
21,CHAKLAKHIPUR- I,26-11-2022,48,999
21,CHAKLAKHIPUR- I,27-11-2022,30,1107
21,CHAKLAKHIPUR- I,28-11-2022,31,990
21,CHAKLAKHIPUR- I,29-11-2022,39,1377
21,CHAKLAKHIPUR- I,30-11-2022,42,999
21,CHAKLAKHIPUR- I,01-12-2022,30,945
21,CHAKLAKHIPUR- I,02-12-2022,33,972
21,CHAKLAKHIPUR- I,03-12-2022,24,756
21,CHAKLAKHIPUR- I,04-12-2022,26,792
21,CHAKLAKHIPUR- I,05-12-2022,27,891
21,CHAKLAKHIPUR- I,06-12-2022,26,1035
21,CHAKLAKHIPUR- I,07-12-2022,30,1053
21,CHAKLAKHIPUR- I,08-12-2022,27,918
21,CHAKLAKHIPUR- I,09-12-2022,34,1044
21,CHAKLAKHIPUR- I,10-12-2022,34,909
21,CHAKLAKHIPUR- I,11-12-2022,20,630
21,CHAKLAKHIPUR- I,12-12-2022,22,909
21,CHAKLAKHIPUR- I,13-12-2022,29,981
21,CHAKLAKHIPUR- I,14-12-2022,40,1044
21,CHAKLAKHIPUR- I,15-12-2022,29,846
21,CHAKLAKHIPUR- I,16-12-2022,34,882
21,CHAKLAKHIPUR- I,17-12-2022,24,999
21,CHAKLAKHIPUR- I,18-12-2022,32,846
21,CHAKLAKHIPUR- I,19-12-2022,30,972
21,CHAKLAKHIPUR- I,20-12-2022,27,918
21,CHAKLAKHIPUR- I,21-12-2022,30,945
21,CHAKLAKHIPUR- I,22-12-2022,30,972
21,CHAKLAKHIPUR- I,23-12-2022,35,900
21,CHAKLAKHIPUR- I,24-12-2022,44,1224
21,CHAKLAKHIPUR- I,25-12-2022,35,954
21,CHAKLAKHIPUR- I,26-12-2022,32,1062
21,CHAKLAKHIPUR- I,27-12-2022,34,1044
21,CHAKLAKHIPUR- I,28-12-2022,31,963
21,CHAKLAKHIPUR- I,29-12-2022,35,1008
21,CHAKLAKHIPUR- I,30-12-2022,35,1062
21,CHAKLAKHIPUR- I,31-12-2022,28,801
21,CHAKLAKHIPUR- I,01-01-2023,19,639
21,CHAKLAKHIPUR- I,02-01-2023,14,387
21,CHAKLAKHIPUR- I,03-01-2023,47,1224
21,CHAKLAKHIPUR- I,04-01-2023,31,828
21,CHAKLAKHIPUR- I,05-01-2023,35,1116
21,CHAKLAKHIPUR- I,06-01-2023,37,1071
21,CHAKLAKHIPUR- I,07-01-2023,44,1197
21,CHAKLAKHIPUR- I,08-01-2023,42,1188
21,CHAKLAKHIPUR- I,09-01-2023,32,900
21,CHAKLAKHIPUR- I,10-01-2023,40,1206
21,CHAKLAKHIPUR- I,11-01-2023,38,1197
21,CHAKLAKHIPUR- I,12-01-2023,43,1179
21,CHAKLAKHIPUR- I,13-01-2023,41,1305
21,CHAKLAKHIPUR- I,14-01-2023,32,1089
21,CHAKLAKHIPUR- I,15-01-2023,32,981
21,CHAKLAKHIPUR- I,16-01-2023,39,1026
21,CHAKLAKHIPUR- I,17-01-2023,35,1224
21,CHAKLAKHIPUR- I,18-01-2023,30,972
21,CHAKLAKHIPUR- I,19-01-2023,33,972
21,CHAKLAKHIPUR- I,20-01-2023,25,774
21,CHAKLAKHIPUR- I,21-01-2023,34,1098
21,CHAKLAKHIPUR- I,22-01-2023,27,837
21,CHAKLAKHIPUR- I,23-01-2023,30,918
21,CHAKLAKHIPUR- I,24-01-2023,23,711
21,CHAKLAKHIPUR- I,25-01-2023,26,792
21,CHAKLAKHIPUR- I,26-01-2023,24,810
21,CHAKLAKHIPUR- I,27-01-2023,38,1116
21,CHAKLAKHIPUR- I,28-01-2023,40,1044
21,CHAKLAKHIPUR- I,29-01-2023,31,1017
21,CHAKLAKHIPUR- I,30-01-2023,38,1224
22,MARSANDA -I,13-11-2022,6,216
22,MARSANDA -I,14-11-2022,8,306
22,MARSANDA -I,15-11-2022,9,243
22,MARSANDA -I,16-11-2022,22,450
22,MARSANDA -I,17-11-2022,21,486
22,MARSANDA -I,18-11-2022,31,666
22,MARSANDA -I,24-11-2022,24,567
22,MARSANDA -I,25-11-2022,53,1251
22,MARSANDA -I,26-11-2022,38,846
22,MARSANDA -I,27-11-2022,35,819
22,MARSANDA -I,28-11-2022,25,774
22,MARSANDA -I,29-11-2022,34,936
22,MARSANDA -I,30-11-2022,31,990
22,MARSANDA -I,01-12-2022,46,1476
22,MARSANDA -I,02-12-2022,16,612
22,MARSANDA -I,03-12-2022,35,1116
22,MARSANDA -I,04-12-2022,41,1386
22,MARSANDA -I,05-12-2022,39,1161
22,MARSANDA -I,06-12-2022,47,1494
22,MARSANDA -I,07-12-2022,26,792
22,MARSANDA -I,08-12-2022,22,693
22,MARSANDA -I,09-12-2022,32,981
22,MARSANDA -I,10-12-2022,34,1179
22,MARSANDA -I,11-12-2022,20,603
22,MARSANDA -I,12-12-2022,29,792
22,MARSANDA -I,13-12-2022,24,675
22,MARSANDA -I,14-12-2022,23,738
22,MARSANDA -I,15-12-2022,32,792
22,MARSANDA -I,16-12-2022,26,792
22,MARSANDA -I,17-12-2022,46,1260
22,MARSANDA -I,18-12-2022,22,666
22,MARSANDA -I,19-12-2022,31,963
22,MARSANDA -I,20-12-2022,27,810
22,MARSANDA -I,21-12-2022,41,1143
22,MARSANDA -I,22-12-2022,23,684
22,MARSANDA -I,23-12-2022,39,1215
22,MARSANDA -I,24-12-2022,24,702
22,MARSANDA -I,25-12-2022,29,900
22,MARSANDA -I,26-12-2022,26,765
22,MARSANDA -I,27-12-2022,29,738
22,MARSANDA -I,28-12-2022,24,810
22,MARSANDA -I,29-12-2022,28,774
22,MARSANDA -I,30-12-2022,25,747
22,MARSANDA -I,31-12-2022,28,801
22,MARSANDA -I,01-01-2023,18,567
22,MARSANDA -I,02-01-2023,11,306
22,MARSANDA -I,03-01-2023,40,1476
22,MARSANDA -I,04-01-2023,26,819
22,MARSANDA -I,05-01-2023,23,684
22,MARSANDA -I,06-01-2023,24,648
22,MARSANDA -I,07-01-2023,24,783
22,MARSANDA -I,08-01-2023,25,774
22,MARSANDA -I,09-01-2023,29,819
22,MARSANDA -I,10-01-2023,19,693
22,MARSANDA -I,11-01-2023,27,810
22,MARSANDA -I,12-01-2023,28,855
22,MARSANDA -I,13-01-2023,30,972
22,MARSANDA -I,14-01-2023,24,837
22,MARSANDA -I,15-01-2023,34,909
22,MARSANDA -I,16-01-2023,29,900
22,MARSANDA -I,17-01-2023,22,801
22,MARSANDA -I,18-01-2023,23,738
22,MARSANDA -I,19-01-2023,25,747
22,MARSANDA -I,20-01-2023,24,702
22,MARSANDA -I,21-01-2023,24,783
22,MARSANDA -I,22-01-2023,7,180
22,MARSANDA -I,23-01-2023,2,63
22,MARSANDA -I,24-01-2023,6,243
22,MARSANDA -I,25-01-2023,22,450
22,MARSANDA -I,26-01-2023,31,774
22,MARSANDA -I,27-01-2023,21,594
22,MARSANDA -I,28-01-2023,25,639
22,MARSANDA -I,29-01-2023,25,747
22,MARSANDA -I,30-01-2023,26,711
23,CHANDESUA,28-01-2023,1,18
23,CHANDESUA,29-01-2023,1,18
24,ADHAMALPUR,17-11-2022,8,198
24,ADHAMALPUR,18-11-2022,14,360
24,ADHAMALPUR,19-11-2022,4,126
24,ADHAMALPUR,21-11-2022,8,171
24,ADHAMALPUR,22-11-2022,9,243
24,ADHAMALPUR,23-11-2022,8,279
24,ADHAMALPUR,24-11-2022,12,324
24,ADHAMALPUR,25-11-2022,16,450
24,ADHAMALPUR,26-11-2022,15,378
24,ADHAMALPUR,27-11-2022,11,441
24,ADHAMALPUR,28-11-2022,12,405
24,ADHAMALPUR,29-11-2022,9,378
24,ADHAMALPUR,30-11-2022,9,324
24,ADHAMALPUR,01-12-2022,13,423
24,ADHAMALPUR,02-12-2022,5,198
24,ADHAMALPUR,03-12-2022,9,324
24,ADHAMALPUR,04-12-2022,13,396
24,ADHAMALPUR,05-12-2022,13,396
24,ADHAMALPUR,06-12-2022,9,324
24,ADHAMALPUR,07-12-2022,8,306
24,ADHAMALPUR,08-12-2022,11,306
24,ADHAMALPUR,09-12-2022,10,369
24,ADHAMALPUR,10-12-2022,12,405
24,ADHAMALPUR,11-12-2022,11,414
24,ADHAMALPUR,12-12-2022,11,414
24,ADHAMALPUR,13-12-2022,13,342
24,ADHAMALPUR,14-12-2022,11,360
24,ADHAMALPUR,15-12-2022,10,396
24,ADHAMALPUR,16-12-2022,10,369
24,ADHAMALPUR,17-12-2022,13,396
24,ADHAMALPUR,18-12-2022,12,432
24,ADHAMALPUR,19-12-2022,9,378
24,ADHAMALPUR,20-12-2022,12,432
24,ADHAMALPUR,21-12-2022,12,324
24,ADHAMALPUR,22-12-2022,13,396
24,ADHAMALPUR,23-12-2022,12,351
24,ADHAMALPUR,24-12-2022,11,387
24,ADHAMALPUR,25-12-2022,10,423
24,ADHAMALPUR,26-12-2022,16,504
24,ADHAMALPUR,27-12-2022,14,441
24,ADHAMALPUR,28-12-2022,13,504
24,ADHAMALPUR,29-12-2022,9,243
24,ADHAMALPUR,30-12-2022,11,360
24,ADHAMALPUR,31-12-2022,11,306
24,ADHAMALPUR,01-01-2023,9,297
24,ADHAMALPUR,02-01-2023,5,225
24,ADHAMALPUR,03-01-2023,17,657
24,ADHAMALPUR,04-01-2023,9,351
24,ADHAMALPUR,05-01-2023,9,378
24,ADHAMALPUR,06-01-2023,9,351
24,ADHAMALPUR,07-01-2023,9,378
24,ADHAMALPUR,08-01-2023,12,459
24,ADHAMALPUR,09-01-2023,9,378
24,ADHAMALPUR,10-01-2023,11,414
24,ADHAMALPUR,11-01-2023,13,531
24,ADHAMALPUR,12-01-2023,15,513
24,ADHAMALPUR,13-01-2023,12,513
24,ADHAMALPUR,14-01-2023,9,324
24,ADHAMALPUR,15-01-2023,13,531
24,ADHAMALPUR,16-01-2023,11,441
24,ADHAMALPUR,17-01-2023,12,486
24,ADHAMALPUR,18-01-2023,11,414
24,ADHAMALPUR,19-01-2023,11,468
24,ADHAMALPUR,20-01-2023,9,405
24,ADHAMALPUR,21-01-2023,14,549
24,ADHAMALPUR,22-01-2023,13,504
24,ADHAMALPUR,23-01-2023,12,513
24,ADHAMALPUR,24-01-2023,15,486
24,ADHAMALPUR,25-01-2023,15,297
24,ADHAMALPUR,26-01-2023,17,441
24,ADHAMALPUR,27-01-2023,15,432
24,ADHAMALPUR,28-01-2023,12,378
24,ADHAMALPUR,29-01-2023,11,360
24,ADHAMALPUR,30-01-2023,12,351
26,GATE(LMP),15-11-2022,24,1512
26,GATE(LMP),16-11-2022,64,4032
26,GATE(LMP),17-11-2022,27,1701
26,GATE(LMP),18-11-2022,23,1449
26,GATE(LMP),19-11-2022,23,1449
26,GATE(LMP),21-11-2022,8,504
26,GATE(LMP),22-11-2022,8,504
26,GATE(LMP),23-11-2022,8,504
26,GATE(LMP),24-11-2022,11,693
26,GATE(LMP),25-11-2022,19,1197
26,GATE(LMP),26-11-2022,20,1260
26,GATE(LMP),27-11-2022,22,1386
26,GATE(LMP),28-11-2022,27,1701
26,GATE(LMP),29-11-2022,24,1512
26,GATE(LMP),30-11-2022,23,1449
26,GATE(LMP),01-12-2022,16,1008
26,GATE(LMP),02-12-2022,16,1008
26,GATE(LMP),03-12-2022,8,504
26,GATE(LMP),04-12-2022,15,945
26,GATE(LMP),05-12-2022,14,882
26,GATE(LMP),06-12-2022,16,1008
26,GATE(LMP),07-12-2022,16,1008
26,GATE(LMP),08-12-2022,16,1008
26,GATE(LMP),09-12-2022,15,945
26,GATE(LMP),10-12-2022,15,945
26,GATE(LMP),11-12-2022,8,504
26,GATE(LMP),12-12-2022,9,567
26,GATE(LMP),13-12-2022,17,1071
26,GATE(LMP),14-12-2022,16,1008
26,GATE(LMP),15-12-2022,16,1008
26,GATE(LMP),16-12-2022,8,504
26,GATE(LMP),17-12-2022,12,756
26,GATE(LMP),18-12-2022,12,756
26,GATE(LMP),19-12-2022,14,882
26,GATE(LMP),20-12-2022,14,882
26,GATE(LMP),21-12-2022,14,882
26,GATE(LMP),22-12-2022,16,1008
26,GATE(LMP),23-12-2022,16,1008
26,GATE(LMP),24-12-2022,21,1323
26,GATE(LMP),25-12-2022,25,1575
26,GATE(LMP),26-12-2022,24,1512
26,GATE(LMP),27-12-2022,25,1575
26,GATE(LMP),28-12-2022,24,1512
26,GATE(LMP),29-12-2022,23,1449
26,GATE(LMP),30-12-2022,8,504
26,GATE(LMP),31-12-2022,8,504
26,GATE(LMP),01-01-2023,9,567
26,GATE(LMP),02-01-2023,8,504
26,GATE(LMP),03-01-2023,10,630
26,GATE(LMP),04-01-2023,9,567
26,GATE(LMP),05-01-2023,10,630
26,GATE(LMP),06-01-2023,8,504
26,GATE(LMP),07-01-2023,9,567
26,GATE(LMP),08-01-2023,6,378
26,GATE(LMP),09-01-2023,4,252
26,GATE(LMP),10-01-2023,2,126
26,GATE(LMP),11-01-2023,4,252
26,GATE(LMP),12-01-2023,5,315
26,GATE(LMP),13-01-2023,5,315
26,GATE(LMP),14-01-2023,8,504
26,GATE(LMP),15-01-2023,10,630
26,GATE(LMP),16-01-2023,16,1008
26,GATE(LMP),17-01-2023,8,504
26,GATE(LMP),18-01-2023,8,504
26,GATE(LMP),19-01-2023,11,693
26,GATE(LMP),20-01-2023,8,504
26,GATE(LMP),21-01-2023,14,882
26,GATE(LMP),22-01-2023,7,441
26,GATE(LMP),23-01-2023,11,693
26,GATE(LMP),24-01-2023,13,819
26,GATE(LMP),25-01-2023,13,819
26,GATE(LMP),26-01-2023,16,1008
26,GATE(LMP),27-01-2023,13,819
26,GATE(LMP),28-01-2023,8,504
26,GATE(LMP),29-01-2023,8,504
26,GATE(LMP),30-01-2023,8,504
27,GATE (ARNI),15-11-2022,42,2745
27,GATE (ARNI),16-11-2022,57,3834
27,GATE (ARNI),17-11-2022,100,6516
27,GATE (ARNI),18-11-2022,66,4230
27,GATE (ARNI),19-11-2022,60,3888
27,GATE (ARNI),21-11-2022,14,882
27,GATE (ARNI),22-11-2022,16,1008
27,GATE (ARNI),23-11-2022,16,1044
27,GATE (ARNI),24-11-2022,20,1260
27,GATE (ARNI),25-11-2022,39,2304
27,GATE (ARNI),26-11-2022,30,1872
27,GATE (ARNI),27-11-2022,38,2466
27,GATE (ARNI),28-11-2022,35,2196
27,GATE (ARNI),29-11-2022,51,3429
27,GATE (ARNI),30-11-2022,42,2826
27,GATE (ARNI),01-12-2022,31,1944
27,GATE (ARNI),02-12-2022,20,1260
27,GATE (ARNI),03-12-2022,15,945
27,GATE (ARNI),04-12-2022,30,1926
27,GATE (ARNI),05-12-2022,46,2898
27,GATE (ARNI),06-12-2022,39,2493
27,GATE (ARNI),07-12-2022,41,2619
27,GATE (ARNI),08-12-2022,41,2655
27,GATE (ARNI),09-12-2022,42,2673
27,GATE (ARNI),10-12-2022,29,1827
27,GATE (ARNI),11-12-2022,14,954
27,GATE (ARNI),12-12-2022,42,2718
27,GATE (ARNI),13-12-2022,42,2646
27,GATE (ARNI),14-12-2022,45,2853
27,GATE (ARNI),15-12-2022,29,1827
27,GATE (ARNI),16-12-2022,12,891
27,GATE (ARNI),17-12-2022,22,1386
27,GATE (ARNI),18-12-2022,25,1683
27,GATE (ARNI),19-12-2022,35,2277
27,GATE (ARNI),20-12-2022,75,4851
27,GATE (ARNI),21-12-2022,33,2079
27,GATE (ARNI),22-12-2022,31,1989
27,GATE (ARNI),23-12-2022,28,1800
27,GATE (ARNI),24-12-2022,44,2871
27,GATE (ARNI),25-12-2022,28,1836
27,GATE (ARNI),26-12-2022,54,3582
27,GATE (ARNI),27-12-2022,51,3249
27,GATE (ARNI),28-12-2022,46,3078
27,GATE (ARNI),29-12-2022,36,2376
27,GATE (ARNI),30-12-2022,16,1008
27,GATE (ARNI),31-12-2022,20,1296
27,GATE (ARNI),01-01-2023,12,756
27,GATE (ARNI),02-01-2023,45,2871
27,GATE (ARNI),03-01-2023,72,4680
27,GATE (ARNI),04-01-2023,25,1683
27,GATE (ARNI),05-01-2023,21,1359
27,GATE (ARNI),06-01-2023,26,1674
27,GATE (ARNI),07-01-2023,13,891
27,GATE (ARNI),08-01-2023,8,504
27,GATE (ARNI),09-01-2023,6,378
27,GATE (ARNI),10-01-2023,9,567
27,GATE (ARNI),11-01-2023,8,540
27,GATE (ARNI),12-01-2023,15,1089
27,GATE (ARNI),13-01-2023,24,1539
27,GATE (ARNI),14-01-2023,46,2934
27,GATE (ARNI),15-01-2023,6,486
27,GATE (ARNI),16-01-2023,29,1935
27,GATE (ARNI),17-01-2023,17,1107
27,GATE (ARNI),18-01-2023,36,2331
27,GATE (ARNI),19-01-2023,36,2412
27,GATE (ARNI),20-01-2023,16,1008
27,GATE (ARNI),21-01-2023,30,1962
27,GATE (ARNI),22-01-2023,22,1422
27,GATE (ARNI),23-01-2023,23,1521
27,GATE (ARNI),24-01-2023,24,1548
27,GATE (ARNI),25-01-2023,22,1458
27,GATE (ARNI),26-01-2023,33,2151
27,GATE (ARNI),27-01-2023,34,2214
27,GATE (ARNI),28-01-2023,15,1017
27,GATE (ARNI),29-01-2023,19,1197
27,GATE (ARNI),30-01-2023,21,1395
28,SHAHPUR,18-11-2022,18,351
28,SHAHPUR,19-11-2022,24,540
28,SHAHPUR,21-11-2022,11,198
28,SHAHPUR,22-11-2022,22,504
28,SHAHPUR,23-11-2022,22,585
28,SHAHPUR,24-11-2022,45,1188
28,SHAHPUR,25-11-2022,23,711
28,SHAHPUR,26-11-2022,27,891
28,SHAHPUR,27-11-2022,29,1008
28,SHAHPUR,28-11-2022,25,774
28,SHAHPUR,29-11-2022,17,549
28,SHAHPUR,30-11-2022,21,783
28,SHAHPUR,01-12-2022,25,747
28,SHAHPUR,02-12-2022,18,513
28,SHAHPUR,03-12-2022,25,693
28,SHAHPUR,04-12-2022,26,792
28,SHAHPUR,05-12-2022,19,558
28,SHAHPUR,06-12-2022,34,963
28,SHAHPUR,07-12-2022,17,495
28,SHAHPUR,08-12-2022,17,468
28,SHAHPUR,09-12-2022,21,594
28,SHAHPUR,10-12-2022,19,666
28,SHAHPUR,11-12-2022,15,540
28,SHAHPUR,12-12-2022,15,486
28,SHAHPUR,13-12-2022,15,540
28,SHAHPUR,14-12-2022,17,495
28,SHAHPUR,15-12-2022,20,522
28,SHAHPUR,16-12-2022,20,603
28,SHAHPUR,17-12-2022,26,873
28,SHAHPUR,18-12-2022,14,468
28,SHAHPUR,19-12-2022,17,522
28,SHAHPUR,20-12-2022,17,576
28,SHAHPUR,21-12-2022,13,477
28,SHAHPUR,22-12-2022,17,522
28,SHAHPUR,23-12-2022,15,486
28,SHAHPUR,24-12-2022,22,558
28,SHAHPUR,25-12-2022,22,612
28,SHAHPUR,26-12-2022,14,522
28,SHAHPUR,27-12-2022,22,720
28,SHAHPUR,28-12-2022,24,729
28,SHAHPUR,29-12-2022,25,666
28,SHAHPUR,30-12-2022,17,522
28,SHAHPUR,31-12-2022,17,522
28,SHAHPUR,01-01-2023,13,477
28,SHAHPUR,02-01-2023,8,198
28,SHAHPUR,03-01-2023,25,774
28,SHAHPUR,04-01-2023,19,558
28,SHAHPUR,05-01-2023,16,585
28,SHAHPUR,06-01-2023,18,540
28,SHAHPUR,07-01-2023,12,459
28,SHAHPUR,08-01-2023,22,585
28,SHAHPUR,09-01-2023,14,468
28,SHAHPUR,10-01-2023,15,540
28,SHAHPUR,11-01-2023,15,540
28,SHAHPUR,12-01-2023,16,612
28,SHAHPUR,13-01-2023,16,585
28,SHAHPUR,14-01-2023,16,612
28,SHAHPUR,15-01-2023,21,621
28,SHAHPUR,16-01-2023,18,621
28,SHAHPUR,17-01-2023,21,594
28,SHAHPUR,18-01-2023,16,531
28,SHAHPUR,19-01-2023,17,630
28,SHAHPUR,20-01-2023,11,468
28,SHAHPUR,21-01-2023,20,495
28,SHAHPUR,22-01-2023,20,468
28,SHAHPUR,23-01-2023,17,495
28,SHAHPUR,24-01-2023,20,495
28,SHAHPUR,25-01-2023,18,324
28,SHAHPUR,26-01-2023,20,603
28,SHAHPUR,27-01-2023,19,477
28,SHAHPUR,28-01-2023,19,585
28,SHAHPUR,29-01-2023,17,576
28,SHAHPUR,30-01-2023,17,576
29,AMETHI -II/PAHADIYAP,13-11-2022,8,225
29,AMETHI -II/PAHADIYAP,14-11-2022,12,324
29,AMETHI -II/PAHADIYAP,15-11-2022,19,396
29,AMETHI -II/PAHADIYAP,17-11-2022,13,315
29,AMETHI -II/PAHADIYAP,21-11-2022,3,108
29,AMETHI -II/PAHADIYAP,22-11-2022,4,126
29,AMETHI -II/PAHADIYAP,23-11-2022,7,180
29,AMETHI -II/PAHADIYAP,24-11-2022,28,612
29,AMETHI -II/PAHADIYAP,26-11-2022,12,243
29,AMETHI -II/PAHADIYAP,27-11-2022,16,369
29,AMETHI -II/PAHADIYAP,28-11-2022,12,297
29,AMETHI -II/PAHADIYAP,29-11-2022,10,315
29,AMETHI -II/PAHADIYAP,30-11-2022,5,144
29,AMETHI -II/PAHADIYAP,01-12-2022,14,387
29,AMETHI -II/PAHADIYAP,02-12-2022,10,369
29,AMETHI -II/PAHADIYAP,04-12-2022,7,153
29,AMETHI -II/PAHADIYAP,05-12-2022,7,207
29,AMETHI -II/PAHADIYAP,06-12-2022,9,243
29,AMETHI -II/PAHADIYAP,07-12-2022,9,216
29,AMETHI -II/PAHADIYAP,08-12-2022,11,225
29,AMETHI -II/PAHADIYAP,09-12-2022,11,279
29,AMETHI -II/PAHADIYAP,10-12-2022,13,369
29,AMETHI -II/PAHADIYAP,11-12-2022,9,297
29,AMETHI -II/PAHADIYAP,12-12-2022,16,504
29,AMETHI -II/PAHADIYAP,13-12-2022,10,315
29,AMETHI -II/PAHADIYAP,14-12-2022,10,396
29,AMETHI -II/PAHADIYAP,15-12-2022,10,315
29,AMETHI -II/PAHADIYAP,16-12-2022,14,414
29,AMETHI -II/PAHADIYAP,17-12-2022,14,279
29,AMETHI -II/PAHADIYAP,18-12-2022,11,360
29,AMETHI -II/PAHADIYAP,19-12-2022,15,540
29,AMETHI -II/PAHADIYAP,20-12-2022,12,351
29,AMETHI -II/PAHADIYAP,21-12-2022,12,351
29,AMETHI -II/PAHADIYAP,22-12-2022,10,315
29,AMETHI -II/PAHADIYAP,23-12-2022,13,315
29,AMETHI -II/PAHADIYAP,24-12-2022,20,522
29,AMETHI -II/PAHADIYAP,25-12-2022,10,315
29,AMETHI -II/PAHADIYAP,26-12-2022,12,459
29,AMETHI -II/PAHADIYAP,27-12-2022,17,468
29,AMETHI -II/PAHADIYAP,28-12-2022,14,468
29,AMETHI -II/PAHADIYAP,29-12-2022,18,567
29,AMETHI -II/PAHADIYAP,30-12-2022,19,558
29,AMETHI -II/PAHADIYAP,31-12-2022,18,567
29,AMETHI -II/PAHADIYAP,01-01-2023,11,279
29,AMETHI -II/PAHADIYAP,02-01-2023,9,189
29,AMETHI -II/PAHADIYAP,03-01-2023,16,558
29,AMETHI -II/PAHADIYAP,04-01-2023,13,423
29,AMETHI -II/PAHADIYAP,05-01-2023,11,306
29,AMETHI -II/PAHADIYAP,06-01-2023,15,486
29,AMETHI -II/PAHADIYAP,07-01-2023,11,360
29,AMETHI -II/PAHADIYAP,08-01-2023,15,486
29,AMETHI -II/PAHADIYAP,09-01-2023,18,432
29,AMETHI -II/PAHADIYAP,10-01-2023,19,558
29,AMETHI -II/PAHADIYAP,11-01-2023,23,711
29,AMETHI -II/PAHADIYAP,12-01-2023,16,495
29,AMETHI -II/PAHADIYAP,13-01-2023,14,468
29,AMETHI -II/PAHADIYAP,14-01-2023,10,315
29,AMETHI -II/PAHADIYAP,15-01-2023,7,261
29,AMETHI -II/PAHADIYAP,16-01-2023,9,243
29,AMETHI -II/PAHADIYAP,17-01-2023,24,648
29,AMETHI -II/PAHADIYAP,18-01-2023,10,288
29,AMETHI -II/PAHADIYAP,19-01-2023,7,261
29,AMETHI -II/PAHADIYAP,20-01-2023,16,423
29,AMETHI -II/PAHADIYAP,21-01-2023,11,387
29,AMETHI -II/PAHADIYAP,22-01-2023,10,315
29,AMETHI -II/PAHADIYAP,23-01-2023,13,396
29,AMETHI -II/PAHADIYAP,24-01-2023,14,468
29,AMETHI -II/PAHADIYAP,25-01-2023,12,459
29,AMETHI -II/PAHADIYAP,26-01-2023,16,396
29,AMETHI -II/PAHADIYAP,27-01-2023,10,315
29,AMETHI -II/PAHADIYAP,28-01-2023,11,279
29,AMETHI -II/PAHADIYAP,29-01-2023,11,252
29,AMETHI -II/PAHADIYAP,30-01-2023,12,297
30,SISAIYA-II/SUJAIKUND,13-11-2022,12,405
30,SISAIYA-II/SUJAIKUND,14-11-2022,15,432
30,SISAIYA-II/SUJAIKUND,15-11-2022,19,396
30,SISAIYA-II/SUJAIKUND,16-11-2022,14,441
30,SISAIYA-II/SUJAIKUND,17-11-2022,14,468
30,SISAIYA-II/SUJAIKUND,21-11-2022,4,153
30,SISAIYA-II/SUJAIKUND,22-11-2022,8,252
30,SISAIYA-II/SUJAIKUND,23-11-2022,14,414
30,SISAIYA-II/SUJAIKUND,24-11-2022,32,900
30,SISAIYA-II/SUJAIKUND,25-11-2022,19,720
30,SISAIYA-II/SUJAIKUND,26-11-2022,41,1278
30,SISAIYA-II/SUJAIKUND,27-11-2022,16,639
30,SISAIYA-II/SUJAIKUND,28-11-2022,13,477
30,SISAIYA-II/SUJAIKUND,29-11-2022,22,882
30,SISAIYA-II/SUJAIKUND,30-11-2022,18,702
30,SISAIYA-II/SUJAIKUND,01-12-2022,18,675
30,SISAIYA-II/SUJAIKUND,02-12-2022,12,486
30,SISAIYA-II/SUJAIKUND,04-12-2022,16,585
30,SISAIYA-II/SUJAIKUND,05-12-2022,16,585
30,SISAIYA-II/SUJAIKUND,06-12-2022,14,576
30,SISAIYA-II/SUJAIKUND,07-12-2022,15,621
30,SISAIYA-II/SUJAIKUND,08-12-2022,15,567
30,SISAIYA-II/SUJAIKUND,09-12-2022,19,693
30,SISAIYA-II/SUJAIKUND,10-12-2022,15,513
30,SISAIYA-II/SUJAIKUND,11-12-2022,10,396
30,SISAIYA-II/SUJAIKUND,12-12-2022,15,648
30,SISAIYA-II/SUJAIKUND,13-12-2022,14,576
30,SISAIYA-II/SUJAIKUND,14-12-2022,14,603
30,SISAIYA-II/SUJAIKUND,15-12-2022,19,612
30,SISAIYA-II/SUJAIKUND,16-12-2022,20,711
30,SISAIYA-II/SUJAIKUND,17-12-2022,16,612
30,SISAIYA-II/SUJAIKUND,18-12-2022,21,648
30,SISAIYA-II/SUJAIKUND,19-12-2022,18,675
30,SISAIYA-II/SUJAIKUND,20-12-2022,19,720
30,SISAIYA-II/SUJAIKUND,21-12-2022,17,711
30,SISAIYA-II/SUJAIKUND,22-12-2022,16,558
30,SISAIYA-II/SUJAIKUND,23-12-2022,18,594
30,SISAIYA-II/SUJAIKUND,24-12-2022,28,936
30,SISAIYA-II/SUJAIKUND,25-12-2022,21,702
30,SISAIYA-II/SUJAIKUND,26-12-2022,21,783
30,SISAIYA-II/SUJAIKUND,27-12-2022,20,738
30,SISAIYA-II/SUJAIKUND,28-12-2022,20,630
30,SISAIYA-II/SUJAIKUND,29-12-2022,19,639
30,SISAIYA-II/SUJAIKUND,30-12-2022,19,639
30,SISAIYA-II/SUJAIKUND,31-12-2022,13,477
30,SISAIYA-II/SUJAIKUND,01-01-2023,8,333
30,SISAIYA-II/SUJAIKUND,02-01-2023,7,207
30,SISAIYA-II/SUJAIKUND,03-01-2023,24,918
30,SISAIYA-II/SUJAIKUND,04-01-2023,18,648
30,SISAIYA-II/SUJAIKUND,05-01-2023,22,882
30,SISAIYA-II/SUJAIKUND,06-01-2023,17,630
30,SISAIYA-II/SUJAIKUND,07-01-2023,17,603
30,SISAIYA-II/SUJAIKUND,08-01-2023,18,648
30,SISAIYA-II/SUJAIKUND,09-01-2023,15,567
30,SISAIYA-II/SUJAIKUND,10-01-2023,19,585
30,SISAIYA-II/SUJAIKUND,11-01-2023,18,675
30,SISAIYA-II/SUJAIKUND,12-01-2023,18,621
30,SISAIYA-II/SUJAIKUND,14-01-2023,19,639
30,SISAIYA-II/SUJAIKUND,15-01-2023,26,819
30,SISAIYA-II/SUJAIKUND,16-01-2023,19,801
30,SISAIYA-II/SUJAIKUND,17-01-2023,27,1026
30,SISAIYA-II/SUJAIKUND,18-01-2023,16,639
30,SISAIYA-II/SUJAIKUND,19-01-2023,21,783
30,SISAIYA-II/SUJAIKUND,20-01-2023,15,513
30,SISAIYA-II/SUJAIKUND,21-01-2023,14,549
30,SISAIYA-II/SUJAIKUND,22-01-2023,13,558
30,SISAIYA-II/SUJAIKUND,23-01-2023,12,459
30,SISAIYA-II/SUJAIKUND,24-01-2023,20,738
30,SISAIYA-II/SUJAIKUND,25-01-2023,19,720
30,SISAIYA-II/SUJAIKUND,26-01-2023,17,576
30,SISAIYA-II/SUJAIKUND,27-01-2023,20,738
30,SISAIYA-II/SUJAIKUND,28-01-2023,13,369
30,SISAIYA-II/SUJAIKUND,29-01-2023,15,567
30,SISAIYA-II/SUJAIKUND,30-01-2023,12,459
31,KAIRATIPURVA - II,11-12-2022,3,54
31,KAIRATIPURVA - II,12-12-2022,7,153
31,KAIRATIPURVA - II,13-12-2022,4,72
31,KAIRATIPURVA - II,14-12-2022,4,99
31,KAIRATIPURVA - II,15-12-2022,11,279
31,KAIRATIPURVA - II,16-12-2022,3,81
31,KAIRATIPURVA - II,17-12-2022,8,198
31,KAIRATIPURVA - II,18-12-2022,11,198
31,KAIRATIPURVA - II,19-12-2022,10,207
31,KAIRATIPURVA - II,20-12-2022,11,225
31,KAIRATIPURVA - II,21-12-2022,9,270
31,KAIRATIPURVA - II,22-12-2022,13,261
31,KAIRATIPURVA - II,23-12-2022,11,279
31,KAIRATIPURVA - II,24-12-2022,12,297
31,KAIRATIPURVA - II,25-12-2022,22,531
31,KAIRATIPURVA - II,26-12-2022,13,315
31,KAIRATIPURVA - II,27-12-2022,16,450
31,KAIRATIPURVA - II,28-12-2022,13,423
31,KAIRATIPURVA - II,29-12-2022,19,477
31,KAIRATIPURVA - II,30-12-2022,22,585
31,KAIRATIPURVA - II,31-12-2022,18,459
31,KAIRATIPURVA - II,01-01-2023,18,459
31,KAIRATIPURVA - II,02-01-2023,12,297
31,KAIRATIPURVA - II,03-01-2023,17,468
31,KAIRATIPURVA - II,04-01-2023,18,540
31,KAIRATIPURVA - II,05-01-2023,16,450
31,KAIRATIPURVA - II,06-01-2023,18,459
31,KAIRATIPURVA - II,07-01-2023,21,513
31,KAIRATIPURVA - II,08-01-2023,17,414
31,KAIRATIPURVA - II,09-01-2023,22,585
31,KAIRATIPURVA - II,10-01-2023,21,594
31,KAIRATIPURVA - II,11-01-2023,19,504
31,KAIRATIPURVA - II,12-01-2023,18,405
31,KAIRATIPURVA - II,13-01-2023,15,378
31,KAIRATIPURVA - II,14-01-2023,8,171
31,KAIRATIPURVA - II,15-01-2023,11,252
31,KAIRATIPURVA - II,16-01-2023,14,306
31,KAIRATIPURVA - II,17-01-2023,9,216
31,KAIRATIPURVA - II,18-01-2023,14,360
31,KAIRATIPURVA - II,19-01-2023,12,216
31,KAIRATIPURVA - II,20-01-2023,11,279
31,KAIRATIPURVA - II,21-01-2023,15,324
31,KAIRATIPURVA - II,22-01-2023,15,378
31,KAIRATIPURVA - II,23-01-2023,13,369
31,KAIRATIPURVA - II,24-01-2023,17,387
31,KAIRATIPURVA - II,25-01-2023,15,432
31,KAIRATIPURVA - II,27-01-2023,19,504
31,KAIRATIPURVA - II,28-01-2023,13,423
31,KAIRATIPURVA - II,29-01-2023,12,324
31,KAIRATIPURVA - II,30-01-2023,18,432
33,NAINAPUR-III,13-11-2022,12,378
33,NAINAPUR-III,14-11-2022,12,378
33,NAINAPUR-III,15-11-2022,11,495
33,NAINAPUR-III,16-11-2022,10,450
33,NAINAPUR-III,17-11-2022,11,441
33,NAINAPUR-III,20-11-2022,7,234
33,NAINAPUR-III,21-11-2022,7,207
33,NAINAPUR-III,22-11-2022,14,387
33,NAINAPUR-III,23-11-2022,8,279
33,NAINAPUR-III,24-11-2022,7,234
33,NAINAPUR-III,25-11-2022,10,315
33,NAINAPUR-III,26-11-2022,12,486
33,NAINAPUR-III,27-11-2022,12,459
33,NAINAPUR-III,28-11-2022,26,954
33,NAINAPUR-III,29-11-2022,15,648
33,NAINAPUR-III,30-11-2022,20,819
33,NAINAPUR-III,03-12-2022,7,261
33,NAINAPUR-III,04-12-2022,8,333
33,NAINAPUR-III,05-12-2022,5,198
33,NAINAPUR-III,06-12-2022,14,495
33,NAINAPUR-III,07-12-2022,12,513
33,NAINAPUR-III,08-12-2022,13,531
33,NAINAPUR-III,09-12-2022,10,369
33,NAINAPUR-III,10-12-2022,14,603
33,NAINAPUR-III,11-12-2022,14,522
33,NAINAPUR-III,12-12-2022,10,450
33,NAINAPUR-III,13-12-2022,15,567
33,NAINAPUR-III,14-12-2022,13,558
33,NAINAPUR-III,15-12-2022,11,414
33,NAINAPUR-III,16-12-2022,11,414
33,NAINAPUR-III,17-12-2022,14,468
33,NAINAPUR-III,18-12-2022,13,558
33,NAINAPUR-III,19-12-2022,12,459
33,NAINAPUR-III,20-12-2022,13,504
33,NAINAPUR-III,21-12-2022,11,468
33,NAINAPUR-III,22-12-2022,17,522
33,NAINAPUR-III,23-12-2022,11,468
33,NAINAPUR-III,24-12-2022,24,945
33,NAINAPUR-III,25-12-2022,14,576
33,NAINAPUR-III,26-12-2022,17,630
33,NAINAPUR-III,27-12-2022,13,531
33,NAINAPUR-III,28-12-2022,15,621
33,NAINAPUR-III,29-12-2022,14,522
33,NAINAPUR-III,30-12-2022,13,450
33,NAINAPUR-III,31-12-2022,12,513
33,NAINAPUR-III,01-01-2023,9,351
33,NAINAPUR-III,02-01-2023,5,198
33,NAINAPUR-III,03-01-2023,21,648
33,NAINAPUR-III,04-01-2023,16,504
33,NAINAPUR-III,05-01-2023,17,684
33,NAINAPUR-III,06-01-2023,15,540
33,NAINAPUR-III,07-01-2023,12,486
33,NAINAPUR-III,08-01-2023,14,549
33,NAINAPUR-III,09-01-2023,12,459
33,NAINAPUR-III,10-01-2023,13,558
33,NAINAPUR-III,11-01-2023,18,702
33,NAINAPUR-III,12-01-2023,16,612
33,NAINAPUR-III,13-01-2023,15,540
33,NAINAPUR-III,14-01-2023,15,621
33,NAINAPUR-III,15-01-2023,14,549
33,NAINAPUR-III,16-01-2023,15,621
33,NAINAPUR-III,17-01-2023,17,711
33,NAINAPUR-III,18-01-2023,14,522
33,NAINAPUR-III,19-01-2023,14,603
33,NAINAPUR-III,20-01-2023,11,441
33,NAINAPUR-III,21-01-2023,15,567
33,NAINAPUR-III,22-01-2023,12,513
33,NAINAPUR-III,23-01-2023,8,333
33,NAINAPUR-III,24-01-2023,18,702
33,NAINAPUR-III,25-01-2023,19,693
33,NAINAPUR-III,26-01-2023,8,306
33,NAINAPUR-III,27-01-2023,13,504
33,NAINAPUR-III,28-01-2023,17,684
33,NAINAPUR-III,29-01-2023,13,396
33,NAINAPUR-III,30-01-2023,14,549
34,AKATHI,13-11-2022,14,387
34,AKATHI,14-11-2022,16,342
34,AKATHI,15-11-2022,8,360
34,AKATHI,16-11-2022,13,315
34,AKATHI,17-11-2022,12,378
34,AKATHI,20-11-2022,3,135
34,AKATHI,21-11-2022,4,126
34,AKATHI,22-11-2022,4,99
34,AKATHI,23-11-2022,8,225
34,AKATHI,24-11-2022,21,567
34,AKATHI,25-11-2022,14,360
34,AKATHI,26-11-2022,15,540
34,AKATHI,27-11-2022,15,513
34,AKATHI,28-11-2022,17,603
34,AKATHI,29-11-2022,17,603
34,AKATHI,30-11-2022,19,612
34,AKATHI,01-12-2022,14,495
34,AKATHI,04-12-2022,8,279
34,AKATHI,05-12-2022,8,306
34,AKATHI,06-12-2022,12,405
34,AKATHI,07-12-2022,13,423
34,AKATHI,08-12-2022,10,288
34,AKATHI,09-12-2022,9,324
34,AKATHI,10-12-2022,8,306
34,AKATHI,11-12-2022,12,351
34,AKATHI,12-12-2022,10,369
34,AKATHI,13-12-2022,7,207
34,AKATHI,14-12-2022,12,378
34,AKATHI,16-12-2022,2,90
34,AKATHI,19-12-2022,1,18
34,AKATHI,20-12-2022,1,18
34,AKATHI,21-12-2022,1,45
34,AKATHI,22-12-2022,7,207
34,AKATHI,23-12-2022,8,198
34,AKATHI,24-12-2022,6,270
34,AKATHI,25-12-2022,12,270
34,AKATHI,26-12-2022,9,297
34,AKATHI,27-12-2022,11,306
34,AKATHI,28-12-2022,8,306
34,AKATHI,29-12-2022,8,252
34,AKATHI,30-12-2022,7,207
34,AKATHI,31-12-2022,5,198
34,AKATHI,01-01-2023,7,207
34,AKATHI,02-01-2023,6,162
34,AKATHI,03-01-2023,8,252
34,AKATHI,04-01-2023,9,243
34,AKATHI,05-01-2023,10,369
34,AKATHI,06-01-2023,11,387
34,AKATHI,07-01-2023,11,333
34,AKATHI,08-01-2023,11,360
34,AKATHI,09-01-2023,10,288
34,AKATHI,10-01-2023,9,297
34,AKATHI,11-01-2023,7,234
34,AKATHI,12-01-2023,11,333
34,AKATHI,13-01-2023,12,432
34,AKATHI,14-01-2023,6,243
34,AKATHI,15-01-2023,12,405
34,AKATHI,16-01-2023,14,387
34,AKATHI,17-01-2023,16,504
34,AKATHI,18-01-2023,10,396
34,AKATHI,19-01-2023,10,315
34,AKATHI,20-01-2023,10,315
34,AKATHI,21-01-2023,8,306
34,AKATHI,22-01-2023,7,234
34,AKATHI,23-01-2023,9,297
34,AKATHI,24-01-2023,14,468
34,AKATHI,25-01-2023,14,468
34,AKATHI,26-01-2023,13,396
34,AKATHI,27-01-2023,12,324
34,AKATHI,28-01-2023,12,351
34,AKATHI,29-01-2023,8,306
34,AKATHI,30-01-2023,11,306
35,KHAJUHA BAZAR-I,13-11-2022,12,243
35,KHAJUHA BAZAR-I,14-11-2022,16,369
35,KHAJUHA BAZAR-I,15-11-2022,22,477
35,KHAJUHA BAZAR-I,16-11-2022,22,423
35,KHAJUHA BAZAR-I,17-11-2022,22,531
35,KHAJUHA BAZAR-I,18-11-2022,10,180
35,KHAJUHA BAZAR-I,20-11-2022,10,180
35,KHAJUHA BAZAR-I,21-11-2022,9,324
35,KHAJUHA BAZAR-I,22-11-2022,20,468
35,KHAJUHA BAZAR-I,23-11-2022,23,603
35,KHAJUHA BAZAR-I,24-11-2022,31,855
35,KHAJUHA BAZAR-I,25-11-2022,27,675
35,KHAJUHA BAZAR-I,26-11-2022,35,819
35,KHAJUHA BAZAR-I,27-11-2022,30,729
35,KHAJUHA BAZAR-I,28-11-2022,35,1224
35,KHAJUHA BAZAR-I,29-11-2022,36,1053
35,KHAJUHA BAZAR-I,30-11-2022,30,756
35,KHAJUHA BAZAR-I,01-12-2022,35,954
35,KHAJUHA BAZAR-I,02-12-2022,26,738
35,KHAJUHA BAZAR-I,04-12-2022,20,603
35,KHAJUHA BAZAR-I,05-12-2022,11,360
35,KHAJUHA BAZAR-I,06-12-2022,23,603
35,KHAJUHA BAZAR-I,07-12-2022,21,702
35,KHAJUHA BAZAR-I,08-12-2022,18,513
35,KHAJUHA BAZAR-I,09-12-2022,23,792
35,KHAJUHA BAZAR-I,10-12-2022,22,666
35,KHAJUHA BAZAR-I,11-12-2022,16,585
35,KHAJUHA BAZAR-I,12-12-2022,18,594
35,KHAJUHA BAZAR-I,13-12-2022,23,738
35,KHAJUHA BAZAR-I,14-12-2022,34,828
35,KHAJUHA BAZAR-I,15-12-2022,24,783
35,KHAJUHA BAZAR-I,16-12-2022,21,648
35,KHAJUHA BAZAR-I,17-12-2022,25,720
35,KHAJUHA BAZAR-I,18-12-2022,22,558
35,KHAJUHA BAZAR-I,19-12-2022,26,846
35,KHAJUHA BAZAR-I,20-12-2022,38,900
35,KHAJUHA BAZAR-I,21-12-2022,37,990
35,KHAJUHA BAZAR-I,22-12-2022,25,774
35,KHAJUHA BAZAR-I,23-12-2022,29,981
35,KHAJUHA BAZAR-I,24-12-2022,26,792
35,KHAJUHA BAZAR-I,25-12-2022,26,819
35,KHAJUHA BAZAR-I,26-12-2022,27,783
35,KHAJUHA BAZAR-I,27-12-2022,27,864
35,KHAJUHA BAZAR-I,28-12-2022,31,801
35,KHAJUHA BAZAR-I,29-12-2022,33,972
35,KHAJUHA BAZAR-I,30-12-2022,31,990
35,KHAJUHA BAZAR-I,31-12-2022,45,1134
35,KHAJUHA BAZAR-I,01-01-2023,21,486
35,KHAJUHA BAZAR-I,02-01-2023,10,288
35,KHAJUHA BAZAR-I,03-01-2023,52,1395
35,KHAJUHA BAZAR-I,04-01-2023,36,1053
35,KHAJUHA BAZAR-I,05-01-2023,33,918
35,KHAJUHA BAZAR-I,06-01-2023,32,1008
35,KHAJUHA BAZAR-I,07-01-2023,30,918
35,KHAJUHA BAZAR-I,08-01-2023,36,1053
35,KHAJUHA BAZAR-I,09-01-2023,24,756
35,KHAJUHA BAZAR-I,10-01-2023,39,1026
35,KHAJUHA BAZAR-I,11-01-2023,42,1080
35,KHAJUHA BAZAR-I,12-01-2023,29,846
35,KHAJUHA BAZAR-I,13-01-2023,33,1026
35,KHAJUHA BAZAR-I,14-01-2023,38,1008
35,KHAJUHA BAZAR-I,15-01-2023,38,954
35,KHAJUHA BAZAR-I,16-01-2023,25,720
35,KHAJUHA BAZAR-I,17-01-2023,33,1080
35,KHAJUHA BAZAR-I,18-01-2023,30,864
35,KHAJUHA BAZAR-I,19-01-2023,22,666
35,KHAJUHA BAZAR-I,20-01-2023,28,774
35,KHAJUHA BAZAR-I,21-01-2023,35,954
35,KHAJUHA BAZAR-I,22-01-2023,23,765
35,KHAJUHA BAZAR-I,23-01-2023,24,783
35,KHAJUHA BAZAR-I,24-01-2023,21,702
35,KHAJUHA BAZAR-I,25-01-2023,23,657
35,KHAJUHA BAZAR-I,26-01-2023,20,711
35,KHAJUHA BAZAR-I,27-01-2023,24,729
35,KHAJUHA BAZAR-I,28-01-2023,26,765
35,KHAJUHA BAZAR-I,29-01-2023,26,819
35,KHAJUHA BAZAR-I,30-01-2023,27,864
36,GATE (AIRA),13-11-2022,5,315
36,GATE (AIRA),14-11-2022,4,252
36,GATE (AIRA),15-11-2022,79,4545
36,GATE (AIRA),16-11-2022,152,9612
36,GATE (AIRA),17-11-2022,120,7407
36,GATE (AIRA),18-11-2022,136,8550
36,GATE (AIRA),19-11-2022,132,8307
36,GATE (AIRA),21-11-2022,9,522
36,GATE (AIRA),22-11-2022,32,1926
36,GATE (AIRA),23-11-2022,41,2178
36,GATE (AIRA),24-11-2022,29,1683
36,GATE (AIRA),25-11-2022,87,5193
36,GATE (AIRA),26-11-2022,65,3906
36,GATE (AIRA),27-11-2022,110,6363
36,GATE (AIRA),28-11-2022,58,3294
36,GATE (AIRA),29-11-2022,112,6759
36,GATE (AIRA),30-11-2022,126,8118
36,GATE (AIRA),01-12-2022,146,9063
36,GATE (AIRA),02-12-2022,90,5706
36,GATE (AIRA),03-12-2022,98,6165
36,GATE (AIRA),04-12-2022,113,6975
36,GATE (AIRA),05-12-2022,122,7452
36,GATE (AIRA),06-12-2022,89,5661
36,GATE (AIRA),07-12-2022,86,5463
36,GATE (AIRA),08-12-2022,100,6255
36,GATE (AIRA),09-12-2022,81,5085
36,GATE (AIRA),10-12-2022,65,3996
36,GATE (AIRA),11-12-2022,19,1062
36,GATE (AIRA),12-12-2022,99,6147
36,GATE (AIRA),13-12-2022,104,6498
36,GATE (AIRA),14-12-2022,97,5859
36,GATE (AIRA),15-12-2022,91,5679
36,GATE (AIRA),16-12-2022,64,4077
36,GATE (AIRA),17-12-2022,105,6678
36,GATE (AIRA),18-12-2022,83,5067
36,GATE (AIRA),19-12-2022,80,4887
36,GATE (AIRA),20-12-2022,29,1863
36,GATE (AIRA),21-12-2022,50,3105
36,GATE (AIRA),22-12-2022,66,4059
36,GATE (AIRA),23-12-2022,128,7884
36,GATE (AIRA),24-12-2022,124,7749
36,GATE (AIRA),25-12-2022,102,6345
36,GATE (AIRA),26-12-2022,75,4752
36,GATE (AIRA),27-12-2022,89,5508
36,GATE (AIRA),28-12-2022,105,6714
36,GATE (AIRA),29-12-2022,68,4149
36,GATE (AIRA),30-12-2022,30,1800
36,GATE (AIRA),31-12-2022,55,3465
36,GATE (AIRA),01-01-2023,43,2736
36,GATE (AIRA),02-01-2023,58,3339
36,GATE (AIRA),03-01-2023,127,7893
36,GATE (AIRA),04-01-2023,59,3582
36,GATE (AIRA),05-01-2023,66,4167
36,GATE (AIRA),06-01-2023,70,4545
36,GATE (AIRA),07-01-2023,114,7227
36,GATE (AIRA),08-01-2023,60,3735
36,GATE (AIRA),09-01-2023,30,1836
36,GATE (AIRA),10-01-2023,56,3348
36,GATE (AIRA),11-01-2023,92,5895
36,GATE (AIRA),12-01-2023,116,7128
36,GATE (AIRA),13-01-2023,72,4608
36,GATE (AIRA),14-01-2023,182,11367
36,GATE (AIRA),15-01-2023,107,6633
36,GATE (AIRA),16-01-2023,104,6444
36,GATE (AIRA),17-01-2023,94,5841
36,GATE (AIRA),18-01-2023,71,4374
36,GATE (AIRA),19-01-2023,83,5031
36,GATE (AIRA),20-01-2023,33,2025
36,GATE (AIRA),21-01-2023,98,6318
36,GATE (AIRA),22-01-2023,47,3051
36,GATE (AIRA),23-01-2023,64,3933
36,GATE (AIRA),24-01-2023,100,6138
36,GATE (AIRA),25-01-2023,80,4932
36,GATE (AIRA),26-01-2023,79,5004
36,GATE (AIRA),27-01-2023,72,4590
36,GATE (AIRA),28-01-2023,34,2097
36,GATE (AIRA),29-01-2023,67,4356
36,GATE (AIRA),30-01-2023,91,5922
37,GATE (HARG),15-11-2022,45,2835
37,GATE (HARG),16-11-2022,45,2835
37,GATE (HARG),17-11-2022,48,3024
37,GATE (HARG),18-11-2022,43,2709
37,GATE (HARG),19-11-2022,53,3339
37,GATE (HARG),21-11-2022,16,1008
37,GATE (HARG),22-11-2022,16,1008
37,GATE (HARG),23-11-2022,15,945
37,GATE (HARG),24-11-2022,37,2331
37,GATE (HARG),25-11-2022,47,2961
37,GATE (HARG),26-11-2022,54,3357
37,GATE (HARG),27-11-2022,60,3780
37,GATE (HARG),28-11-2022,44,2772
37,GATE (HARG),29-11-2022,58,3654
37,GATE (HARG),30-11-2022,61,3843
37,GATE (HARG),01-12-2022,43,2709
37,GATE (HARG),02-12-2022,18,1134
37,GATE (HARG),03-12-2022,14,882
37,GATE (HARG),04-12-2022,43,2709
37,GATE (HARG),05-12-2022,46,2898
37,GATE (HARG),06-12-2022,37,2331
37,GATE (HARG),07-12-2022,44,2772
37,GATE (HARG),08-12-2022,45,2835
37,GATE (HARG),09-12-2022,46,2898
37,GATE (HARG),10-12-2022,56,3528
37,GATE (HARG),11-12-2022,16,1008
37,GATE (HARG),12-12-2022,41,2583
37,GATE (HARG),13-12-2022,45,2835
37,GATE (HARG),14-12-2022,43,2709
37,GATE (HARG),15-12-2022,41,2583
37,GATE (HARG),16-12-2022,41,2583
37,GATE (HARG),17-12-2022,29,1827
37,GATE (HARG),18-12-2022,31,1908
37,GATE (HARG),19-12-2022,40,2520
37,GATE (HARG),20-12-2022,43,2709
37,GATE (HARG),21-12-2022,98,6174
37,GATE (HARG),22-12-2022,45,2835
37,GATE (HARG),23-12-2022,43,2709
37,GATE (HARG),24-12-2022,85,5355
37,GATE (HARG),25-12-2022,47,2961
37,GATE (HARG),26-12-2022,46,2898
37,GATE (HARG),27-12-2022,62,3906
37,GATE (HARG),28-12-2022,46,2898
37,GATE (HARG),29-12-2022,51,3213
37,GATE (HARG),30-12-2022,12,756
37,GATE (HARG),31-12-2022,25,1575
37,GATE (HARG),01-01-2023,17,1071
37,GATE (HARG),02-01-2023,16,1008
37,GATE (HARG),03-01-2023,9,567
37,GATE (HARG),04-01-2023,28,1764
37,GATE (HARG),05-01-2023,37,2331
37,GATE (HARG),06-01-2023,42,2646
37,GATE (HARG),07-01-2023,30,1890
37,GATE (HARG),08-01-2023,16,1008
37,GATE (HARG),09-01-2023,9,567
37,GATE (HARG),10-01-2023,8,504
37,GATE (HARG),11-01-2023,7,441
37,GATE (HARG),12-01-2023,15,945
37,GATE (HARG),13-01-2023,30,1890
37,GATE (HARG),14-01-2023,38,2394
37,GATE (HARG),15-01-2023,8,504
37,GATE (HARG),16-01-2023,37,2331
37,GATE (HARG),17-01-2023,33,2079
37,GATE (HARG),18-01-2023,31,1953
37,GATE (HARG),19-01-2023,29,1827
37,GATE (HARG),20-01-2023,16,1008
37,GATE (HARG),21-01-2023,27,1701
37,GATE (HARG),22-01-2023,31,1953
37,GATE (HARG),23-01-2023,29,1827
37,GATE (HARG),24-01-2023,30,1890
37,GATE (HARG),25-01-2023,29,1827
37,GATE (HARG),26-01-2023,32,2016
37,GATE (HARG),27-01-2023,31,1953
37,GATE (HARG),28-01-2023,36,2268
37,GATE (HARG),29-01-2023,36,2268
37,GATE (HARG),30-01-2023,23,1449
38,GATE (NANPARA),15-11-2022,7,576
38,GATE (NANPARA),16-11-2022,8,504
38,GATE (NANPARA),17-11-2022,8,504
38,GATE (NANPARA),18-11-2022,7,441
38,GATE (NANPARA),19-11-2022,8,504
38,GATE (NANPARA),21-11-2022,4,252
38,GATE (NANPARA),22-11-2022,3,225
38,GATE (NANPARA),23-11-2022,4,252
38,GATE (NANPARA),24-11-2022,8,504
38,GATE (NANPARA),25-11-2022,17,1071
38,GATE (NANPARA),26-11-2022,6,549
38,GATE (NANPARA),27-11-2022,8,504
38,GATE (NANPARA),28-11-2022,8,504
38,GATE (NANPARA),29-11-2022,8,504
38,GATE (NANPARA),30-11-2022,8,504
38,GATE (NANPARA),01-12-2022,7,576
38,GATE (NANPARA),02-12-2022,8,540
38,GATE (NANPARA),03-12-2022,8,504
38,GATE (NANPARA),04-12-2022,8,540
38,GATE (NANPARA),05-12-2022,8,504
38,GATE (NANPARA),06-12-2022,4,288
38,GATE (NANPARA),07-12-2022,2,261
38,GATE (NANPARA),08-12-2022,8,540
38,GATE (NANPARA),09-12-2022,5,315
38,GATE (NANPARA),10-12-2022,5,315
38,GATE (NANPARA),11-12-2022,3,324
38,GATE (NANPARA),12-12-2022,8,504
38,GATE (NANPARA),13-12-2022,5,315
38,GATE (NANPARA),14-12-2022,5,315
38,GATE (NANPARA),15-12-2022,4,324
38,GATE (NANPARA),16-12-2022,7,477
38,GATE (NANPARA),17-12-2022,5,315
38,GATE (NANPARA),18-12-2022,5,351
38,GATE (NANPARA),19-12-2022,3,324
38,GATE (NANPARA),20-12-2022,7,441
38,GATE (NANPARA),21-12-2022,1,63
38,GATE (NANPARA),22-12-2022,5,315
38,GATE (NANPARA),23-12-2022,2,126
38,GATE (NANPARA),24-12-2022,2,126
38,GATE (NANPARA),25-12-2022,6,378
38,GATE (NANPARA),26-12-2022,6,378
38,GATE (NANPARA),27-12-2022,5,315
38,GATE (NANPARA),28-12-2022,3,189
38,GATE (NANPARA),29-12-2022,4,387
38,GATE (NANPARA),01-01-2023,4,252
38,GATE (NANPARA),03-01-2023,8,504
38,GATE (NANPARA),04-01-2023,4,252
38,GATE (NANPARA),05-01-2023,7,441
38,GATE (NANPARA),06-01-2023,5,315
38,GATE (NANPARA),07-01-2023,4,252
38,GATE (NANPARA),08-01-2023,7,441
38,GATE (NANPARA),09-01-2023,4,252
38,GATE (NANPARA),10-01-2023,4,252
38,GATE (NANPARA),11-01-2023,1,198
38,GATE (NANPARA),12-01-2023,13,855
38,GATE (NANPARA),13-01-2023,12,756
38,GATE (NANPARA),14-01-2023,10,666
38,GATE (NANPARA),15-01-2023,13,855
38,GATE (NANPARA),16-01-2023,12,756
38,GATE (NANPARA),17-01-2023,4,252
38,GATE (NANPARA),18-01-2023,4,252
38,GATE (NANPARA),19-01-2023,5,450
38,GATE (NANPARA),20-01-2023,4,252
38,GATE (NANPARA),21-01-2023,4,252
38,GATE (NANPARA),22-01-2023,4,387
38,GATE (NANPARA),23-01-2023,3,225
38,GATE (NANPARA),24-01-2023,8,504
38,GATE (NANPARA),25-01-2023,7,576
38,GATE (NANPARA),26-01-2023,8,504
38,GATE (NANPARA),27-01-2023,5,315
38,GATE (NANPARA),28-01-2023,2,126
38,GATE (NANPARA),30-01-2023,3,225
39,BIRSINGHPUR,13-11-2022,17,495
39,BIRSINGHPUR,14-11-2022,18,540
39,BIRSINGHPUR,15-11-2022,37,990
39,BIRSINGHPUR,16-11-2022,38,927
39,BIRSINGHPUR,17-11-2022,27,891
39,BIRSINGHPUR,18-11-2022,8,306
39,BIRSINGHPUR,19-11-2022,25,801
39,BIRSINGHPUR,20-11-2022,27,783
39,BIRSINGHPUR,21-11-2022,20,711
39,BIRSINGHPUR,22-11-2022,33,999
39,BIRSINGHPUR,23-11-2022,29,1008
39,BIRSINGHPUR,24-11-2022,37,1341
39,BIRSINGHPUR,25-11-2022,43,1395
39,BIRSINGHPUR,26-11-2022,29,1197
39,BIRSINGHPUR,27-11-2022,28,1017
39,BIRSINGHPUR,28-11-2022,44,1548
39,BIRSINGHPUR,29-11-2022,40,1341
39,BIRSINGHPUR,30-11-2022,40,1530
39,BIRSINGHPUR,01-12-2022,29,1197
39,BIRSINGHPUR,02-12-2022,14,522
39,BIRSINGHPUR,03-12-2022,12,513
39,BIRSINGHPUR,04-12-2022,25,1017
39,BIRSINGHPUR,05-12-2022,21,702
39,BIRSINGHPUR,06-12-2022,35,1305
39,BIRSINGHPUR,07-12-2022,37,1314
39,BIRSINGHPUR,08-12-2022,13,504
39,BIRSINGHPUR,09-12-2022,29,1170
39,BIRSINGHPUR,10-12-2022,32,1224
39,BIRSINGHPUR,11-12-2022,27,810
39,BIRSINGHPUR,12-12-2022,26,981
39,BIRSINGHPUR,13-12-2022,29,1116
39,BIRSINGHPUR,14-12-2022,32,1089
39,BIRSINGHPUR,15-12-2022,24,810
39,BIRSINGHPUR,16-12-2022,23,819
39,BIRSINGHPUR,17-12-2022,38,1413
39,BIRSINGHPUR,18-12-2022,21,810
39,BIRSINGHPUR,19-12-2022,29,1008
39,BIRSINGHPUR,20-12-2022,30,1080
39,BIRSINGHPUR,21-12-2022,31,1098
39,BIRSINGHPUR,22-12-2022,27,999
39,BIRSINGHPUR,23-12-2022,32,1008
39,BIRSINGHPUR,24-12-2022,48,1539
39,BIRSINGHPUR,25-12-2022,30,972
39,BIRSINGHPUR,26-12-2022,26,1008
39,BIRSINGHPUR,27-12-2022,28,963
39,BIRSINGHPUR,28-12-2022,35,1170
39,BIRSINGHPUR,29-12-2022,25,936
39,BIRSINGHPUR,30-12-2022,29,1089
39,BIRSINGHPUR,31-12-2022,27,918
39,BIRSINGHPUR,01-01-2023,20,711
39,BIRSINGHPUR,02-01-2023,15,405
39,BIRSINGHPUR,03-01-2023,33,1188
39,BIRSINGHPUR,04-01-2023,30,1026
39,BIRSINGHPUR,05-01-2023,23,738
39,BIRSINGHPUR,06-01-2023,28,801
39,BIRSINGHPUR,07-01-2023,30,999
39,BIRSINGHPUR,08-01-2023,28,936
39,BIRSINGHPUR,09-01-2023,13,504
39,BIRSINGHPUR,10-01-2023,33,999
39,BIRSINGHPUR,11-01-2023,26,927
39,BIRSINGHPUR,12-01-2023,27,999
39,BIRSINGHPUR,13-01-2023,27,999
39,BIRSINGHPUR,14-01-2023,36,1080
39,BIRSINGHPUR,15-01-2023,23,819
39,BIRSINGHPUR,16-01-2023,30,1134
39,BIRSINGHPUR,17-01-2023,31,1125
39,BIRSINGHPUR,18-01-2023,27,999
39,BIRSINGHPUR,19-01-2023,28,1098
39,BIRSINGHPUR,20-01-2023,19,801
39,BIRSINGHPUR,21-01-2023,30,1080
39,BIRSINGHPUR,22-01-2023,9,297
39,BIRSINGHPUR,23-01-2023,30,999
39,BIRSINGHPUR,24-01-2023,17,576
39,BIRSINGHPUR,25-01-2023,15,621
39,BIRSINGHPUR,26-01-2023,33,999
39,BIRSINGHPUR,27-01-2023,27,999
39,BIRSINGHPUR,28-01-2023,40,1395
39,BIRSINGHPUR,29-01-2023,25,990
39,BIRSINGHPUR,30-01-2023,33,999
40,BETI SAHDEO,13-11-2022,4,72
40,BETI SAHDEO,14-11-2022,3,135
40,BETI SAHDEO,15-11-2022,16,342
40,BETI SAHDEO,16-11-2022,12,324
40,BETI SAHDEO,17-11-2022,11,360
40,BETI SAHDEO,18-11-2022,6,135
40,BETI SAHDEO,20-11-2022,8,252
40,BETI SAHDEO,21-11-2022,7,288
40,BETI SAHDEO,22-11-2022,18,513
40,BETI SAHDEO,23-11-2022,15,459
40,BETI SAHDEO,24-11-2022,12,486
40,BETI SAHDEO,25-11-2022,12,486
40,BETI SAHDEO,26-11-2022,10,396
40,BETI SAHDEO,27-11-2022,12,459
40,BETI SAHDEO,28-11-2022,14,603
40,BETI SAHDEO,29-11-2022,18,513
40,BETI SAHDEO,30-11-2022,19,504
40,BETI SAHDEO,01-12-2022,11,441
40,BETI SAHDEO,02-12-2022,11,360
40,BETI SAHDEO,03-12-2022,9,297
40,BETI SAHDEO,04-12-2022,10,396
40,BETI SAHDEO,05-12-2022,5,198
40,BETI SAHDEO,06-12-2022,9,405
40,BETI SAHDEO,07-12-2022,8,360
40,BETI SAHDEO,08-12-2022,10,396
40,BETI SAHDEO,09-12-2022,12,432
40,BETI SAHDEO,10-12-2022,15,621
40,BETI SAHDEO,11-12-2022,15,378
40,BETI SAHDEO,12-12-2022,13,477
40,BETI SAHDEO,13-12-2022,9,405
40,BETI SAHDEO,14-12-2022,13,504
40,BETI SAHDEO,15-12-2022,11,414
40,BETI SAHDEO,16-12-2022,11,387
40,BETI SAHDEO,17-12-2022,21,756
40,BETI SAHDEO,18-12-2022,12,378
40,BETI SAHDEO,19-12-2022,8,333
40,BETI SAHDEO,20-12-2022,10,396
40,BETI SAHDEO,21-12-2022,12,432
40,BETI SAHDEO,22-12-2022,9,405
40,BETI SAHDEO,23-12-2022,12,459
40,BETI SAHDEO,24-12-2022,11,468
40,BETI SAHDEO,25-12-2022,16,504
40,BETI SAHDEO,26-12-2022,10,396
40,BETI SAHDEO,27-12-2022,8,360
40,BETI SAHDEO,28-12-2022,9,405
40,BETI SAHDEO,29-12-2022,10,396
40,BETI SAHDEO,30-12-2022,15,513
40,BETI SAHDEO,31-12-2022,18,621
40,BETI SAHDEO,01-01-2023,10,369
40,BETI SAHDEO,02-01-2023,10,207
40,BETI SAHDEO,03-01-2023,17,603
40,BETI SAHDEO,04-01-2023,14,576
40,BETI SAHDEO,05-01-2023,13,531
40,BETI SAHDEO,06-01-2023,17,522
40,BETI SAHDEO,07-01-2023,14,522
40,BETI SAHDEO,08-01-2023,18,621
40,BETI SAHDEO,09-01-2023,13,504
40,BETI SAHDEO,10-01-2023,15,513
40,BETI SAHDEO,11-01-2023,15,540
40,BETI SAHDEO,12-01-2023,19,639
40,BETI SAHDEO,13-01-2023,15,567
40,BETI SAHDEO,14-01-2023,17,603
40,BETI SAHDEO,15-01-2023,15,540
40,BETI SAHDEO,16-01-2023,13,504
40,BETI SAHDEO,17-01-2023,15,540
40,BETI SAHDEO,18-01-2023,14,522
40,BETI SAHDEO,19-01-2023,18,702
40,BETI SAHDEO,20-01-2023,6,270
40,BETI SAHDEO,21-01-2023,15,621
40,BETI SAHDEO,22-01-2023,15,513
40,BETI SAHDEO,23-01-2023,12,459
40,BETI SAHDEO,24-01-2023,16,612
40,BETI SAHDEO,25-01-2023,18,621
40,BETI SAHDEO,26-01-2023,11,414
40,BETI SAHDEO,27-01-2023,19,612
40,BETI SAHDEO,28-01-2023,13,504
40,BETI SAHDEO,29-01-2023,13,504
40,BETI SAHDEO,30-01-2023,8,333
41,KAIRATIPURVA -I,12-12-2022,3,81
41,KAIRATIPURVA -I,13-12-2022,2,63
41,KAIRATIPURVA -I,14-12-2022,4,99
41,KAIRATIPURVA -I,15-12-2022,14,387
41,KAIRATIPURVA -I,17-12-2022,4,180
41,KAIRATIPURVA -I,19-12-2022,8,279
41,KAIRATIPURVA -I,20-12-2022,15,459
41,KAIRATIPURVA -I,21-12-2022,12,270
41,KAIRATIPURVA -I,22-12-2022,6,135
41,KAIRATIPURVA -I,23-12-2022,10,288
41,KAIRATIPURVA -I,24-12-2022,13,342
41,KAIRATIPURVA -I,25-12-2022,12,405
41,KAIRATIPURVA -I,26-12-2022,15,432
41,KAIRATIPURVA -I,27-12-2022,13,477
41,KAIRATIPURVA -I,28-12-2022,14,495
41,KAIRATIPURVA -I,29-12-2022,17,576
41,KAIRATIPURVA -I,30-12-2022,12,378
41,KAIRATIPURVA -I,31-12-2022,19,693
41,KAIRATIPURVA -I,01-01-2023,12,459
41,KAIRATIPURVA -I,02-01-2023,8,225
41,KAIRATIPURVA -I,03-01-2023,6,243
41,KAIRATIPURVA -I,04-01-2023,11,441
41,KAIRATIPURVA -I,05-01-2023,12,378
41,KAIRATIPURVA -I,06-01-2023,10,450
41,KAIRATIPURVA -I,07-01-2023,13,585
41,KAIRATIPURVA -I,08-01-2023,15,567
41,KAIRATIPURVA -I,09-01-2023,13,477
41,KAIRATIPURVA -I,10-01-2023,12,459
41,KAIRATIPURVA -I,11-01-2023,15,486
41,KAIRATIPURVA -I,12-01-2023,12,486
41,KAIRATIPURVA -I,13-01-2023,11,468
41,KAIRATIPURVA -I,14-01-2023,7,261
41,KAIRATIPURVA -I,15-01-2023,8,333
41,KAIRATIPURVA -I,16-01-2023,15,432
41,KAIRATIPURVA -I,17-01-2023,16,504
41,KAIRATIPURVA -I,18-01-2023,11,441
41,KAIRATIPURVA -I,19-01-2023,14,630
41,KAIRATIPURVA -I,20-01-2023,14,414
41,KAIRATIPURVA -I,21-01-2023,18,675
41,KAIRATIPURVA -I,22-01-2023,16,585
41,KAIRATIPURVA -I,23-01-2023,16,558
41,KAIRATIPURVA -I,24-01-2023,17,630
41,KAIRATIPURVA -I,25-01-2023,18,621
41,KAIRATIPURVA -I,27-01-2023,28,801
41,KAIRATIPURVA -I,28-01-2023,32,1143
41,KAIRATIPURVA -I,29-01-2023,18,702
41,KAIRATIPURVA -I,30-01-2023,21,648
43,KESHWAPUR KALAN,13-11-2022,4,126
43,KESHWAPUR KALAN,14-11-2022,4,180
43,KESHWAPUR KALAN,15-11-2022,4,180
43,KESHWAPUR KALAN,16-11-2022,7,315
43,KESHWAPUR KALAN,17-11-2022,9,297
43,KESHWAPUR KALAN,20-11-2022,2,90
43,KESHWAPUR KALAN,21-11-2022,2,63
43,KESHWAPUR KALAN,22-11-2022,2,36
43,KESHWAPUR KALAN,23-11-2022,4,99
43,KESHWAPUR KALAN,24-11-2022,11,387
43,KESHWAPUR KALAN,25-11-2022,15,594
43,KESHWAPUR KALAN,26-11-2022,12,486
43,KESHWAPUR KALAN,27-11-2022,5,198
43,KESHWAPUR KALAN,28-11-2022,8,360
43,KESHWAPUR KALAN,29-11-2022,13,558
43,KESHWAPUR KALAN,30-11-2022,8,360
43,KESHWAPUR KALAN,01-12-2022,9,351
43,KESHWAPUR KALAN,06-12-2022,9,378
43,KESHWAPUR KALAN,07-12-2022,10,423
43,KESHWAPUR KALAN,08-12-2022,6,243
43,KESHWAPUR KALAN,09-12-2022,7,315
43,KESHWAPUR KALAN,10-12-2022,7,315
43,KESHWAPUR KALAN,11-12-2022,6,270
43,KESHWAPUR KALAN,12-12-2022,7,315
43,KESHWAPUR KALAN,13-12-2022,7,315
43,KESHWAPUR KALAN,14-12-2022,4,180
43,KESHWAPUR KALAN,15-12-2022,7,315
43,KESHWAPUR KALAN,16-12-2022,8,333
43,KESHWAPUR KALAN,17-12-2022,5,225
43,KESHWAPUR KALAN,18-12-2022,7,315
43,KESHWAPUR KALAN,19-12-2022,9,405
43,KESHWAPUR KALAN,20-12-2022,10,423
43,KESHWAPUR KALAN,21-12-2022,9,405
43,KESHWAPUR KALAN,22-12-2022,8,333
43,KESHWAPUR KALAN,23-12-2022,7,288
43,KESHWAPUR KALAN,24-12-2022,11,441
43,KESHWAPUR KALAN,25-12-2022,10,396
43,KESHWAPUR KALAN,26-12-2022,10,450
43,KESHWAPUR KALAN,27-12-2022,11,468
43,KESHWAPUR KALAN,28-12-2022,9,405
43,KESHWAPUR KALAN,29-12-2022,9,405
43,KESHWAPUR KALAN,30-12-2022,9,351
43,KESHWAPUR KALAN,31-12-2022,8,333
43,KESHWAPUR KALAN,01-01-2023,8,306
43,KESHWAPUR KALAN,02-01-2023,4,180
43,KESHWAPUR KALAN,03-01-2023,13,558
43,KESHWAPUR KALAN,04-01-2023,8,360
43,KESHWAPUR KALAN,05-01-2023,9,378
43,KESHWAPUR KALAN,06-01-2023,8,333
43,KESHWAPUR KALAN,07-01-2023,9,405
43,KESHWAPUR KALAN,08-01-2023,9,351
43,KESHWAPUR KALAN,09-01-2023,8,360
43,KESHWAPUR KALAN,10-01-2023,9,378
43,KESHWAPUR KALAN,11-01-2023,10,396
43,KESHWAPUR KALAN,12-01-2023,10,423
43,KESHWAPUR KALAN,13-01-2023,8,333
43,KESHWAPUR KALAN,14-01-2023,9,378
43,KESHWAPUR KALAN,15-01-2023,9,405
43,KESHWAPUR KALAN,16-01-2023,9,378
43,KESHWAPUR KALAN,17-01-2023,6,270
43,KESHWAPUR KALAN,18-01-2023,9,405
43,KESHWAPUR KALAN,19-01-2023,8,360
43,KESHWAPUR KALAN,20-01-2023,5,225
43,KESHWAPUR KALAN,21-01-2023,7,288
43,KESHWAPUR KALAN,22-01-2023,7,315
43,KESHWAPUR KALAN,23-01-2023,7,288
43,KESHWAPUR KALAN,24-01-2023,12,513
43,KESHWAPUR KALAN,25-01-2023,9,405
43,KESHWAPUR KALAN,26-01-2023,3,135
43,KESHWAPUR KALAN,27-01-2023,4,126
43,KESHWAPUR KALAN,28-01-2023,6,243
43,KESHWAPUR KALAN,29-01-2023,5,198
43,KESHWAPUR KALAN,30-01-2023,8,360
45,HARDI,13-11-2022,10,207
45,HARDI,14-11-2022,7,180
45,HARDI,15-11-2022,12,432
45,HARDI,16-11-2022,14,387
45,HARDI,17-11-2022,17,441
45,HARDI,19-11-2022,8,171
45,HARDI,20-11-2022,2,63
45,HARDI,21-11-2022,5,144
45,HARDI,22-11-2022,7,207
45,HARDI,23-11-2022,7,180
45,HARDI,24-11-2022,18,594
45,HARDI,25-11-2022,10,342
45,HARDI,26-11-2022,19,531
45,HARDI,27-11-2022,13,315
45,HARDI,28-11-2022,14,414
45,HARDI,29-11-2022,11,333
45,HARDI,30-11-2022,10,423
45,HARDI,01-12-2022,12,378
45,HARDI,02-12-2022,10,342
45,HARDI,03-12-2022,11,333
45,HARDI,04-12-2022,11,333
45,HARDI,05-12-2022,6,189
45,HARDI,06-12-2022,11,279
45,HARDI,07-12-2022,8,252
45,HARDI,08-12-2022,7,315
45,HARDI,09-12-2022,11,333
45,HARDI,10-12-2022,9,270
45,HARDI,11-12-2022,8,225
45,HARDI,12-12-2022,8,279
45,HARDI,13-12-2022,5,144
45,HARDI,14-12-2022,11,333
45,HARDI,15-12-2022,7,153
45,HARDI,16-12-2022,6,189
45,HARDI,17-12-2022,10,315
45,HARDI,18-12-2022,8,252
45,HARDI,19-12-2022,9,216
45,HARDI,20-12-2022,1,45
45,HARDI,21-12-2022,1,45
45,HARDI,22-12-2022,7,234
45,HARDI,23-12-2022,6,216
45,HARDI,24-12-2022,8,360
45,HARDI,25-12-2022,15,378
45,HARDI,26-12-2022,10,387
45,HARDI,27-12-2022,12,378
45,HARDI,28-12-2022,15,432
45,HARDI,29-12-2022,12,405
45,HARDI,30-12-2022,8,279
45,HARDI,31-12-2022,4,126
45,HARDI,01-01-2023,1,18
45,HARDI,02-01-2023,4,153
45,HARDI,03-01-2023,12,324
45,HARDI,05-01-2023,12,324
45,HARDI,06-01-2023,11,333
45,HARDI,07-01-2023,9,270
45,HARDI,08-01-2023,7,261
45,HARDI,09-01-2023,11,306
45,HARDI,10-01-2023,8,279
45,HARDI,11-01-2023,8,306
45,HARDI,12-01-2023,12,405
45,HARDI,13-01-2023,7,315
45,HARDI,14-01-2023,4,126
45,HARDI,15-01-2023,9,297
45,HARDI,16-01-2023,13,369
45,HARDI,17-01-2023,11,387
45,HARDI,18-01-2023,11,414
45,HARDI,19-01-2023,7,180
45,HARDI,20-01-2023,5,171
45,HARDI,21-01-2023,7,261
45,HARDI,22-01-2023,6,189
45,HARDI,23-01-2023,8,252
45,HARDI,24-01-2023,13,369
45,HARDI,25-01-2023,13,396
45,HARDI,26-01-2023,2,63
45,HARDI,27-01-2023,5,198
45,HARDI,28-01-2023,7,234
45,HARDI,29-01-2023,5,198
45,HARDI,30-01-2023,10,342
47,MILIK / KHAJUHABAZAR,14-11-2022,7,126
47,MILIK / KHAJUHABAZAR,15-11-2022,9,243
47,MILIK / KHAJUHABAZAR,16-11-2022,3,108
47,MILIK / KHAJUHABAZAR,17-11-2022,2,90
47,MILIK / KHAJUHABAZAR,21-11-2022,6,216
47,MILIK / KHAJUHABAZAR,23-11-2022,5,171
47,MILIK / KHAJUHABAZAR,24-11-2022,8,225
47,MILIK / KHAJUHABAZAR,25-11-2022,9,243
47,MILIK / KHAJUHABAZAR,26-11-2022,4,180
47,MILIK / KHAJUHABAZAR,27-11-2022,6,216
47,MILIK / KHAJUHABAZAR,28-11-2022,9,270
47,MILIK / KHAJUHABAZAR,29-11-2022,4,180
47,MILIK / KHAJUHABAZAR,30-11-2022,5,198
47,MILIK / KHAJUHABAZAR,01-12-2022,7,207
47,MILIK / KHAJUHABAZAR,02-12-2022,7,234
47,MILIK / KHAJUHABAZAR,03-12-2022,6,216
47,MILIK / KHAJUHABAZAR,04-12-2022,6,189
47,MILIK / KHAJUHABAZAR,05-12-2022,4,99
47,MILIK / KHAJUHABAZAR,06-12-2022,6,270
47,MILIK / KHAJUHABAZAR,07-12-2022,6,243
47,MILIK / KHAJUHABAZAR,08-12-2022,6,189
47,MILIK / KHAJUHABAZAR,09-12-2022,8,279
47,MILIK / KHAJUHABAZAR,10-12-2022,6,216
47,MILIK / KHAJUHABAZAR,11-12-2022,4,153
47,MILIK / KHAJUHABAZAR,12-12-2022,5,198
47,MILIK / KHAJUHABAZAR,13-12-2022,10,315
47,MILIK / KHAJUHABAZAR,14-12-2022,9,297
47,MILIK / KHAJUHABAZAR,15-12-2022,13,396
47,MILIK / KHAJUHABAZAR,16-12-2022,8,306
47,MILIK / KHAJUHABAZAR,17-12-2022,8,360
47,MILIK / KHAJUHABAZAR,18-12-2022,8,306
47,MILIK / KHAJUHABAZAR,19-12-2022,7,207
47,MILIK / KHAJUHABAZAR,20-12-2022,9,351
47,MILIK / KHAJUHABAZAR,21-12-2022,13,423
47,MILIK / KHAJUHABAZAR,22-12-2022,10,315
47,MILIK / KHAJUHABAZAR,23-12-2022,8,279
47,MILIK / KHAJUHABAZAR,24-12-2022,11,306
47,MILIK / KHAJUHABAZAR,25-12-2022,13,396
47,MILIK / KHAJUHABAZAR,26-12-2022,12,378
47,MILIK / KHAJUHABAZAR,27-12-2022,11,333
47,MILIK / KHAJUHABAZAR,28-12-2022,11,333
47,MILIK / KHAJUHABAZAR,29-12-2022,8,306
47,MILIK / KHAJUHABAZAR,30-12-2022,10,315
47,MILIK / KHAJUHABAZAR,31-12-2022,7,207
47,MILIK / KHAJUHABAZAR,01-01-2023,6,216
47,MILIK / KHAJUHABAZAR,02-01-2023,5,171
47,MILIK / KHAJUHABAZAR,03-01-2023,9,297
47,MILIK / KHAJUHABAZAR,04-01-2023,11,306
47,MILIK / KHAJUHABAZAR,05-01-2023,12,351
47,MILIK / KHAJUHABAZAR,06-01-2023,13,450
47,MILIK / KHAJUHABAZAR,07-01-2023,7,261
47,MILIK / KHAJUHABAZAR,08-01-2023,8,333
47,MILIK / KHAJUHABAZAR,09-01-2023,9,324
47,MILIK / KHAJUHABAZAR,10-01-2023,15,324
47,MILIK / KHAJUHABAZAR,11-01-2023,8,306
47,MILIK / KHAJUHABAZAR,12-01-2023,15,432
47,MILIK / KHAJUHABAZAR,13-01-2023,11,387
47,MILIK / KHAJUHABAZAR,14-01-2023,5,198
47,MILIK / KHAJUHABAZAR,15-01-2023,11,387
47,MILIK / KHAJUHABAZAR,16-01-2023,13,423
47,MILIK / KHAJUHABAZAR,17-01-2023,11,360
47,MILIK / KHAJUHABAZAR,18-01-2023,8,333
47,MILIK / KHAJUHABAZAR,19-01-2023,11,360
47,MILIK / KHAJUHABAZAR,20-01-2023,8,279
47,MILIK / KHAJUHABAZAR,21-01-2023,12,405
47,MILIK / KHAJUHABAZAR,22-01-2023,8,171
47,MILIK / KHAJUHABAZAR,23-01-2023,7,288
47,MILIK / KHAJUHABAZAR,24-01-2023,9,324
47,MILIK / KHAJUHABAZAR,25-01-2023,8,198
47,MILIK / KHAJUHABAZAR,26-01-2023,5,171
47,MILIK / KHAJUHABAZAR,27-01-2023,2,90
47,MILIK / KHAJUHABAZAR,28-01-2023,1,45
47,MILIK / KHAJUHABAZAR,30-01-2023,8,225
48,SIKATIHA CHAPKAHA,13-11-2022,4,153
48,SIKATIHA CHAPKAHA,14-11-2022,15,324
48,SIKATIHA CHAPKAHA,15-11-2022,23,657
48,SIKATIHA CHAPKAHA,16-11-2022,19,720
48,SIKATIHA CHAPKAHA,17-11-2022,19,558
48,SIKATIHA CHAPKAHA,18-11-2022,5,144
48,SIKATIHA CHAPKAHA,20-11-2022,7,153
48,SIKATIHA CHAPKAHA,21-11-2022,9,216
48,SIKATIHA CHAPKAHA,22-11-2022,14,360
48,SIKATIHA CHAPKAHA,23-11-2022,14,522
48,SIKATIHA CHAPKAHA,24-11-2022,28,936
48,SIKATIHA CHAPKAHA,25-11-2022,29,873
48,SIKATIHA CHAPKAHA,26-11-2022,22,720
48,SIKATIHA CHAPKAHA,27-11-2022,28,828
48,SIKATIHA CHAPKAHA,28-11-2022,29,1089
48,SIKATIHA CHAPKAHA,29-11-2022,29,1035
48,SIKATIHA CHAPKAHA,30-11-2022,31,909
48,SIKATIHA CHAPKAHA,01-12-2022,20,765
48,SIKATIHA CHAPKAHA,02-12-2022,18,567
48,SIKATIHA CHAPKAHA,04-12-2022,10,315
48,SIKATIHA CHAPKAHA,05-12-2022,3,108
48,SIKATIHA CHAPKAHA,06-12-2022,20,549
48,SIKATIHA CHAPKAHA,07-12-2022,17,549
48,SIKATIHA CHAPKAHA,08-12-2022,20,549
48,SIKATIHA CHAPKAHA,09-12-2022,17,549
48,SIKATIHA CHAPKAHA,10-12-2022,30,918
48,SIKATIHA CHAPKAHA,11-12-2022,14,441
48,SIKATIHA CHAPKAHA,12-12-2022,22,828
48,SIKATIHA CHAPKAHA,13-12-2022,25,774
48,SIKATIHA CHAPKAHA,14-12-2022,24,756
48,SIKATIHA CHAPKAHA,15-12-2022,21,702
48,SIKATIHA CHAPKAHA,16-12-2022,23,711
48,SIKATIHA CHAPKAHA,17-12-2022,3,54
48,SIKATIHA CHAPKAHA,19-12-2022,1,18
48,SIKATIHA CHAPKAHA,20-12-2022,2,36
48,SIKATIHA CHAPKAHA,21-12-2022,10,234
48,SIKATIHA CHAPKAHA,22-12-2022,20,495
48,SIKATIHA CHAPKAHA,23-12-2022,17,468
48,SIKATIHA CHAPKAHA,24-12-2022,37,990
48,SIKATIHA CHAPKAHA,25-12-2022,16,585
48,SIKATIHA CHAPKAHA,26-12-2022,20,603
48,SIKATIHA CHAPKAHA,27-12-2022,21,702
48,SIKATIHA CHAPKAHA,28-12-2022,18,594
48,SIKATIHA CHAPKAHA,29-12-2022,24,540
48,SIKATIHA CHAPKAHA,30-12-2022,16,504
48,SIKATIHA CHAPKAHA,31-12-2022,15,513
48,SIKATIHA CHAPKAHA,01-01-2023,12,378
48,SIKATIHA CHAPKAHA,02-01-2023,5,198
48,SIKATIHA CHAPKAHA,03-01-2023,25,693
48,SIKATIHA CHAPKAHA,04-01-2023,8,252
48,SIKATIHA CHAPKAHA,05-01-2023,16,504
48,SIKATIHA CHAPKAHA,06-01-2023,17,468
48,SIKATIHA CHAPKAHA,07-01-2023,17,522
48,SIKATIHA CHAPKAHA,08-01-2023,23,603
48,SIKATIHA CHAPKAHA,09-01-2023,9,297
48,SIKATIHA CHAPKAHA,10-01-2023,11,360
48,SIKATIHA CHAPKAHA,11-01-2023,16,585
48,SIKATIHA CHAPKAHA,12-01-2023,18,594
48,SIKATIHA CHAPKAHA,13-01-2023,19,612
48,SIKATIHA CHAPKAHA,14-01-2023,16,558
48,SIKATIHA CHAPKAHA,15-01-2023,14,360
48,SIKATIHA CHAPKAHA,16-01-2023,19,612
48,SIKATIHA CHAPKAHA,17-01-2023,13,504
48,SIKATIHA CHAPKAHA,18-01-2023,9,297
48,SIKATIHA CHAPKAHA,19-01-2023,16,504
48,SIKATIHA CHAPKAHA,20-01-2023,13,342
48,SIKATIHA CHAPKAHA,21-01-2023,11,414
48,SIKATIHA CHAPKAHA,22-01-2023,8,252
48,SIKATIHA CHAPKAHA,23-01-2023,18,567
48,SIKATIHA CHAPKAHA,24-01-2023,25,612
48,SIKATIHA CHAPKAHA,25-01-2023,16,585
48,SIKATIHA CHAPKAHA,26-01-2023,16,531
48,SIKATIHA CHAPKAHA,27-01-2023,23,711
48,SIKATIHA CHAPKAHA,28-01-2023,23,738
48,SIKATIHA CHAPKAHA,29-01-2023,20,576
48,SIKATIHA CHAPKAHA,30-01-2023,25,666
50,MAHADEV /AMETHI - II,13-11-2022,14,441
50,MAHADEV /AMETHI - II,14-11-2022,24,567
50,MAHADEV /AMETHI - II,15-11-2022,23,603
50,MAHADEV /AMETHI - II,16-11-2022,11,468
50,MAHADEV /AMETHI - II,17-11-2022,15,621
50,MAHADEV /AMETHI - II,20-11-2022,4,153
50,MAHADEV /AMETHI - II,21-11-2022,5,171
50,MAHADEV /AMETHI - II,22-11-2022,8,279
50,MAHADEV /AMETHI - II,23-11-2022,7,261
50,MAHADEV /AMETHI - II,24-11-2022,9,216
50,MAHADEV /AMETHI - II,25-11-2022,22,774
50,MAHADEV /AMETHI - II,26-11-2022,23,765
50,MAHADEV /AMETHI - II,27-11-2022,12,459
50,MAHADEV /AMETHI - II,28-11-2022,26,954
50,MAHADEV /AMETHI - II,29-11-2022,20,792
50,MAHADEV /AMETHI - II,30-11-2022,19,720
50,MAHADEV /AMETHI - II,01-12-2022,20,738
50,MAHADEV /AMETHI - II,02-12-2022,5,198
50,MAHADEV /AMETHI - II,04-12-2022,10,396
50,MAHADEV /AMETHI - II,05-12-2022,11,414
50,MAHADEV /AMETHI - II,06-12-2022,16,531
50,MAHADEV /AMETHI - II,07-12-2022,13,531
50,MAHADEV /AMETHI - II,08-12-2022,9,351
50,MAHADEV /AMETHI - II,09-12-2022,12,486
50,MAHADEV /AMETHI - II,10-12-2022,11,495
50,MAHADEV /AMETHI - II,11-12-2022,12,432
50,MAHADEV /AMETHI - II,12-12-2022,17,603
50,MAHADEV /AMETHI - II,13-12-2022,13,531
50,MAHADEV /AMETHI - II,14-12-2022,13,504
50,MAHADEV /AMETHI - II,15-12-2022,21,729
50,MAHADEV /AMETHI - II,16-12-2022,18,567
50,MAHADEV /AMETHI - II,17-12-2022,14,603
50,MAHADEV /AMETHI - II,18-12-2022,18,567
50,MAHADEV /AMETHI - II,19-12-2022,16,585
50,MAHADEV /AMETHI - II,20-12-2022,19,720
50,MAHADEV /AMETHI - II,21-12-2022,19,747
50,MAHADEV /AMETHI - II,22-12-2022,16,639
50,MAHADEV /AMETHI - II,23-12-2022,16,585
50,MAHADEV /AMETHI - II,24-12-2022,16,612
50,MAHADEV /AMETHI - II,25-12-2022,16,612
50,MAHADEV /AMETHI - II,26-12-2022,19,720
50,MAHADEV /AMETHI - II,27-12-2022,20,684
50,MAHADEV /AMETHI - II,28-12-2022,20,738
50,MAHADEV /AMETHI - II,29-12-2022,18,702
50,MAHADEV /AMETHI - II,30-12-2022,18,702
50,MAHADEV /AMETHI - II,31-12-2022,16,612
50,MAHADEV /AMETHI - II,01-01-2023,12,432
50,MAHADEV /AMETHI - II,02-01-2023,7,207
50,MAHADEV /AMETHI - II,03-01-2023,28,936
50,MAHADEV /AMETHI - II,04-01-2023,17,711
50,MAHADEV /AMETHI - II,05-01-2023,18,594
50,MAHADEV /AMETHI - II,06-01-2023,18,567
50,MAHADEV /AMETHI - II,07-01-2023,15,621
50,MAHADEV /AMETHI - II,08-01-2023,16,639
50,MAHADEV /AMETHI - II,09-01-2023,15,513
50,MAHADEV /AMETHI - II,10-01-2023,19,639
50,MAHADEV /AMETHI - II,11-01-2023,17,630
50,MAHADEV /AMETHI - II,12-01-2023,16,693
50,MAHADEV /AMETHI - II,13-01-2023,16,639
50,MAHADEV /AMETHI - II,14-01-2023,18,756
50,MAHADEV /AMETHI - II,15-01-2023,21,810
50,MAHADEV /AMETHI - II,16-01-2023,16,639
50,MAHADEV /AMETHI - II,17-01-2023,14,576
50,MAHADEV /AMETHI - II,18-01-2023,14,603
50,MAHADEV /AMETHI - II,19-01-2023,14,522
50,MAHADEV /AMETHI - II,20-01-2023,10,423
50,MAHADEV /AMETHI - II,21-01-2023,16,504
50,MAHADEV /AMETHI - II,22-01-2023,8,306
50,MAHADEV /AMETHI - II,23-01-2023,8,279
50,MAHADEV /AMETHI - II,24-01-2023,16,693
50,MAHADEV /AMETHI - II,25-01-2023,20,603
50,MAHADEV /AMETHI - II,26-01-2023,11,495
50,MAHADEV /AMETHI - II,27-01-2023,17,603
50,MAHADEV /AMETHI - II,28-01-2023,15,594
50,MAHADEV /AMETHI - II,29-01-2023,14,522
50,MAHADEV /AMETHI - II,30-01-2023,12,432
52,RAIPURBELTUA/ISHANAG,13-11-2022,9,270
52,RAIPURBELTUA/ISHANAG,14-11-2022,12,378
52,RAIPURBELTUA/ISHANAG,15-11-2022,19,558
52,RAIPURBELTUA/ISHANAG,16-11-2022,23,576
52,RAIPURBELTUA/ISHANAG,17-11-2022,14,549
52,RAIPURBELTUA/ISHANAG,18-11-2022,8,333
52,RAIPURBELTUA/ISHANAG,19-11-2022,12,432
52,RAIPURBELTUA/ISHANAG,20-11-2022,6,216
52,RAIPURBELTUA/ISHANAG,21-11-2022,11,441
52,RAIPURBELTUA/ISHANAG,22-11-2022,11,279
52,RAIPURBELTUA/ISHANAG,23-11-2022,17,603
52,RAIPURBELTUA/ISHANAG,24-11-2022,28,909
52,RAIPURBELTUA/ISHANAG,25-11-2022,24,729
52,RAIPURBELTUA/ISHANAG,26-11-2022,15,621
52,RAIPURBELTUA/ISHANAG,27-11-2022,17,657
52,RAIPURBELTUA/ISHANAG,28-11-2022,19,693
52,RAIPURBELTUA/ISHANAG,29-11-2022,18,675
52,RAIPURBELTUA/ISHANAG,30-11-2022,17,603
52,RAIPURBELTUA/ISHANAG,01-12-2022,22,612
52,RAIPURBELTUA/ISHANAG,02-12-2022,21,702
52,RAIPURBELTUA/ISHANAG,03-12-2022,14,603
52,RAIPURBELTUA/ISHANAG,04-12-2022,18,594
52,RAIPURBELTUA/ISHANAG,05-12-2022,5,198
52,RAIPURBELTUA/ISHANAG,06-12-2022,17,603
52,RAIPURBELTUA/ISHANAG,07-12-2022,15,621
52,RAIPURBELTUA/ISHANAG,08-12-2022,17,684
52,RAIPURBELTUA/ISHANAG,09-12-2022,21,729
52,RAIPURBELTUA/ISHANAG,10-12-2022,20,684
52,RAIPURBELTUA/ISHANAG,11-12-2022,12,486
52,RAIPURBELTUA/ISHANAG,12-12-2022,18,729
52,RAIPURBELTUA/ISHANAG,13-12-2022,19,720
52,RAIPURBELTUA/ISHANAG,14-12-2022,23,711
52,RAIPURBELTUA/ISHANAG,15-12-2022,18,702
52,RAIPURBELTUA/ISHANAG,16-12-2022,22,693
52,RAIPURBELTUA/ISHANAG,17-12-2022,21,729
52,RAIPURBELTUA/ISHANAG,18-12-2022,22,720
52,RAIPURBELTUA/ISHANAG,19-12-2022,11,468
52,RAIPURBELTUA/ISHANAG,20-12-2022,17,522
52,RAIPURBELTUA/ISHANAG,21-12-2022,14,522
52,RAIPURBELTUA/ISHANAG,22-12-2022,17,603
52,RAIPURBELTUA/ISHANAG,23-12-2022,13,558
52,RAIPURBELTUA/ISHANAG,24-12-2022,17,603
52,RAIPURBELTUA/ISHANAG,25-12-2022,16,585
52,RAIPURBELTUA/ISHANAG,26-12-2022,20,738
52,RAIPURBELTUA/ISHANAG,27-12-2022,18,702
52,RAIPURBELTUA/ISHANAG,28-12-2022,21,675
52,RAIPURBELTUA/ISHANAG,29-12-2022,17,603
52,RAIPURBELTUA/ISHANAG,30-12-2022,21,594
52,RAIPURBELTUA/ISHANAG,31-12-2022,15,621
52,RAIPURBELTUA/ISHANAG,01-01-2023,12,432
52,RAIPURBELTUA/ISHANAG,02-01-2023,6,216
52,RAIPURBELTUA/ISHANAG,03-01-2023,23,819
52,RAIPURBELTUA/ISHANAG,04-01-2023,16,639
52,RAIPURBELTUA/ISHANAG,05-01-2023,17,603
52,RAIPURBELTUA/ISHANAG,06-01-2023,16,558
52,RAIPURBELTUA/ISHANAG,07-01-2023,18,621
52,RAIPURBELTUA/ISHANAG,08-01-2023,17,603
52,RAIPURBELTUA/ISHANAG,09-01-2023,17,549
52,RAIPURBELTUA/ISHANAG,10-01-2023,17,630
52,RAIPURBELTUA/ISHANAG,11-01-2023,17,630
52,RAIPURBELTUA/ISHANAG,12-01-2023,24,810
52,RAIPURBELTUA/ISHANAG,13-01-2023,21,756
52,RAIPURBELTUA/ISHANAG,14-01-2023,21,810
52,RAIPURBELTUA/ISHANAG,15-01-2023,25,801
52,RAIPURBELTUA/ISHANAG,16-01-2023,20,684
52,RAIPURBELTUA/ISHANAG,17-01-2023,21,810
52,RAIPURBELTUA/ISHANAG,18-01-2023,20,684
52,RAIPURBELTUA/ISHANAG,19-01-2023,25,882
52,RAIPURBELTUA/ISHANAG,20-01-2023,16,504
52,RAIPURBELTUA/ISHANAG,21-01-2023,17,738
52,RAIPURBELTUA/ISHANAG,22-01-2023,15,513
52,RAIPURBELTUA/ISHANAG,23-01-2023,13,450
52,RAIPURBELTUA/ISHANAG,24-01-2023,13,504
52,RAIPURBELTUA/ISHANAG,25-01-2023,13,504
52,RAIPURBELTUA/ISHANAG,26-01-2023,16,639
52,RAIPURBELTUA/ISHANAG,27-01-2023,18,729
52,RAIPURBELTUA/ISHANAG,28-01-2023,18,729
52,RAIPURBELTUA/ISHANAG,29-01-2023,19,720
52,RAIPURBELTUA/ISHANAG,30-01-2023,20,738
60,LAHBARI,15-11-2022,13,423
60,LAHBARI,16-11-2022,15,324
60,LAHBARI,17-11-2022,12,297
60,LAHBARI,21-11-2022,6,189
60,LAHBARI,22-11-2022,9,297
60,LAHBARI,23-11-2022,9,324
60,LAHBARI,24-11-2022,44,1494
60,LAHBARI,25-11-2022,24,810
60,LAHBARI,26-11-2022,20,819
60,LAHBARI,27-11-2022,25,828
60,LAHBARI,28-11-2022,25,1017
60,LAHBARI,29-11-2022,26,1035
60,LAHBARI,30-11-2022,26,927
60,LAHBARI,01-12-2022,17,630
60,LAHBARI,02-12-2022,9,351
60,LAHBARI,04-12-2022,12,378
60,LAHBARI,05-12-2022,12,297
60,LAHBARI,07-12-2022,2,90
60,LAHBARI,08-12-2022,7,261
60,LAHBARI,09-12-2022,13,450
60,LAHBARI,10-12-2022,15,432
60,LAHBARI,11-12-2022,8,252
60,LAHBARI,12-12-2022,17,603
60,LAHBARI,13-12-2022,17,603
60,LAHBARI,14-12-2022,17,603
60,LAHBARI,15-12-2022,15,513
60,LAHBARI,16-12-2022,11,306
60,LAHBARI,17-12-2022,14,414
60,LAHBARI,18-12-2022,12,459
60,LAHBARI,19-12-2022,1,45
60,LAHBARI,20-12-2022,24,810
60,LAHBARI,21-12-2022,11,414
60,LAHBARI,22-12-2022,15,540
60,LAHBARI,23-12-2022,11,414
60,LAHBARI,24-12-2022,25,828
60,LAHBARI,25-12-2022,16,531
60,LAHBARI,26-12-2022,17,549
60,LAHBARI,27-12-2022,20,630
60,LAHBARI,28-12-2022,17,495
60,LAHBARI,29-12-2022,18,540
60,LAHBARI,30-12-2022,13,504
60,LAHBARI,31-12-2022,10,315
60,LAHBARI,01-01-2023,1,45
60,LAHBARI,02-01-2023,8,225
60,LAHBARI,03-01-2023,27,810
60,LAHBARI,04-01-2023,2,90
60,LAHBARI,05-01-2023,14,468
60,LAHBARI,06-01-2023,13,504
60,LAHBARI,07-01-2023,14,522
60,LAHBARI,08-01-2023,14,522
60,LAHBARI,09-01-2023,5,198
60,LAHBARI,10-01-2023,12,459
60,LAHBARI,11-01-2023,15,486
60,LAHBARI,12-01-2023,14,414
60,LAHBARI,13-01-2023,13,477
60,LAHBARI,14-01-2023,19,612
60,LAHBARI,15-01-2023,14,522
60,LAHBARI,16-01-2023,14,468
60,LAHBARI,17-01-2023,20,711
60,LAHBARI,18-01-2023,14,495
60,LAHBARI,19-01-2023,12,486
60,LAHBARI,20-01-2023,10,288
60,LAHBARI,21-01-2023,11,387
60,LAHBARI,22-01-2023,17,549
60,LAHBARI,23-01-2023,13,396
60,LAHBARI,24-01-2023,17,603
60,LAHBARI,25-01-2023,19,612
60,LAHBARI,26-01-2023,9,324
60,LAHBARI,27-01-2023,8,306
60,LAHBARI,29-01-2023,8,279
60,LAHBARI,30-01-2023,10,288
61,BHAUVAPUR KALAN,14-11-2022,16,504
61,BHAUVAPUR KALAN,15-11-2022,16,504
61,BHAUVAPUR KALAN,17-11-2022,18,486
61,BHAUVAPUR KALAN,20-11-2022,5,90
61,BHAUVAPUR KALAN,21-11-2022,7,207
61,BHAUVAPUR KALAN,22-11-2022,9,405
61,BHAUVAPUR KALAN,23-11-2022,10,396
61,BHAUVAPUR KALAN,24-11-2022,6,216
61,BHAUVAPUR KALAN,25-11-2022,10,342
61,BHAUVAPUR KALAN,26-11-2022,26,900
61,BHAUVAPUR KALAN,27-11-2022,15,594
61,BHAUVAPUR KALAN,28-11-2022,15,540
61,BHAUVAPUR KALAN,29-11-2022,16,585
61,BHAUVAPUR KALAN,30-11-2022,19,639
61,BHAUVAPUR KALAN,01-12-2022,17,549
61,BHAUVAPUR KALAN,02-12-2022,5,225
61,BHAUVAPUR KALAN,04-12-2022,10,315
61,BHAUVAPUR KALAN,05-12-2022,9,324
61,BHAUVAPUR KALAN,06-12-2022,13,423
61,BHAUVAPUR KALAN,07-12-2022,9,378
61,BHAUVAPUR KALAN,08-12-2022,10,315
61,BHAUVAPUR KALAN,09-12-2022,10,288
61,BHAUVAPUR KALAN,10-12-2022,15,513
61,BHAUVAPUR KALAN,11-12-2022,9,297
61,BHAUVAPUR KALAN,12-12-2022,13,504
61,BHAUVAPUR KALAN,13-12-2022,11,414
61,BHAUVAPUR KALAN,14-12-2022,12,405
61,BHAUVAPUR KALAN,15-12-2022,10,396
61,BHAUVAPUR KALAN,17-12-2022,13,477
61,BHAUVAPUR KALAN,18-12-2022,18,594
61,BHAUVAPUR KALAN,19-12-2022,21,729
61,BHAUVAPUR KALAN,20-12-2022,21,783
61,BHAUVAPUR KALAN,21-12-2022,24,756
61,BHAUVAPUR KALAN,22-12-2022,16,585
61,BHAUVAPUR KALAN,23-12-2022,19,585
61,BHAUVAPUR KALAN,24-12-2022,16,585
61,BHAUVAPUR KALAN,25-12-2022,18,621
61,BHAUVAPUR KALAN,26-12-2022,16,585
61,BHAUVAPUR KALAN,27-12-2022,18,621
61,BHAUVAPUR KALAN,28-12-2022,16,558
61,BHAUVAPUR KALAN,29-12-2022,16,585
61,BHAUVAPUR KALAN,30-12-2022,16,531
61,BHAUVAPUR KALAN,31-12-2022,14,441
61,BHAUVAPUR KALAN,01-01-2023,11,387
61,BHAUVAPUR KALAN,02-01-2023,6,216
61,BHAUVAPUR KALAN,03-01-2023,21,810
61,BHAUVAPUR KALAN,04-01-2023,13,477
61,BHAUVAPUR KALAN,05-01-2023,18,648
61,BHAUVAPUR KALAN,06-01-2023,15,540
61,BHAUVAPUR KALAN,07-01-2023,15,567
61,BHAUVAPUR KALAN,08-01-2023,17,603
61,BHAUVAPUR KALAN,09-01-2023,17,603
61,BHAUVAPUR KALAN,10-01-2023,24,810
61,BHAUVAPUR KALAN,11-01-2023,26,819
61,BHAUVAPUR KALAN,12-01-2023,18,729
61,BHAUVAPUR KALAN,13-01-2023,14,468
61,BHAUVAPUR KALAN,14-01-2023,8,306
61,BHAUVAPUR KALAN,15-01-2023,6,216
61,BHAUVAPUR KALAN,16-01-2023,13,504
61,BHAUVAPUR KALAN,17-01-2023,19,693
61,BHAUVAPUR KALAN,18-01-2023,15,540
61,BHAUVAPUR KALAN,19-01-2023,19,693
61,BHAUVAPUR KALAN,20-01-2023,10,396
61,BHAUVAPUR KALAN,21-01-2023,19,693
61,BHAUVAPUR KALAN,22-01-2023,17,603
61,BHAUVAPUR KALAN,23-01-2023,14,522
61,BHAUVAPUR KALAN,24-01-2023,19,666
61,BHAUVAPUR KALAN,25-01-2023,18,702
61,BHAUVAPUR KALAN,26-01-2023,6,216
61,BHAUVAPUR KALAN,27-01-2023,10,396
61,BHAUVAPUR KALAN,28-01-2023,7,234
61,BHAUVAPUR KALAN,29-01-2023,11,441
61,BHAUVAPUR KALAN,30-01-2023,15,567
62,LALJI PURVA,13-11-2022,5,198
62,LALJI PURVA,14-11-2022,10,315
62,LALJI PURVA,15-11-2022,13,315
62,LALJI PURVA,16-11-2022,9,270
62,LALJI PURVA,17-11-2022,13,504
62,LALJI PURVA,20-11-2022,8,225
62,LALJI PURVA,21-11-2022,6,216
62,LALJI PURVA,22-11-2022,12,270
62,LALJI PURVA,23-11-2022,6,216
62,LALJI PURVA,24-11-2022,16,612
62,LALJI PURVA,25-11-2022,13,423
62,LALJI PURVA,26-11-2022,26,873
62,LALJI PURVA,27-11-2022,13,450
62,LALJI PURVA,28-11-2022,16,612
62,LALJI PURVA,29-11-2022,20,738
62,LALJI PURVA,30-11-2022,16,558
62,LALJI PURVA,01-12-2022,20,657
62,LALJI PURVA,04-12-2022,10,315
62,LALJI PURVA,05-12-2022,4,126
62,LALJI PURVA,08-12-2022,8,279
62,LALJI PURVA,09-12-2022,12,297
62,LALJI PURVA,10-12-2022,9,351
62,LALJI PURVA,11-12-2022,4,126
62,LALJI PURVA,12-12-2022,12,432
62,LALJI PURVA,14-12-2022,11,387
62,LALJI PURVA,15-12-2022,19,531
62,LALJI PURVA,16-12-2022,9,378
62,LALJI PURVA,17-12-2022,11,414
62,LALJI PURVA,18-12-2022,17,549
62,LALJI PURVA,19-12-2022,10,315
62,LALJI PURVA,20-12-2022,9,378
62,LALJI PURVA,21-12-2022,12,378
62,LALJI PURVA,22-12-2022,15,486
62,LALJI PURVA,23-12-2022,11,441
62,LALJI PURVA,24-12-2022,14,441
62,LALJI PURVA,25-12-2022,12,486
62,LALJI PURVA,26-12-2022,18,594
62,LALJI PURVA,27-12-2022,17,522
62,LALJI PURVA,28-12-2022,12,432
62,LALJI PURVA,29-12-2022,17,630
62,LALJI PURVA,30-12-2022,12,378
62,LALJI PURVA,31-12-2022,16,504
62,LALJI PURVA,01-01-2023,9,297
62,LALJI PURVA,02-01-2023,5,171
62,LALJI PURVA,03-01-2023,24,810
62,LALJI PURVA,04-01-2023,13,531
62,LALJI PURVA,05-01-2023,12,405
62,LALJI PURVA,06-01-2023,11,360
62,LALJI PURVA,07-01-2023,15,459
62,LALJI PURVA,08-01-2023,10,342
62,LALJI PURVA,09-01-2023,9,270
62,LALJI PURVA,10-01-2023,15,432
62,LALJI PURVA,11-01-2023,16,612
62,LALJI PURVA,12-01-2023,18,567
62,LALJI PURVA,13-01-2023,19,558
62,LALJI PURVA,14-01-2023,13,477
62,LALJI PURVA,15-01-2023,9,297
62,LALJI PURVA,16-01-2023,12,405
62,LALJI PURVA,17-01-2023,18,621
62,LALJI PURVA,18-01-2023,11,333
62,LALJI PURVA,19-01-2023,14,468
62,LALJI PURVA,20-01-2023,11,306
62,LALJI PURVA,21-01-2023,16,585
62,LALJI PURVA,22-01-2023,9,297
62,LALJI PURVA,23-01-2023,6,189
62,LALJI PURVA,24-01-2023,11,360
62,LALJI PURVA,25-01-2023,13,396
62,LALJI PURVA,26-01-2023,6,243
62,LALJI PURVA,27-01-2023,12,513
62,LALJI PURVA,29-01-2023,7,261
62,LALJI PURVA,30-01-2023,14,468
63,MUKHLISPUR/SEMARIYA,26-11-2022,46,882
63,MUKHLISPUR/SEMARIYA,28-11-2022,23,495
63,MUKHLISPUR/SEMARIYA,29-11-2022,15,459
63,MUKHLISPUR/SEMARIYA,30-11-2022,21,675
63,MUKHLISPUR/SEMARIYA,01-12-2022,14,468
63,MUKHLISPUR/SEMARIYA,02-12-2022,18,432
63,MUKHLISPUR/SEMARIYA,03-12-2022,22,477
63,MUKHLISPUR/SEMARIYA,04-12-2022,20,657
63,MUKHLISPUR/SEMARIYA,05-12-2022,15,513
63,MUKHLISPUR/SEMARIYA,06-12-2022,19,666
63,MUKHLISPUR/SEMARIYA,07-12-2022,18,648
63,MUKHLISPUR/SEMARIYA,08-12-2022,23,630
63,MUKHLISPUR/SEMARIYA,09-12-2022,25,882
63,MUKHLISPUR/SEMARIYA,10-12-2022,34,909
63,MUKHLISPUR/SEMARIYA,11-12-2022,18,621
63,MUKHLISPUR/SEMARIYA,12-12-2022,23,792
63,MUKHLISPUR/SEMARIYA,13-12-2022,26,927
63,MUKHLISPUR/SEMARIYA,14-12-2022,34,909
63,MUKHLISPUR/SEMARIYA,15-12-2022,23,765
63,MUKHLISPUR/SEMARIYA,16-12-2022,19,666
63,MUKHLISPUR/SEMARIYA,17-12-2022,14,414
63,MUKHLISPUR/SEMARIYA,18-12-2022,27,783
63,MUKHLISPUR/SEMARIYA,19-12-2022,39,999
63,MUKHLISPUR/SEMARIYA,20-12-2022,23,819
63,MUKHLISPUR/SEMARIYA,21-12-2022,34,882
63,MUKHLISPUR/SEMARIYA,22-12-2022,21,729
63,MUKHLISPUR/SEMARIYA,23-12-2022,19,693
63,MUKHLISPUR/SEMARIYA,24-12-2022,26,657
63,MUKHLISPUR/SEMARIYA,25-12-2022,27,675
63,MUKHLISPUR/SEMARIYA,26-12-2022,24,702
63,MUKHLISPUR/SEMARIYA,27-12-2022,24,729
63,MUKHLISPUR/SEMARIYA,28-12-2022,25,747
63,MUKHLISPUR/SEMARIYA,29-12-2022,24,729
63,MUKHLISPUR/SEMARIYA,30-12-2022,20,576
63,MUKHLISPUR/SEMARIYA,31-12-2022,18,567
63,MUKHLISPUR/SEMARIYA,01-01-2023,15,459
63,MUKHLISPUR/SEMARIYA,02-01-2023,6,162
63,MUKHLISPUR/SEMARIYA,03-01-2023,36,1134
63,MUKHLISPUR/SEMARIYA,04-01-2023,21,594
63,MUKHLISPUR/SEMARIYA,05-01-2023,29,711
63,MUKHLISPUR/SEMARIYA,06-01-2023,20,657
63,MUKHLISPUR/SEMARIYA,07-01-2023,26,765
63,MUKHLISPUR/SEMARIYA,08-01-2023,23,819
63,MUKHLISPUR/SEMARIYA,09-01-2023,9,324
63,MUKHLISPUR/SEMARIYA,10-01-2023,32,1008
63,MUKHLISPUR/SEMARIYA,11-01-2023,27,918
63,MUKHLISPUR/SEMARIYA,12-01-2023,21,648
63,MUKHLISPUR/SEMARIYA,13-01-2023,27,918
63,MUKHLISPUR/SEMARIYA,14-01-2023,34,990
63,MUKHLISPUR/SEMARIYA,15-01-2023,25,828
63,MUKHLISPUR/SEMARIYA,16-01-2023,22,720
63,MUKHLISPUR/SEMARIYA,17-01-2023,25,882
63,MUKHLISPUR/SEMARIYA,18-01-2023,9,297
63,MUKHLISPUR/SEMARIYA,19-01-2023,17,684
63,MUKHLISPUR/SEMARIYA,20-01-2023,21,594
63,MUKHLISPUR/SEMARIYA,21-01-2023,23,792
63,MUKHLISPUR/SEMARIYA,22-01-2023,9,297
63,MUKHLISPUR/SEMARIYA,23-01-2023,14,414
63,MUKHLISPUR/SEMARIYA,24-01-2023,22,828
63,MUKHLISPUR/SEMARIYA,25-01-2023,23,819
63,MUKHLISPUR/SEMARIYA,26-01-2023,19,720
63,MUKHLISPUR/SEMARIYA,27-01-2023,21,810
63,MUKHLISPUR/SEMARIYA,28-01-2023,27,837
63,MUKHLISPUR/SEMARIYA,29-01-2023,25,801
63,MUKHLISPUR/SEMARIYA,30-01-2023,28,855
65,DEVIPURVA,13-11-2022,22,396
65,DEVIPURVA,14-11-2022,28,585
65,DEVIPURVA,15-11-2022,32,630
65,DEVIPURVA,16-11-2022,31,693
65,DEVIPURVA,17-11-2022,23,576
65,DEVIPURVA,20-11-2022,12,459
65,DEVIPURVA,21-11-2022,12,297
65,DEVIPURVA,22-11-2022,13,369
65,DEVIPURVA,23-11-2022,20,468
65,DEVIPURVA,24-11-2022,32,657
65,DEVIPURVA,25-11-2022,22,639
65,DEVIPURVA,26-11-2022,36,810
65,DEVIPURVA,27-11-2022,37,936
65,DEVIPURVA,28-11-2022,27,972
65,DEVIPURVA,29-11-2022,23,981
65,DEVIPURVA,30-11-2022,29,927
65,DEVIPURVA,01-12-2022,38,954
65,DEVIPURVA,02-12-2022,35,954
65,DEVIPURVA,03-12-2022,13,504
65,DEVIPURVA,04-12-2022,26,738
65,DEVIPURVA,05-12-2022,22,720
65,DEVIPURVA,06-12-2022,22,909
65,DEVIPURVA,07-12-2022,21,891
65,DEVIPURVA,08-12-2022,25,855
65,DEVIPURVA,09-12-2022,34,990
65,DEVIPURVA,10-12-2022,38,981
65,DEVIPURVA,11-12-2022,16,612
65,DEVIPURVA,12-12-2022,27,999
65,DEVIPURVA,13-12-2022,29,927
65,DEVIPURVA,14-12-2022,38,981
65,DEVIPURVA,15-12-2022,30,756
65,DEVIPURVA,16-12-2022,18,594
65,DEVIPURVA,17-12-2022,25,774
65,DEVIPURVA,18-12-2022,36,1026
65,DEVIPURVA,19-12-2022,26,981
65,DEVIPURVA,20-12-2022,26,954
65,DEVIPURVA,21-12-2022,30,918
65,DEVIPURVA,22-12-2022,31,963
65,DEVIPURVA,23-12-2022,37,909
65,DEVIPURVA,24-12-2022,32,981
65,DEVIPURVA,25-12-2022,29,819
65,DEVIPURVA,26-12-2022,31,882
65,DEVIPURVA,27-12-2022,25,774
65,DEVIPURVA,28-12-2022,31,963
65,DEVIPURVA,29-12-2022,38,981
65,DEVIPURVA,30-12-2022,34,990
65,DEVIPURVA,31-12-2022,33,972
65,DEVIPURVA,01-01-2023,21,648
65,DEVIPURVA,02-01-2023,16,369
65,DEVIPURVA,03-01-2023,36,1080
65,DEVIPURVA,04-01-2023,64,1611
65,DEVIPURVA,05-01-2023,36,1161
65,DEVIPURVA,06-01-2023,33,918
65,DEVIPURVA,07-01-2023,34,963
65,DEVIPURVA,08-01-2023,37,1152
65,DEVIPURVA,09-01-2023,35,981
65,DEVIPURVA,10-01-2023,37,1098
65,DEVIPURVA,11-01-2023,39,1188
65,DEVIPURVA,12-01-2023,34,963
65,DEVIPURVA,13-01-2023,37,909
65,DEVIPURVA,14-01-2023,37,1044
65,DEVIPURVA,15-01-2023,32,981
65,DEVIPURVA,16-01-2023,36,972
65,DEVIPURVA,17-01-2023,34,882
65,DEVIPURVA,18-01-2023,29,927
65,DEVIPURVA,19-01-2023,40,1206
65,DEVIPURVA,20-01-2023,25,666
65,DEVIPURVA,21-01-2023,39,1188
65,DEVIPURVA,22-01-2023,28,936
65,DEVIPURVA,23-01-2023,17,414
65,DEVIPURVA,24-01-2023,27,918
65,DEVIPURVA,25-01-2023,33,999
65,DEVIPURVA,26-01-2023,31,990
65,DEVIPURVA,27-01-2023,32,1035
65,DEVIPURVA,28-01-2023,43,1341
65,DEVIPURVA,29-01-2023,30,999
65,DEVIPURVA,30-01-2023,34,963
71,KIRATIPURVA - III,13-11-2022,7,180
71,KIRATIPURVA - III,14-11-2022,6,189
71,KIRATIPURVA - III,15-11-2022,13,396
71,KIRATIPURVA - III,16-11-2022,4,180
71,KIRATIPURVA - III,17-11-2022,8,279
71,KIRATIPURVA - III,18-11-2022,6,216
71,KIRATIPURVA - III,21-11-2022,6,162
71,KIRATIPURVA - III,22-11-2022,6,243
71,KIRATIPURVA - III,23-11-2022,6,243
71,KIRATIPURVA - III,24-11-2022,19,612
71,KIRATIPURVA - III,25-11-2022,8,360
71,KIRATIPURVA - III,26-11-2022,11,387
71,KIRATIPURVA - III,27-11-2022,8,306
71,KIRATIPURVA - III,28-11-2022,11,360
71,KIRATIPURVA - III,29-11-2022,10,369
71,KIRATIPURVA - III,30-11-2022,12,432
71,KIRATIPURVA - III,01-12-2022,10,423
71,KIRATIPURVA - III,02-12-2022,13,423
71,KIRATIPURVA - III,03-12-2022,11,387
71,KIRATIPURVA - III,04-12-2022,7,234
71,KIRATIPURVA - III,05-12-2022,12,405
71,KIRATIPURVA - III,06-12-2022,11,387
71,KIRATIPURVA - III,07-12-2022,11,360
71,KIRATIPURVA - III,08-12-2022,12,432
71,KIRATIPURVA - III,09-12-2022,12,405
71,KIRATIPURVA - III,10-12-2022,10,396
71,KIRATIPURVA - III,11-12-2022,12,432
71,KIRATIPURVA - III,12-12-2022,15,513
71,KIRATIPURVA - III,13-12-2022,14,468
71,KIRATIPURVA - III,14-12-2022,13,450
71,KIRATIPURVA - III,15-12-2022,15,513
71,KIRATIPURVA - III,16-12-2022,12,432
71,KIRATIPURVA - III,17-12-2022,13,477
71,KIRATIPURVA - III,18-12-2022,1,18
71,KIRATIPURVA - III,19-12-2022,1,18
71,KIRATIPURVA - III,21-12-2022,7,207
71,KIRATIPURVA - III,22-12-2022,7,234
71,KIRATIPURVA - III,23-12-2022,5,198
71,KIRATIPURVA - III,24-12-2022,7,288
71,KIRATIPURVA - III,25-12-2022,10,342
71,KIRATIPURVA - III,26-12-2022,12,405
71,KIRATIPURVA - III,27-12-2022,11,414
71,KIRATIPURVA - III,28-12-2022,12,405
71,KIRATIPURVA - III,29-12-2022,11,360
71,KIRATIPURVA - III,30-12-2022,1,45
71,KIRATIPURVA - III,31-12-2022,6,216
71,KIRATIPURVA - III,01-01-2023,1,45
71,KIRATIPURVA - III,03-01-2023,5,225
71,KIRATIPURVA - III,04-01-2023,1,45
71,KIRATIPURVA - III,05-01-2023,6,189
71,KIRATIPURVA - III,06-01-2023,7,234
71,KIRATIPURVA - III,07-01-2023,8,306
71,KIRATIPURVA - III,08-01-2023,5,198
71,KIRATIPURVA - III,09-01-2023,5,225
71,KIRATIPURVA - III,10-01-2023,7,207
71,KIRATIPURVA - III,11-01-2023,7,207
71,KIRATIPURVA - III,12-01-2023,5,198
71,KIRATIPURVA - III,13-01-2023,5,198
71,KIRATIPURVA - III,14-01-2023,9,297
71,KIRATIPURVA - III,15-01-2023,9,378
71,KIRATIPURVA - III,16-01-2023,7,261
71,KIRATIPURVA - III,17-01-2023,11,306
71,KIRATIPURVA - III,18-01-2023,9,324
71,KIRATIPURVA - III,19-01-2023,9,297
71,KIRATIPURVA - III,20-01-2023,8,306
71,KIRATIPURVA - III,21-01-2023,11,360
71,KIRATIPURVA - III,22-01-2023,8,306
71,KIRATIPURVA - III,23-01-2023,8,225
71,KIRATIPURVA - III,24-01-2023,11,414
71,KIRATIPURVA - III,25-01-2023,9,405
71,KIRATIPURVA - III,26-01-2023,9,297
71,KIRATIPURVA - III,27-01-2023,8,333
71,KIRATIPURVA - III,28-01-2023,6,243
71,KIRATIPURVA - III,29-01-2023,3,108
73,BABURI,13-11-2022,16,342
73,BABURI,14-11-2022,23,495
73,BABURI,15-11-2022,22,477
73,BABURI,16-11-2022,9,216
73,BABURI,17-11-2022,15,270
73,BABURI,18-11-2022,6,162
73,BABURI,20-11-2022,8,279
73,BABURI,21-11-2022,11,279
73,BABURI,22-11-2022,10,342
73,BABURI,23-11-2022,10,315
73,BABURI,24-11-2022,21,567
73,BABURI,25-11-2022,16,423
73,BABURI,26-11-2022,18,540
73,BABURI,27-11-2022,16,585
73,BABURI,28-11-2022,18,621
73,BABURI,29-11-2022,24,486
73,BABURI,30-11-2022,18,675
73,BABURI,01-12-2022,21,513
73,BABURI,02-12-2022,15,513
73,BABURI,04-12-2022,13,450
73,BABURI,05-12-2022,13,423
73,BABURI,06-12-2022,16,531
73,BABURI,07-12-2022,17,576
73,BABURI,08-12-2022,19,531
73,BABURI,09-12-2022,19,504
73,BABURI,10-12-2022,18,486
73,BABURI,11-12-2022,10,396
73,BABURI,12-12-2022,16,612
73,BABURI,13-12-2022,18,621
73,BABURI,14-12-2022,19,477
73,BABURI,15-12-2022,18,405
73,BABURI,16-12-2022,16,585
73,BABURI,17-12-2022,11,441
73,BABURI,18-12-2022,15,459
73,BABURI,19-12-2022,18,567
73,BABURI,20-12-2022,13,504
73,BABURI,21-12-2022,16,531
73,BABURI,22-12-2022,15,459
73,BABURI,23-12-2022,19,558
73,BABURI,24-12-2022,20,603
73,BABURI,25-12-2022,19,639
73,BABURI,26-12-2022,21,594
73,BABURI,27-12-2022,19,450
73,BABURI,28-12-2022,20,576
73,BABURI,29-12-2022,18,567
73,BABURI,30-12-2022,21,621
73,BABURI,31-12-2022,13,450
73,BABURI,01-01-2023,11,360
73,BABURI,02-01-2023,7,207
73,BABURI,03-01-2023,23,630
73,BABURI,04-01-2023,26,819
73,BABURI,05-01-2023,15,540
73,BABURI,06-01-2023,17,549
73,BABURI,07-01-2023,12,405
73,BABURI,08-01-2023,21,621
73,BABURI,09-01-2023,21,486
73,BABURI,10-01-2023,21,648
73,BABURI,11-01-2023,16,558
73,BABURI,12-01-2023,19,558
73,BABURI,13-01-2023,19,558
73,BABURI,14-01-2023,19,585
73,BABURI,15-01-2023,18,621
73,BABURI,16-01-2023,16,477
73,BABURI,17-01-2023,24,648
73,BABURI,18-01-2023,16,585
73,BABURI,19-01-2023,17,495
73,BABURI,20-01-2023,11,279
73,BABURI,21-01-2023,16,504
73,BABURI,22-01-2023,14,387
73,BABURI,23-01-2023,7,288
73,BABURI,24-01-2023,17,468
73,BABURI,25-01-2023,17,522
73,BABURI,26-01-2023,18,594
73,BABURI,27-01-2023,18,459
73,BABURI,28-01-2023,17,603
73,BABURI,29-01-2023,18,594
73,BABURI,30-01-2023,19,585
75,AANVA (ARNI),21-11-2022,6,216
75,AANVA (ARNI),22-11-2022,4,180
75,AANVA (ARNI),23-11-2022,5,225
75,AANVA (ARNI),24-11-2022,6,216
75,AANVA (ARNI),25-11-2022,5,198
75,AANVA (ARNI),26-11-2022,5,198
75,AANVA (ARNI),27-11-2022,4,180
75,AANVA (ARNI),28-11-2022,6,270
75,AANVA (ARNI),29-11-2022,7,207
75,AANVA (ARNI),30-11-2022,5,225
75,AANVA (ARNI),01-12-2022,4,126
75,AANVA (ARNI),02-12-2022,4,180
75,AANVA (ARNI),04-12-2022,4,153
75,AANVA (ARNI),05-12-2022,4,153
75,AANVA (ARNI),06-12-2022,5,225
75,AANVA (ARNI),07-12-2022,6,216
75,AANVA (ARNI),08-12-2022,8,279
75,AANVA (ARNI),09-12-2022,8,306
75,AANVA (ARNI),10-12-2022,5,198
75,AANVA (ARNI),11-12-2022,5,198
75,AANVA (ARNI),12-12-2022,5,225
75,AANVA (ARNI),13-12-2022,5,225
75,AANVA (ARNI),14-12-2022,5,198
75,AANVA (ARNI),15-12-2022,3,108
75,AANVA (ARNI),16-12-2022,3,108
75,AANVA (ARNI),17-12-2022,6,243
75,AANVA (ARNI),18-12-2022,8,306
75,AANVA (ARNI),19-12-2022,5,225
75,AANVA (ARNI),20-12-2022,5,225
75,AANVA (ARNI),21-12-2022,7,234
75,AANVA (ARNI),22-12-2022,9,351
75,AANVA (ARNI),23-12-2022,8,333
75,AANVA (ARNI),24-12-2022,3,135
75,AANVA (ARNI),25-12-2022,5,198
75,AANVA (ARNI),26-12-2022,5,198
75,AANVA (ARNI),27-12-2022,5,198
75,AANVA (ARNI),28-12-2022,5,225
75,AANVA (ARNI),29-12-2022,5,225
75,AANVA (ARNI),30-12-2022,5,225
75,AANVA (ARNI),31-12-2022,5,198
75,AANVA (ARNI),01-01-2023,5,198
75,AANVA (ARNI),02-01-2023,5,225
75,AANVA (ARNI),03-01-2023,4,180
75,AANVA (ARNI),04-01-2023,5,198
75,AANVA (ARNI),05-01-2023,6,216
75,AANVA (ARNI),06-01-2023,5,225
75,AANVA (ARNI),07-01-2023,6,216
75,AANVA (ARNI),08-01-2023,5,198
75,AANVA (ARNI),09-01-2023,3,135
75,AANVA (ARNI),10-01-2023,1,45
75,AANVA (ARNI),12-01-2023,1,18
75,AANVA (ARNI),14-01-2023,3,108
75,AANVA (ARNI),15-01-2023,4,153
75,AANVA (ARNI),16-01-2023,7,261
75,AANVA (ARNI),17-01-2023,5,225
75,AANVA (ARNI),18-01-2023,5,225
75,AANVA (ARNI),19-01-2023,3,135
75,AANVA (ARNI),20-01-2023,6,216
75,AANVA (ARNI),21-01-2023,2,90
75,AANVA (ARNI),22-01-2023,2,90
75,AANVA (ARNI),24-01-2023,5,225
75,AANVA (ARNI),25-01-2023,2,90
75,AANVA (ARNI),26-01-2023,3,135
75,AANVA (ARNI),27-01-2023,2,90
75,AANVA (ARNI),28-01-2023,1,45
77,AMETHI IV,14-11-2022,23,414
77,AMETHI IV,15-11-2022,20,495
77,AMETHI IV,16-11-2022,16,315
77,AMETHI IV,17-11-2022,15,432
77,AMETHI IV,19-11-2022,7,180
77,AMETHI IV,20-11-2022,8,279
77,AMETHI IV,21-11-2022,18,540
77,AMETHI IV,22-11-2022,19,477
77,AMETHI IV,23-11-2022,19,504
77,AMETHI IV,24-11-2022,16,423
77,AMETHI IV,25-11-2022,25,450
77,AMETHI IV,26-11-2022,18,567
77,AMETHI IV,27-11-2022,22,585
77,AMETHI IV,29-11-2022,9,297
77,AMETHI IV,30-11-2022,19,504
77,AMETHI IV,01-12-2022,15,486
77,AMETHI IV,02-12-2022,13,342
77,AMETHI IV,03-12-2022,15,405
77,AMETHI IV,04-12-2022,20,549
77,AMETHI IV,05-12-2022,22,720
77,AMETHI IV,06-12-2022,19,558
77,AMETHI IV,07-12-2022,15,513
77,AMETHI IV,08-12-2022,16,504
77,AMETHI IV,09-12-2022,17,522
77,AMETHI IV,10-12-2022,18,513
77,AMETHI IV,11-12-2022,16,423
77,AMETHI IV,12-12-2022,18,513
77,AMETHI IV,13-12-2022,13,315
77,AMETHI IV,14-12-2022,20,522
77,AMETHI IV,15-12-2022,16,504
77,AMETHI IV,16-12-2022,19,504
77,AMETHI IV,17-12-2022,13,396
77,AMETHI IV,18-12-2022,18,594
77,AMETHI IV,19-12-2022,36,999
77,AMETHI IV,20-12-2022,21,567
77,AMETHI IV,21-12-2022,23,603
77,AMETHI IV,22-12-2022,18,513
77,AMETHI IV,23-12-2022,18,513
77,AMETHI IV,24-12-2022,18,513
77,AMETHI IV,25-12-2022,18,513
77,AMETHI IV,26-12-2022,19,504
77,AMETHI IV,27-12-2022,12,297
77,AMETHI IV,28-12-2022,9,297
77,AMETHI IV,29-12-2022,24,621
77,AMETHI IV,30-12-2022,19,585
77,AMETHI IV,31-12-2022,20,468
77,AMETHI IV,01-01-2023,11,333
77,AMETHI IV,02-01-2023,10,207
77,AMETHI IV,03-01-2023,27,810
77,AMETHI IV,04-01-2023,22,639
77,AMETHI IV,05-01-2023,22,585
77,AMETHI IV,06-01-2023,22,585
77,AMETHI IV,07-01-2023,18,594
77,AMETHI IV,08-01-2023,23,576
77,AMETHI IV,09-01-2023,19,531
77,AMETHI IV,10-01-2023,17,576
77,AMETHI IV,11-01-2023,21,621
77,AMETHI IV,12-01-2023,28,693
77,AMETHI IV,13-01-2023,19,612
77,AMETHI IV,14-01-2023,22,585
77,AMETHI IV,15-01-2023,12,405
77,AMETHI IV,16-01-2023,23,603
77,AMETHI IV,17-01-2023,24,648
77,AMETHI IV,18-01-2023,21,621
77,AMETHI IV,19-01-2023,21,486
77,AMETHI IV,20-01-2023,18,405
77,AMETHI IV,21-01-2023,19,639
77,AMETHI IV,22-01-2023,13,342
77,AMETHI IV,23-01-2023,13,396
77,AMETHI IV,24-01-2023,22,612
77,AMETHI IV,25-01-2023,19,585
77,AMETHI IV,26-01-2023,21,621
77,AMETHI IV,27-01-2023,25,612
77,AMETHI IV,28-01-2023,18,513
77,AMETHI IV,29-01-2023,22,612
77,AMETHI IV,30-01-2023,13,477
78,AMETHI  V,14-11-2022,14,360
78,AMETHI  V,15-11-2022,20,495
78,AMETHI  V,16-11-2022,13,396
78,AMETHI  V,17-11-2022,14,495
78,AMETHI  V,19-11-2022,5,198
78,AMETHI  V,20-11-2022,9,297
78,AMETHI  V,21-11-2022,15,378
78,AMETHI  V,22-11-2022,15,513
78,AMETHI  V,23-11-2022,18,513
78,AMETHI  V,24-11-2022,15,459
78,AMETHI  V,25-11-2022,10,342
78,AMETHI  V,26-11-2022,14,360
78,AMETHI  V,27-11-2022,15,513
78,AMETHI  V,28-11-2022,15,459
78,AMETHI  V,29-11-2022,14,387
78,AMETHI  V,30-11-2022,14,495
78,AMETHI  V,01-12-2022,16,504
78,AMETHI  V,02-12-2022,14,414
78,AMETHI  V,03-12-2022,9,324
78,AMETHI  V,04-12-2022,16,477
78,AMETHI  V,05-12-2022,17,603
78,AMETHI  V,06-12-2022,13,423
78,AMETHI  V,07-12-2022,14,414
78,AMETHI  V,08-12-2022,12,378
78,AMETHI  V,09-12-2022,11,333
78,AMETHI  V,10-12-2022,16,450
78,AMETHI  V,11-12-2022,9,297
78,AMETHI  V,12-12-2022,16,450
78,AMETHI  V,13-12-2022,11,414
78,AMETHI  V,14-12-2022,13,396
78,AMETHI  V,15-12-2022,13,396
78,AMETHI  V,16-12-2022,15,405
78,AMETHI  V,17-12-2022,15,405
78,AMETHI  V,18-12-2022,13,423
78,AMETHI  V,19-12-2022,12,432
78,AMETHI  V,20-12-2022,15,432
78,AMETHI  V,21-12-2022,14,414
78,AMETHI  V,22-12-2022,15,432
78,AMETHI  V,23-12-2022,14,441
78,AMETHI  V,24-12-2022,14,387
78,AMETHI  V,25-12-2022,13,450
78,AMETHI  V,26-12-2022,18,486
78,AMETHI  V,27-12-2022,14,468
78,AMETHI  V,28-12-2022,17,468
78,AMETHI  V,29-12-2022,12,405
78,AMETHI  V,30-12-2022,15,432
78,AMETHI  V,31-12-2022,8,306
78,AMETHI  V,01-01-2023,9,297
78,AMETHI  V,02-01-2023,7,234
78,AMETHI  V,03-01-2023,10,396
78,AMETHI  V,04-01-2023,14,387
78,AMETHI  V,05-01-2023,15,459
78,AMETHI  V,06-01-2023,16,450
78,AMETHI  V,07-01-2023,12,432
78,AMETHI  V,08-01-2023,13,396
78,AMETHI  V,09-01-2023,7,234
78,AMETHI  V,10-01-2023,12,270
78,AMETHI  V,11-01-2023,10,369
78,AMETHI  V,12-01-2023,10,342
78,AMETHI  V,13-01-2023,13,288
78,AMETHI  V,14-01-2023,14,468
78,AMETHI  V,15-01-2023,12,405
78,AMETHI  V,16-01-2023,12,378
78,AMETHI  V,17-01-2023,20,630
78,AMETHI  V,18-01-2023,12,324
78,AMETHI  V,19-01-2023,7,234
78,AMETHI  V,20-01-2023,7,234
78,AMETHI  V,21-01-2023,17,468
78,AMETHI  V,22-01-2023,8,225
78,AMETHI  V,23-01-2023,13,423
78,AMETHI  V,24-01-2023,15,513
78,AMETHI  V,25-01-2023,18,513
78,AMETHI  V,26-01-2023,18,594
78,AMETHI  V,27-01-2023,17,576
78,AMETHI  V,28-01-2023,16,504
78,AMETHI  V,29-01-2023,16,477
78,AMETHI  V,30-01-2023,12,351
80,DHAURAHARA,13-11-2022,22,477
80,DHAURAHARA,14-11-2022,28,585
80,DHAURAHARA,15-11-2022,29,549
80,DHAURAHARA,16-11-2022,26,549
80,DHAURAHARA,17-11-2022,22,585
80,DHAURAHARA,18-11-2022,15,324
80,DHAURAHARA,20-11-2022,9,189
80,DHAURAHARA,21-11-2022,8,198
80,DHAURAHARA,22-11-2022,18,351
80,DHAURAHARA,23-11-2022,18,432
80,DHAURAHARA,24-11-2022,29,684
80,DHAURAHARA,25-11-2022,25,504
80,DHAURAHARA,26-11-2022,27,702
80,DHAURAHARA,27-11-2022,24,675
80,DHAURAHARA,28-11-2022,24,729
80,DHAURAHARA,29-11-2022,27,702
80,DHAURAHARA,30-11-2022,34,774
80,DHAURAHARA,01-12-2022,29,738
80,DHAURAHARA,02-12-2022,18,648
80,DHAURAHARA,03-12-2022,11,360
80,DHAURAHARA,04-12-2022,19,585
80,DHAURAHARA,05-12-2022,21,540
80,DHAURAHARA,06-12-2022,22,558
80,DHAURAHARA,07-12-2022,30,702
80,DHAURAHARA,08-12-2022,26,549
80,DHAURAHARA,09-12-2022,24,621
80,DHAURAHARA,10-12-2022,19,666
80,DHAURAHARA,11-12-2022,17,495
80,DHAURAHARA,12-12-2022,28,639
80,DHAURAHARA,13-12-2022,24,648
80,DHAURAHARA,14-12-2022,26,684
80,DHAURAHARA,15-12-2022,23,576
80,DHAURAHARA,16-12-2022,19,477
80,DHAURAHARA,17-12-2022,23,630
80,DHAURAHARA,18-12-2022,22,639
80,DHAURAHARA,19-12-2022,26,630
80,DHAURAHARA,20-12-2022,27,702
80,DHAURAHARA,21-12-2022,28,666
80,DHAURAHARA,22-12-2022,22,666
80,DHAURAHARA,23-12-2022,29,657
80,DHAURAHARA,24-12-2022,26,630
80,DHAURAHARA,25-12-2022,33,729
80,DHAURAHARA,26-12-2022,29,657
80,DHAURAHARA,27-12-2022,17,495
80,DHAURAHARA,28-12-2022,25,639
80,DHAURAHARA,29-12-2022,21,567
80,DHAURAHARA,30-12-2022,24,594
80,DHAURAHARA,31-12-2022,26,603
80,DHAURAHARA,01-01-2023,15,432
80,DHAURAHARA,02-01-2023,7,207
80,DHAURAHARA,03-01-2023,34,828
80,DHAURAHARA,04-01-2023,24,594
80,DHAURAHARA,05-01-2023,27,675
80,DHAURAHARA,06-01-2023,22,666
80,DHAURAHARA,07-01-2023,30,702
80,DHAURAHARA,08-01-2023,27,756
80,DHAURAHARA,09-01-2023,27,675
80,DHAURAHARA,10-01-2023,31,801
80,DHAURAHARA,11-01-2023,33,783
80,DHAURAHARA,12-01-2023,28,801
80,DHAURAHARA,13-01-2023,23,684
80,DHAURAHARA,14-01-2023,22,666
80,DHAURAHARA,15-01-2023,21,648
80,DHAURAHARA,16-01-2023,25,801
80,DHAURAHARA,17-01-2023,33,810
80,DHAURAHARA,18-01-2023,23,738
80,DHAURAHARA,19-01-2023,25,720
80,DHAURAHARA,20-01-2023,23,522
80,DHAURAHARA,21-01-2023,26,711
80,DHAURAHARA,22-01-2023,18,513
80,DHAURAHARA,23-01-2023,16,504
80,DHAURAHARA,24-01-2023,18,567
80,DHAURAHARA,25-01-2023,22,585
80,DHAURAHARA,26-01-2023,28,747
80,DHAURAHARA,27-01-2023,30,783
80,DHAURAHARA,28-01-2023,29,765
80,DHAURAHARA,29-01-2023,31,801
80,DHAURAHARA,30-01-2023,27,648
82,DHAURAHARA II,13-11-2022,12,324
82,DHAURAHARA II,14-11-2022,12,270
82,DHAURAHARA II,15-11-2022,10,261
82,DHAURAHARA II,16-11-2022,12,432
82,DHAURAHARA II,17-11-2022,12,405
82,DHAURAHARA II,20-11-2022,3,54
82,DHAURAHARA II,21-11-2022,6,189
82,DHAURAHARA II,22-11-2022,8,252
82,DHAURAHARA II,23-11-2022,7,261
82,DHAURAHARA II,24-11-2022,19,423
82,DHAURAHARA II,25-11-2022,13,369
82,DHAURAHARA II,26-11-2022,11,360
82,DHAURAHARA II,27-11-2022,11,414
82,DHAURAHARA II,28-11-2022,13,423
82,DHAURAHARA II,29-11-2022,17,468
82,DHAURAHARA II,30-11-2022,15,486
82,DHAURAHARA II,01-12-2022,13,504
82,DHAURAHARA II,02-12-2022,3,108
82,DHAURAHARA II,04-12-2022,10,369
82,DHAURAHARA II,05-12-2022,8,279
82,DHAURAHARA II,06-12-2022,9,351
82,DHAURAHARA II,07-12-2022,14,360
82,DHAURAHARA II,08-12-2022,14,360
82,DHAURAHARA II,09-12-2022,13,477
82,DHAURAHARA II,10-12-2022,15,486
82,DHAURAHARA II,11-12-2022,12,405
82,DHAURAHARA II,12-12-2022,12,405
82,DHAURAHARA II,13-12-2022,17,468
82,DHAURAHARA II,14-12-2022,16,450
82,DHAURAHARA II,15-12-2022,10,288
82,DHAURAHARA II,16-12-2022,12,405
82,DHAURAHARA II,17-12-2022,19,720
82,DHAURAHARA II,18-12-2022,11,360
82,DHAURAHARA II,19-12-2022,8,252
82,DHAURAHARA II,20-12-2022,11,333
82,DHAURAHARA II,21-12-2022,10,342
82,DHAURAHARA II,22-12-2022,9,351
82,DHAURAHARA II,23-12-2022,9,324
82,DHAURAHARA II,24-12-2022,10,342
82,DHAURAHARA II,25-12-2022,13,369
82,DHAURAHARA II,26-12-2022,10,315
82,DHAURAHARA II,27-12-2022,12,432
82,DHAURAHARA II,28-12-2022,12,405
82,DHAURAHARA II,29-12-2022,10,342
82,DHAURAHARA II,30-12-2022,9,270
82,DHAURAHARA II,31-12-2022,9,324
82,DHAURAHARA II,01-01-2023,9,297
82,DHAURAHARA II,02-01-2023,8,279
82,DHAURAHARA II,03-01-2023,11,333
82,DHAURAHARA II,04-01-2023,18,594
82,DHAURAHARA II,05-01-2023,13,369
82,DHAURAHARA II,06-01-2023,13,369
82,DHAURAHARA II,07-01-2023,8,360
82,DHAURAHARA II,08-01-2023,12,297
82,DHAURAHARA II,09-01-2023,9,351
82,DHAURAHARA II,10-01-2023,11,387
82,DHAURAHARA II,11-01-2023,11,333
82,DHAURAHARA II,12-01-2023,12,405
82,DHAURAHARA II,13-01-2023,12,405
82,DHAURAHARA II,14-01-2023,12,324
82,DHAURAHARA II,15-01-2023,10,315
82,DHAURAHARA II,16-01-2023,12,432
82,DHAURAHARA II,17-01-2023,15,459
82,DHAURAHARA II,18-01-2023,11,306
82,DHAURAHARA II,19-01-2023,12,378
82,DHAURAHARA II,20-01-2023,8,279
82,DHAURAHARA II,21-01-2023,12,432
82,DHAURAHARA II,22-01-2023,8,306
82,DHAURAHARA II,23-01-2023,7,207
82,DHAURAHARA II,24-01-2023,9,297
82,DHAURAHARA II,25-01-2023,8,279
82,DHAURAHARA II,26-01-2023,11,414
82,DHAURAHARA II,27-01-2023,12,405
82,DHAURAHARA II,28-01-2023,11,414
82,DHAURAHARA II,29-01-2023,12,405
82,DHAURAHARA II,30-01-2023,8,252
83,KARHUHA,13-11-2022,16,396
83,KARHUHA,14-11-2022,21,486
83,KARHUHA,15-11-2022,24,540
83,KARHUHA,16-11-2022,16,396
83,KARHUHA,17-11-2022,16,612
83,KARHUHA,19-11-2022,6,162
83,KARHUHA,20-11-2022,9,270
83,KARHUHA,21-11-2022,8,225
83,KARHUHA,22-11-2022,11,306
83,KARHUHA,23-11-2022,17,387
83,KARHUHA,24-11-2022,7,180
83,KARHUHA,25-11-2022,30,810
83,KARHUHA,26-11-2022,15,378
83,KARHUHA,27-11-2022,16,504
83,KARHUHA,28-11-2022,18,513
83,KARHUHA,29-11-2022,17,549
83,KARHUHA,30-11-2022,22,585
83,KARHUHA,01-12-2022,16,612
83,KARHUHA,02-12-2022,15,378
83,KARHUHA,03-12-2022,13,396
83,KARHUHA,04-12-2022,21,702
83,KARHUHA,05-12-2022,22,666
83,KARHUHA,06-12-2022,19,558
83,KARHUHA,07-12-2022,17,549
83,KARHUHA,08-12-2022,14,522
83,KARHUHA,10-12-2022,13,396
83,KARHUHA,11-12-2022,13,396
83,KARHUHA,12-12-2022,8,198
83,KARHUHA,13-12-2022,22,504
83,KARHUHA,14-12-2022,21,621
83,KARHUHA,15-12-2022,13,396
83,KARHUHA,16-12-2022,21,513
83,KARHUHA,17-12-2022,17,576
83,KARHUHA,18-12-2022,18,459
83,KARHUHA,19-12-2022,20,603
83,KARHUHA,20-12-2022,24,756
83,KARHUHA,21-12-2022,19,639
83,KARHUHA,22-12-2022,18,513
83,KARHUHA,23-12-2022,17,468
83,KARHUHA,24-12-2022,21,594
83,KARHUHA,25-12-2022,18,594
83,KARHUHA,26-12-2022,25,612
83,KARHUHA,27-12-2022,23,603
83,KARHUHA,28-12-2022,19,612
83,KARHUHA,29-12-2022,19,585
83,KARHUHA,30-12-2022,21,567
83,KARHUHA,31-12-2022,22,639
83,KARHUHA,01-01-2023,14,441
83,KARHUHA,02-01-2023,18,405
83,KARHUHA,03-01-2023,33,918
83,KARHUHA,04-01-2023,27,729
83,KARHUHA,05-01-2023,30,837
83,KARHUHA,06-01-2023,29,846
83,KARHUHA,07-01-2023,21,648
83,KARHUHA,08-01-2023,22,531
83,KARHUHA,09-01-2023,17,522
83,KARHUHA,10-01-2023,18,567
83,KARHUHA,11-01-2023,29,711
83,KARHUHA,12-01-2023,23,657
83,KARHUHA,13-01-2023,21,675
83,KARHUHA,14-01-2023,23,576
83,KARHUHA,15-01-2023,21,540
83,KARHUHA,16-01-2023,21,621
83,KARHUHA,17-01-2023,25,720
83,KARHUHA,18-01-2023,21,621
83,KARHUHA,19-01-2023,18,567
83,KARHUHA,20-01-2023,17,495
83,KARHUHA,21-01-2023,20,684
83,KARHUHA,22-01-2023,17,495
83,KARHUHA,23-01-2023,14,387
83,KARHUHA,24-01-2023,20,603
83,KARHUHA,25-01-2023,21,621
83,KARHUHA,26-01-2023,26,684
83,KARHUHA,27-01-2023,15,513
83,KARHUHA,28-01-2023,19,450
83,KARHUHA,29-01-2023,19,639
83,KARHUHA,30-01-2023,20,603
85,BELWA PASURA,13-11-2022,2,63
85,BELWA PASURA,14-11-2022,6,135
85,BELWA PASURA,15-11-2022,9,162
85,BELWA PASURA,16-11-2022,14,252
85,BELWA PASURA,17-11-2022,14,252
85,BELWA PASURA,18-11-2022,15,324
85,BELWA PASURA,19-11-2022,19,369
85,BELWA PASURA,21-11-2022,13,234
85,BELWA PASURA,22-11-2022,17,360
85,BELWA PASURA,23-11-2022,16,396
85,BELWA PASURA,24-11-2022,24,459
85,BELWA PASURA,25-11-2022,16,369
85,BELWA PASURA,26-11-2022,13,369
85,BELWA PASURA,27-11-2022,15,486
85,BELWA PASURA,28-11-2022,20,441
85,BELWA PASURA,29-11-2022,12,351
85,BELWA PASURA,30-11-2022,16,396
85,BELWA PASURA,01-12-2022,17,360
85,BELWA PASURA,02-12-2022,9,162
85,BELWA PASURA,03-12-2022,13,234
85,BELWA PASURA,04-12-2022,18,378
85,BELWA PASURA,05-12-2022,10,261
85,BELWA PASURA,06-12-2022,20,414
85,BELWA PASURA,07-12-2022,11,225
85,BELWA PASURA,08-12-2022,17,387
85,BELWA PASURA,09-12-2022,13,261
85,BELWA PASURA,10-12-2022,18,378
85,BELWA PASURA,11-12-2022,20,387
85,BELWA PASURA,13-12-2022,6,108
85,BELWA PASURA,14-12-2022,9,189
85,BELWA PASURA,15-12-2022,8,198
85,BELWA PASURA,16-12-2022,10,207
85,BELWA PASURA,17-12-2022,9,216
85,BELWA PASURA,18-12-2022,14,252
85,BELWA PASURA,19-12-2022,10,234
85,BELWA PASURA,20-12-2022,17,387
85,BELWA PASURA,21-12-2022,26,522
85,BELWA PASURA,22-12-2022,11,252
85,BELWA PASURA,23-12-2022,11,279
85,BELWA PASURA,24-12-2022,11,252
85,BELWA PASURA,25-12-2022,14,306
85,BELWA PASURA,26-12-2022,11,306
85,BELWA PASURA,27-12-2022,10,288
85,BELWA PASURA,28-12-2022,10,261
85,BELWA PASURA,29-12-2022,15,351
85,BELWA PASURA,30-12-2022,13,288
85,BELWA PASURA,31-12-2022,10,207
85,BELWA PASURA,01-01-2023,6,189
85,BELWA PASURA,02-01-2023,9,216
85,BELWA PASURA,03-01-2023,21,486
85,BELWA PASURA,04-01-2023,13,342
85,BELWA PASURA,05-01-2023,12,270
85,BELWA PASURA,06-01-2023,11,306
85,BELWA PASURA,07-01-2023,1,18
85,BELWA PASURA,08-01-2023,2,36
85,BELWA PASURA,09-01-2023,8,144
85,BELWA PASURA,10-01-2023,3,54
85,BELWA PASURA,11-01-2023,4,72
85,BELWA PASURA,12-01-2023,9,243
85,BELWA PASURA,14-01-2023,20,387
85,BELWA PASURA,15-01-2023,13,396
85,BELWA PASURA,16-01-2023,14,306
85,BELWA PASURA,17-01-2023,14,279
85,BELWA PASURA,18-01-2023,14,279
85,BELWA PASURA,19-01-2023,12,216
85,BELWA PASURA,20-01-2023,8,198
85,BELWA PASURA,23-01-2023,3,54
85,BELWA PASURA,25-01-2023,12,216
85,BELWA PASURA,26-01-2023,11,252
85,BELWA PASURA,27-01-2023,11,252
85,BELWA PASURA,28-01-2023,11,279
85,BELWA PASURA,29-01-2023,15,297
85,BELWA PASURA,30-01-2023,16,342
86,JUNGLE MATERA,08-12-2022,8,144
86,JUNGLE MATERA,09-12-2022,6,108
86,JUNGLE MATERA,11-12-2022,7,153
86,JUNGLE MATERA,12-12-2022,8,198
86,JUNGLE MATERA,13-12-2022,6,135
86,JUNGLE MATERA,14-12-2022,8,198
86,JUNGLE MATERA,15-12-2022,8,144
86,JUNGLE MATERA,16-12-2022,9,189
86,JUNGLE MATERA,17-12-2022,10,207
86,JUNGLE MATERA,19-12-2022,13,342
86,JUNGLE MATERA,20-12-2022,14,333
86,JUNGLE MATERA,21-12-2022,11,306
86,JUNGLE MATERA,22-12-2022,7,261
86,JUNGLE MATERA,23-12-2022,7,288
86,JUNGLE MATERA,24-12-2022,4,126
86,JUNGLE MATERA,25-12-2022,7,261
86,JUNGLE MATERA,26-12-2022,12,324
86,JUNGLE MATERA,27-12-2022,9,243
86,JUNGLE MATERA,28-12-2022,13,315
86,JUNGLE MATERA,29-12-2022,14,333
86,JUNGLE MATERA,30-12-2022,18,486
86,JUNGLE MATERA,31-12-2022,19,477
86,JUNGLE MATERA,01-01-2023,12,378
86,JUNGLE MATERA,02-01-2023,4,72
86,JUNGLE MATERA,03-01-2023,8,225
86,JUNGLE MATERA,04-01-2023,10,234
86,JUNGLE MATERA,05-01-2023,10,288
86,JUNGLE MATERA,06-01-2023,12,270
86,JUNGLE MATERA,07-01-2023,11,279
86,JUNGLE MATERA,08-01-2023,10,288
86,JUNGLE MATERA,09-01-2023,13,288
86,JUNGLE MATERA,10-01-2023,8,279
86,JUNGLE MATERA,11-01-2023,9,216
86,JUNGLE MATERA,12-01-2023,13,315
86,JUNGLE MATERA,13-01-2023,10,315
86,JUNGLE MATERA,14-01-2023,6,162
86,JUNGLE MATERA,15-01-2023,12,297
86,JUNGLE MATERA,16-01-2023,10,234
86,JUNGLE MATERA,17-01-2023,5,144
86,JUNGLE MATERA,18-01-2023,9,216
86,JUNGLE MATERA,19-01-2023,7,180
86,JUNGLE MATERA,20-01-2023,11,333
86,JUNGLE MATERA,21-01-2023,7,180
86,JUNGLE MATERA,22-01-2023,5,117
86,JUNGLE MATERA,23-01-2023,7,234
86,JUNGLE MATERA,24-01-2023,6,162
86,JUNGLE MATERA,25-01-2023,6,162
86,JUNGLE MATERA,26-01-2023,1,18
86,JUNGLE MATERA,27-01-2023,1,18
86,JUNGLE MATERA,28-01-2023,1,18
87,PACHGHARA,13-11-2022,18,378
87,PACHGHARA,14-11-2022,22,531
87,PACHGHARA,15-11-2022,25,639
87,PACHGHARA,16-11-2022,15,351
87,PACHGHARA,17-11-2022,12,351
87,PACHGHARA,20-11-2022,6,108
87,PACHGHARA,21-11-2022,8,279
87,PACHGHARA,22-11-2022,12,324
87,PACHGHARA,23-11-2022,13,342
87,PACHGHARA,24-11-2022,12,351
87,PACHGHARA,25-11-2022,8,198
87,PACHGHARA,26-11-2022,26,657
87,PACHGHARA,27-11-2022,28,558
87,PACHGHARA,28-11-2022,26,684
87,PACHGHARA,29-11-2022,21,621
87,PACHGHARA,30-11-2022,15,621
87,PACHGHARA,01-12-2022,21,567
87,PACHGHARA,02-12-2022,13,423
87,PACHGHARA,03-12-2022,6,243
87,PACHGHARA,04-12-2022,12,324
87,PACHGHARA,05-12-2022,9,270
87,PACHGHARA,06-12-2022,20,468
87,PACHGHARA,07-12-2022,16,558
87,PACHGHARA,08-12-2022,6,243
87,PACHGHARA,09-12-2022,15,513
87,PACHGHARA,10-12-2022,9,351
87,PACHGHARA,11-12-2022,13,369
87,PACHGHARA,12-12-2022,11,360
87,PACHGHARA,13-12-2022,14,468
87,PACHGHARA,14-12-2022,13,477
87,PACHGHARA,15-12-2022,12,405
87,PACHGHARA,16-12-2022,14,387
87,PACHGHARA,17-12-2022,14,495
87,PACHGHARA,18-12-2022,12,486
87,PACHGHARA,19-12-2022,12,405
87,PACHGHARA,20-12-2022,16,558
87,PACHGHARA,21-12-2022,17,468
87,PACHGHARA,22-12-2022,16,477
87,PACHGHARA,23-12-2022,11,360
87,PACHGHARA,24-12-2022,13,423
87,PACHGHARA,25-12-2022,20,630
87,PACHGHARA,26-12-2022,19,585
87,PACHGHARA,27-12-2022,15,513
87,PACHGHARA,28-12-2022,16,477
87,PACHGHARA,29-12-2022,20,522
87,PACHGHARA,30-12-2022,18,594
87,PACHGHARA,31-12-2022,20,630
87,PACHGHARA,01-01-2023,24,729
87,PACHGHARA,02-01-2023,8,252
87,PACHGHARA,03-01-2023,21,702
87,PACHGHARA,04-01-2023,17,468
87,PACHGHARA,05-01-2023,18,486
87,PACHGHARA,06-01-2023,22,585
87,PACHGHARA,07-01-2023,13,531
87,PACHGHARA,08-01-2023,21,594
87,PACHGHARA,09-01-2023,24,702
87,PACHGHARA,10-01-2023,14,441
87,PACHGHARA,11-01-2023,19,639
87,PACHGHARA,12-01-2023,19,585
87,PACHGHARA,13-01-2023,25,666
87,PACHGHARA,14-01-2023,8,252
87,PACHGHARA,15-01-2023,6,162
87,PACHGHARA,16-01-2023,15,486
87,PACHGHARA,17-01-2023,14,495
87,PACHGHARA,18-01-2023,17,414
87,PACHGHARA,19-01-2023,16,558
87,PACHGHARA,20-01-2023,14,360
87,PACHGHARA,21-01-2023,14,387
87,PACHGHARA,22-01-2023,19,477
87,PACHGHARA,23-01-2023,13,369
87,PACHGHARA,24-01-2023,14,549
87,PACHGHARA,25-01-2023,24,675
87,PACHGHARA,26-01-2023,11,387
87,PACHGHARA,27-01-2023,18,621
87,PACHGHARA,28-01-2023,8,279
87,PACHGHARA,29-01-2023,17,576
87,PACHGHARA,30-01-2023,15,459
88,KALUWAPUR,13-11-2022,22,423
88,KALUWAPUR,14-11-2022,19,477
88,KALUWAPUR,15-11-2022,22,450
88,KALUWAPUR,16-11-2022,18,405
88,KALUWAPUR,17-11-2022,16,396
88,KALUWAPUR,20-11-2022,9,378
88,KALUWAPUR,21-11-2022,15,432
88,KALUWAPUR,22-11-2022,10,315
88,KALUWAPUR,23-11-2022,17,360
88,KALUWAPUR,24-11-2022,31,963
88,KALUWAPUR,25-11-2022,37,936
88,KALUWAPUR,26-11-2022,38,1278
88,KALUWAPUR,27-11-2022,22,828
88,KALUWAPUR,28-11-2022,32,738
88,KALUWAPUR,29-11-2022,30,810
88,KALUWAPUR,30-11-2022,25,801
88,KALUWAPUR,01-12-2022,17,630
88,KALUWAPUR,02-12-2022,12,405
88,KALUWAPUR,04-12-2022,18,540
88,KALUWAPUR,05-12-2022,18,621
88,KALUWAPUR,06-12-2022,21,621
88,KALUWAPUR,07-12-2022,23,603
88,KALUWAPUR,08-12-2022,18,567
88,KALUWAPUR,09-12-2022,19,639
88,KALUWAPUR,10-12-2022,18,594
88,KALUWAPUR,11-12-2022,16,396
88,KALUWAPUR,12-12-2022,24,702
88,KALUWAPUR,13-12-2022,27,702
88,KALUWAPUR,14-12-2022,25,720
88,KALUWAPUR,15-12-2022,23,738
88,KALUWAPUR,16-12-2022,22,720
88,KALUWAPUR,17-12-2022,19,585
88,KALUWAPUR,18-12-2022,25,639
88,KALUWAPUR,19-12-2022,21,702
88,KALUWAPUR,20-12-2022,28,909
88,KALUWAPUR,21-12-2022,28,909
88,KALUWAPUR,22-12-2022,20,522
88,KALUWAPUR,23-12-2022,21,594
88,KALUWAPUR,24-12-2022,23,630
88,KALUWAPUR,25-12-2022,16,450
88,KALUWAPUR,26-12-2022,20,468
88,KALUWAPUR,27-12-2022,20,522
88,KALUWAPUR,28-12-2022,17,522
88,KALUWAPUR,29-12-2022,19,558
88,KALUWAPUR,30-12-2022,16,558
88,KALUWAPUR,31-12-2022,19,504
88,KALUWAPUR,01-01-2023,21,513
88,KALUWAPUR,02-01-2023,7,180
88,KALUWAPUR,03-01-2023,29,684
88,KALUWAPUR,04-01-2023,25,639
88,KALUWAPUR,05-01-2023,32,792
88,KALUWAPUR,06-01-2023,27,810
88,KALUWAPUR,07-01-2023,22,612
88,KALUWAPUR,08-01-2023,22,612
88,KALUWAPUR,09-01-2023,27,756
88,KALUWAPUR,10-01-2023,24,702
88,KALUWAPUR,11-01-2023,26,657
88,KALUWAPUR,12-01-2023,25,666
88,KALUWAPUR,13-01-2023,24,702
88,KALUWAPUR,14-01-2023,30,783
88,KALUWAPUR,15-01-2023,28,774
88,KALUWAPUR,16-01-2023,27,810
88,KALUWAPUR,17-01-2023,23,765
88,KALUWAPUR,18-01-2023,28,801
88,KALUWAPUR,19-01-2023,27,783
88,KALUWAPUR,20-01-2023,15,432
88,KALUWAPUR,21-01-2023,18,594
88,KALUWAPUR,22-01-2023,12,405
88,KALUWAPUR,23-01-2023,17,468
88,KALUWAPUR,24-01-2023,9,297
88,KALUWAPUR,25-01-2023,11,333
88,KALUWAPUR,26-01-2023,3,108
88,KALUWAPUR,27-01-2023,33,1026
88,KALUWAPUR,28-01-2023,23,657
88,KALUWAPUR,29-01-2023,16,531
88,KALUWAPUR,30-01-2023,27,783
91,PRATAPI BEHAR,13-11-2022,9,243
91,PRATAPI BEHAR,14-11-2022,15,351
91,PRATAPI BEHAR,15-11-2022,12,432
91,PRATAPI BEHAR,16-11-2022,11,360
91,PRATAPI BEHAR,17-11-2022,9,351
91,PRATAPI BEHAR,19-11-2022,3,108
91,PRATAPI BEHAR,21-11-2022,4,126
91,PRATAPI BEHAR,22-11-2022,8,171
91,PRATAPI BEHAR,23-11-2022,7,180
91,PRATAPI BEHAR,24-11-2022,20,522
91,PRATAPI BEHAR,25-11-2022,5,144
91,PRATAPI BEHAR,26-11-2022,15,459
91,PRATAPI BEHAR,27-11-2022,13,477
91,PRATAPI BEHAR,28-11-2022,14,387
91,PRATAPI BEHAR,29-11-2022,6,270
91,PRATAPI BEHAR,30-11-2022,9,324
91,PRATAPI BEHAR,01-12-2022,11,387
91,PRATAPI BEHAR,02-12-2022,12,405
91,PRATAPI BEHAR,03-12-2022,7,234
91,PRATAPI BEHAR,04-12-2022,10,396
91,PRATAPI BEHAR,05-12-2022,5,198
91,PRATAPI BEHAR,06-12-2022,8,306
91,PRATAPI BEHAR,07-12-2022,9,351
91,PRATAPI BEHAR,08-12-2022,11,252
91,PRATAPI BEHAR,09-12-2022,11,414
91,PRATAPI BEHAR,10-12-2022,9,378
91,PRATAPI BEHAR,11-12-2022,8,306
91,PRATAPI BEHAR,12-12-2022,7,261
91,PRATAPI BEHAR,13-12-2022,8,279
91,PRATAPI BEHAR,14-12-2022,11,360
91,PRATAPI BEHAR,15-12-2022,8,252
91,PRATAPI BEHAR,16-12-2022,11,306
91,PRATAPI BEHAR,17-12-2022,11,333
91,PRATAPI BEHAR,18-12-2022,11,468
91,PRATAPI BEHAR,19-12-2022,8,333
91,PRATAPI BEHAR,20-12-2022,6,243
91,PRATAPI BEHAR,21-12-2022,8,306
91,PRATAPI BEHAR,22-12-2022,11,360
91,PRATAPI BEHAR,23-12-2022,11,360
91,PRATAPI BEHAR,24-12-2022,7,234
91,PRATAPI BEHAR,25-12-2022,13,450
91,PRATAPI BEHAR,26-12-2022,12,378
91,PRATAPI BEHAR,27-12-2022,12,378
91,PRATAPI BEHAR,28-12-2022,11,333
91,PRATAPI BEHAR,29-12-2022,15,405
91,PRATAPI BEHAR,30-12-2022,12,405
91,PRATAPI BEHAR,31-12-2022,9,351
91,PRATAPI BEHAR,01-01-2023,8,279
91,PRATAPI BEHAR,02-01-2023,5,198
91,PRATAPI BEHAR,03-01-2023,20,630
91,PRATAPI BEHAR,04-01-2023,8,306
91,PRATAPI BEHAR,05-01-2023,8,252
91,PRATAPI BEHAR,06-01-2023,7,288
91,PRATAPI BEHAR,07-01-2023,10,315
91,PRATAPI BEHAR,08-01-2023,12,486
91,PRATAPI BEHAR,09-01-2023,11,360
91,PRATAPI BEHAR,10-01-2023,11,360
91,PRATAPI BEHAR,11-01-2023,11,360
91,PRATAPI BEHAR,12-01-2023,12,405
91,PRATAPI BEHAR,13-01-2023,11,360
91,PRATAPI BEHAR,14-01-2023,8,252
91,PRATAPI BEHAR,15-01-2023,8,306
91,PRATAPI BEHAR,16-01-2023,9,351
91,PRATAPI BEHAR,17-01-2023,7,288
91,PRATAPI BEHAR,18-01-2023,9,378
91,PRATAPI BEHAR,19-01-2023,6,162
91,PRATAPI BEHAR,20-01-2023,11,306
91,PRATAPI BEHAR,21-01-2023,9,297
91,PRATAPI BEHAR,22-01-2023,8,306
91,PRATAPI BEHAR,23-01-2023,13,396
91,PRATAPI BEHAR,24-01-2023,9,351
91,PRATAPI BEHAR,25-01-2023,12,432
91,PRATAPI BEHAR,26-01-2023,8,252
91,PRATAPI BEHAR,27-01-2023,12,378
91,PRATAPI BEHAR,28-01-2023,9,324
91,PRATAPI BEHAR,29-01-2023,9,324
91,PRATAPI BEHAR,30-01-2023,7,261
92,MURI,13-11-2022,10,207
92,MURI,14-11-2022,8,198
92,MURI,15-11-2022,6,270
92,MURI,16-11-2022,7,207
92,MURI,17-11-2022,5,198
92,MURI,18-11-2022,2,90
92,MURI,20-11-2022,6,135
92,MURI,21-11-2022,3,135
92,MURI,22-11-2022,5,144
92,MURI,23-11-2022,5,198
92,MURI,24-11-2022,2,90
92,MURI,25-11-2022,10,315
92,MURI,26-11-2022,13,423
92,MURI,27-11-2022,14,414
92,MURI,28-11-2022,13,423
92,MURI,29-11-2022,11,360
92,MURI,30-11-2022,12,378
92,MURI,01-12-2022,9,351
92,MURI,02-12-2022,9,378
92,MURI,03-12-2022,7,234
92,MURI,04-12-2022,10,423
92,MURI,05-12-2022,5,198
92,MURI,06-12-2022,5,198
92,MURI,07-12-2022,7,234
92,MURI,08-12-2022,3,135
92,MURI,10-12-2022,5,225
92,MURI,11-12-2022,2,90
92,MURI,12-12-2022,3,135
92,MURI,13-12-2022,7,288
92,MURI,14-12-2022,8,333
92,MURI,15-12-2022,1,45
92,MURI,17-12-2022,7,234
92,MURI,19-12-2022,1,45
92,MURI,20-12-2022,10,315
92,MURI,21-12-2022,1,45
92,MURI,22-12-2022,6,270
92,MURI,23-12-2022,8,279
92,MURI,24-12-2022,4,180
92,MURI,25-12-2022,4,180
92,MURI,26-12-2022,3,135
92,MURI,27-12-2022,5,198
92,MURI,28-12-2022,2,90
92,MURI,29-12-2022,6,216
92,MURI,30-12-2022,2,63
92,MURI,31-12-2022,3,108
92,MURI,01-01-2023,1,18
92,MURI,02-01-2023,3,108
92,MURI,03-01-2023,3,108
92,MURI,04-01-2023,1,45
92,MURI,05-01-2023,5,225
92,MURI,06-01-2023,7,207
92,MURI,07-01-2023,4,126
92,MURI,08-01-2023,5,198
92,MURI,09-01-2023,5,198
92,MURI,10-01-2023,7,207
92,MURI,11-01-2023,5,171
92,MURI,12-01-2023,6,162
92,MURI,13-01-2023,6,243
92,MURI,14-01-2023,6,189
92,MURI,15-01-2023,7,207
92,MURI,16-01-2023,7,207
92,MURI,17-01-2023,5,225
92,MURI,18-01-2023,5,198
92,MURI,19-01-2023,5,144
92,MURI,20-01-2023,5,171
92,MURI,21-01-2023,5,198
92,MURI,22-01-2023,5,171
92,MURI,23-01-2023,6,216
92,MURI,24-01-2023,5,198
92,MURI,25-01-2023,7,207
92,MURI,26-01-2023,6,216
92,MURI,27-01-2023,8,252
92,MURI,28-01-2023,5,198
92,MURI,29-01-2023,7,234
92,MURI,30-01-2023,9,324
93,SHEKHPUR,16-11-2022,16,288
93,SHEKHPUR,17-11-2022,18,324
93,SHEKHPUR,20-11-2022,9,162
93,SHEKHPUR,21-11-2022,10,207
93,SHEKHPUR,22-11-2022,9,216
93,SHEKHPUR,23-11-2022,10,234
93,SHEKHPUR,24-11-2022,16,396
93,SHEKHPUR,25-11-2022,11,387
93,SHEKHPUR,26-11-2022,12,270
93,SHEKHPUR,27-11-2022,13,234
93,SHEKHPUR,28-11-2022,22,477
93,SHEKHPUR,29-11-2022,20,441
93,SHEKHPUR,30-11-2022,12,378
93,SHEKHPUR,01-12-2022,10,342
93,SHEKHPUR,02-12-2022,13,315
93,SHEKHPUR,03-12-2022,13,315
93,SHEKHPUR,04-12-2022,17,387
93,SHEKHPUR,05-12-2022,9,297
93,SHEKHPUR,06-12-2022,9,270
93,SHEKHPUR,07-12-2022,11,360
93,SHEKHPUR,08-12-2022,13,342
93,SHEKHPUR,09-12-2022,7,261
93,SHEKHPUR,13-12-2022,16,504
93,SHEKHPUR,15-12-2022,12,405
93,SHEKHPUR,16-12-2022,15,351
93,SHEKHPUR,17-12-2022,22,639
93,SHEKHPUR,18-12-2022,15,405
93,SHEKHPUR,19-12-2022,10,288
93,SHEKHPUR,20-12-2022,24,486
93,SHEKHPUR,21-12-2022,19,558
93,SHEKHPUR,22-12-2022,14,360
93,SHEKHPUR,23-12-2022,14,414
93,SHEKHPUR,24-12-2022,15,432
93,SHEKHPUR,25-12-2022,15,324
93,SHEKHPUR,26-12-2022,22,477
93,SHEKHPUR,27-12-2022,19,477
93,SHEKHPUR,28-12-2022,16,450
93,SHEKHPUR,29-12-2022,17,495
93,SHEKHPUR,30-12-2022,25,639
93,SHEKHPUR,31-12-2022,18,513
93,SHEKHPUR,01-01-2023,18,405
93,SHEKHPUR,02-01-2023,5,144
93,SHEKHPUR,03-01-2023,20,468
93,SHEKHPUR,04-01-2023,13,315
93,SHEKHPUR,05-01-2023,19,423
93,SHEKHPUR,06-01-2023,18,405
93,SHEKHPUR,07-01-2023,15,405
93,SHEKHPUR,08-01-2023,17,414
93,SHEKHPUR,09-01-2023,17,333
93,SHEKHPUR,10-01-2023,18,432
93,SHEKHPUR,11-01-2023,15,405
93,SHEKHPUR,12-01-2023,21,486
93,SHEKHPUR,13-01-2023,18,486
93,SHEKHPUR,14-01-2023,18,486
93,SHEKHPUR,15-01-2023,16,450
93,SHEKHPUR,16-01-2023,13,369
93,SHEKHPUR,17-01-2023,15,297
93,SHEKHPUR,18-01-2023,18,432
93,SHEKHPUR,19-01-2023,18,378
93,SHEKHPUR,20-01-2023,12,324
93,SHEKHPUR,21-01-2023,19,477
93,SHEKHPUR,22-01-2023,15,432
93,SHEKHPUR,23-01-2023,15,378
93,SHEKHPUR,24-01-2023,17,522
93,SHEKHPUR,25-01-2023,17,468
93,SHEKHPUR,26-01-2023,12,297
93,SHEKHPUR,27-01-2023,16,396
93,SHEKHPUR,28-01-2023,18,486
93,SHEKHPUR,29-01-2023,21,513
93,SHEKHPUR,30-01-2023,18,378
94,BHATPURVA -II,16-11-2022,6,108
94,BHATPURVA -II,17-11-2022,9,162
94,BHATPURVA -II,20-11-2022,2,90
94,BHATPURVA -II,21-11-2022,6,135
94,BHATPURVA -II,22-11-2022,4,72
94,BHATPURVA -II,23-11-2022,3,135
94,BHATPURVA -II,24-11-2022,9,162
94,BHATPURVA -II,25-11-2022,4,99
94,BHATPURVA -II,26-11-2022,5,144
94,BHATPURVA -II,27-11-2022,8,225
94,BHATPURVA -II,28-11-2022,6,162
94,BHATPURVA -II,29-11-2022,6,162
94,BHATPURVA -II,30-11-2022,9,189
94,BHATPURVA -II,01-12-2022,6,135
94,BHATPURVA -II,02-12-2022,4,126
94,BHATPURVA -II,04-12-2022,5,90
94,BHATPURVA -II,05-12-2022,3,108
94,BHATPURVA -II,06-12-2022,4,153
94,BHATPURVA -II,07-12-2022,3,108
94,BHATPURVA -II,08-12-2022,5,117
94,BHATPURVA -II,09-12-2022,4,99
94,BHATPURVA -II,10-12-2022,6,162
94,BHATPURVA -II,11-12-2022,5,90
94,BHATPURVA -II,12-12-2022,5,117
94,BHATPURVA -II,13-12-2022,8,198
94,BHATPURVA -II,14-12-2022,5,198
94,BHATPURVA -II,15-12-2022,6,108
94,BHATPURVA -II,16-12-2022,4,126
94,BHATPURVA -II,17-12-2022,6,189
94,BHATPURVA -II,18-12-2022,4,99
94,BHATPURVA -II,19-12-2022,4,126
94,BHATPURVA -II,20-12-2022,4,99
94,BHATPURVA -II,21-12-2022,3,108
94,BHATPURVA -II,22-12-2022,3,54
94,BHATPURVA -II,23-12-2022,4,99
94,BHATPURVA -II,24-12-2022,3,135
94,BHATPURVA -II,25-12-2022,5,90
94,BHATPURVA -II,26-12-2022,6,135
94,BHATPURVA -II,27-12-2022,7,153
94,BHATPURVA -II,28-12-2022,5,171
94,BHATPURVA -II,29-12-2022,6,162
94,BHATPURVA -II,30-12-2022,5,144
94,BHATPURVA -II,31-12-2022,5,144
94,BHATPURVA -II,01-01-2023,4,153
94,BHATPURVA -II,02-01-2023,5,144
94,BHATPURVA -II,03-01-2023,3,81
94,BHATPURVA -II,04-01-2023,7,126
94,BHATPURVA -II,05-01-2023,1,45
94,BHATPURVA -II,06-01-2023,5,117
94,BHATPURVA -II,07-01-2023,3,54
94,BHATPURVA -II,08-01-2023,4,99
94,BHATPURVA -II,09-01-2023,5,144
94,BHATPURVA -II,10-01-2023,9,162
94,BHATPURVA -II,11-01-2023,5,117
94,BHATPURVA -II,12-01-2023,2,36
94,BHATPURVA -II,14-01-2023,6,162
94,BHATPURVA -II,15-01-2023,4,72
94,BHATPURVA -II,16-01-2023,6,189
94,BHATPURVA -II,17-01-2023,9,189
94,BHATPURVA -II,18-01-2023,7,207
94,BHATPURVA -II,19-01-2023,5,171
94,BHATPURVA -II,20-01-2023,6,162
94,BHATPURVA -II,21-01-2023,7,153
94,BHATPURVA -II,22-01-2023,2,63
94,BHATPURVA -II,23-01-2023,3,81
94,BHATPURVA -II,24-01-2023,4,153
94,BHATPURVA -II,25-01-2023,6,216
94,BHATPURVA -II,26-01-2023,8,144
94,BHATPURVA -II,27-01-2023,7,207
94,BHATPURVA -II,28-01-2023,6,135
94,BHATPURVA -II,29-01-2023,6,162
94,BHATPURVA -II,30-01-2023,6,135
101,MANGAUDHIYA-II,13-11-2022,13,396
101,MANGAUDHIYA-II,14-11-2022,18,432
101,MANGAUDHIYA-II,15-11-2022,21,594
101,MANGAUDHIYA-II,16-11-2022,15,513
101,MANGAUDHIYA-II,17-11-2022,20,657
101,MANGAUDHIYA-II,18-11-2022,9,270
101,MANGAUDHIYA-II,19-11-2022,11,333
101,MANGAUDHIYA-II,21-11-2022,9,378
101,MANGAUDHIYA-II,22-11-2022,10,315
101,MANGAUDHIYA-II,23-11-2022,16,450
101,MANGAUDHIYA-II,24-11-2022,15,567
101,MANGAUDHIYA-II,25-11-2022,13,477
101,MANGAUDHIYA-II,26-11-2022,26,846
101,MANGAUDHIYA-II,27-11-2022,17,468
101,MANGAUDHIYA-II,28-11-2022,24,972
101,MANGAUDHIYA-II,29-11-2022,16,639
101,MANGAUDHIYA-II,30-11-2022,17,711
101,MANGAUDHIYA-II,01-12-2022,21,837
101,MANGAUDHIYA-II,02-12-2022,14,630
101,MANGAUDHIYA-II,03-12-2022,16,639
101,MANGAUDHIYA-II,04-12-2022,8,333
101,MANGAUDHIYA-II,05-12-2022,18,729
101,MANGAUDHIYA-II,06-12-2022,17,738
101,MANGAUDHIYA-II,07-12-2022,16,612
101,MANGAUDHIYA-II,08-12-2022,16,558
101,MANGAUDHIYA-II,09-12-2022,24,945
101,MANGAUDHIYA-II,10-12-2022,14,603
101,MANGAUDHIYA-II,11-12-2022,13,504
101,MANGAUDHIYA-II,12-12-2022,15,594
101,MANGAUDHIYA-II,13-12-2022,14,603
101,MANGAUDHIYA-II,14-12-2022,16,612
101,MANGAUDHIYA-II,15-12-2022,9,405
101,MANGAUDHIYA-II,16-12-2022,16,612
101,MANGAUDHIYA-II,17-12-2022,13,558
101,MANGAUDHIYA-II,18-12-2022,19,585
101,MANGAUDHIYA-II,19-12-2022,15,567
101,MANGAUDHIYA-II,20-12-2022,14,576
101,MANGAUDHIYA-II,21-12-2022,16,612
101,MANGAUDHIYA-II,22-12-2022,16,612
101,MANGAUDHIYA-II,23-12-2022,14,603
101,MANGAUDHIYA-II,24-12-2022,14,522
101,MANGAUDHIYA-II,25-12-2022,17,738
101,MANGAUDHIYA-II,26-12-2022,18,675
101,MANGAUDHIYA-II,27-12-2022,19,720
101,MANGAUDHIYA-II,28-12-2022,16,666
101,MANGAUDHIYA-II,29-12-2022,16,612
101,MANGAUDHIYA-II,30-12-2022,15,594
101,MANGAUDHIYA-II,31-12-2022,17,603
101,MANGAUDHIYA-II,01-01-2023,9,351
101,MANGAUDHIYA-II,02-01-2023,7,234
101,MANGAUDHIYA-II,03-01-2023,17,630
101,MANGAUDHIYA-II,04-01-2023,31,1152
101,MANGAUDHIYA-II,05-01-2023,26,1008
101,MANGAUDHIYA-II,06-01-2023,15,594
101,MANGAUDHIYA-II,07-01-2023,15,594
101,MANGAUDHIYA-II,08-01-2023,17,630
101,MANGAUDHIYA-II,09-01-2023,27,1026
101,MANGAUDHIYA-II,10-01-2023,9,405
101,MANGAUDHIYA-II,11-01-2023,17,630
101,MANGAUDHIYA-II,12-01-2023,18,702
101,MANGAUDHIYA-II,13-01-2023,7,288
101,MANGAUDHIYA-II,14-01-2023,14,576
101,MANGAUDHIYA-II,15-01-2023,13,531
101,MANGAUDHIYA-II,16-01-2023,19,693
101,MANGAUDHIYA-II,17-01-2023,18,729
101,MANGAUDHIYA-II,18-01-2023,23,738
101,MANGAUDHIYA-II,19-01-2023,14,576
101,MANGAUDHIYA-II,20-01-2023,12,459
101,MANGAUDHIYA-II,21-01-2023,15,567
101,MANGAUDHIYA-II,22-01-2023,13,477
101,MANGAUDHIYA-II,23-01-2023,14,549
101,MANGAUDHIYA-II,24-01-2023,11,495
101,MANGAUDHIYA-II,25-01-2023,12,486
101,MANGAUDHIYA-II,26-01-2023,16,504
101,MANGAUDHIYA-II,27-01-2023,16,585
101,MANGAUDHIYA-II,28-01-2023,12,486
101,MANGAUDHIYA-II,29-01-2023,12,513
101,MANGAUDHIYA-II,30-01-2023,12,513
102,MANGAUDHIYA-IV ARGOR,21-11-2022,12,243
102,MANGAUDHIYA-IV ARGOR,23-11-2022,6,162
102,MANGAUDHIYA-IV ARGOR,26-11-2022,6,162
102,MANGAUDHIYA-IV ARGOR,28-11-2022,30,1026
102,MANGAUDHIYA-IV ARGOR,29-11-2022,5,198
102,MANGAUDHIYA-IV ARGOR,30-11-2022,6,270
102,MANGAUDHIYA-IV ARGOR,01-12-2022,16,558
102,MANGAUDHIYA-IV ARGOR,02-12-2022,13,423
102,MANGAUDHIYA-IV ARGOR,03-12-2022,8,306
102,MANGAUDHIYA-IV ARGOR,05-12-2022,6,189
102,MANGAUDHIYA-IV ARGOR,06-12-2022,23,603
102,MANGAUDHIYA-IV ARGOR,07-12-2022,10,315
102,MANGAUDHIYA-IV ARGOR,08-12-2022,8,333
102,MANGAUDHIYA-IV ARGOR,09-12-2022,23,927
102,MANGAUDHIYA-IV ARGOR,10-12-2022,9,405
102,MANGAUDHIYA-IV ARGOR,11-12-2022,12,513
102,MANGAUDHIYA-IV ARGOR,12-12-2022,12,513
102,MANGAUDHIYA-IV ARGOR,13-12-2022,7,261
102,MANGAUDHIYA-IV ARGOR,14-12-2022,9,297
102,MANGAUDHIYA-IV ARGOR,15-12-2022,8,306
102,MANGAUDHIYA-IV ARGOR,16-12-2022,8,279
102,MANGAUDHIYA-IV ARGOR,17-12-2022,7,261
102,MANGAUDHIYA-IV ARGOR,18-12-2022,10,342
102,MANGAUDHIYA-IV ARGOR,19-12-2022,11,414
102,MANGAUDHIYA-IV ARGOR,20-12-2022,15,540
102,MANGAUDHIYA-IV ARGOR,21-12-2022,11,387
102,MANGAUDHIYA-IV ARGOR,22-12-2022,9,297
102,MANGAUDHIYA-IV ARGOR,23-12-2022,8,279
102,MANGAUDHIYA-IV ARGOR,24-12-2022,10,450
102,MANGAUDHIYA-IV ARGOR,25-12-2022,16,585
102,MANGAUDHIYA-IV ARGOR,26-12-2022,10,342
102,MANGAUDHIYA-IV ARGOR,27-12-2022,9,324
102,MANGAUDHIYA-IV ARGOR,28-12-2022,11,414
102,MANGAUDHIYA-IV ARGOR,29-12-2022,9,378
102,MANGAUDHIYA-IV ARGOR,30-12-2022,10,369
102,MANGAUDHIYA-IV ARGOR,31-12-2022,10,369
102,MANGAUDHIYA-IV ARGOR,01-01-2023,7,288
102,MANGAUDHIYA-IV ARGOR,02-01-2023,5,198
102,MANGAUDHIYA-IV ARGOR,03-01-2023,10,369
102,MANGAUDHIYA-IV ARGOR,04-01-2023,16,585
102,MANGAUDHIYA-IV ARGOR,05-01-2023,9,351
102,MANGAUDHIYA-IV ARGOR,06-01-2023,7,288
102,MANGAUDHIYA-IV ARGOR,07-01-2023,10,423
102,MANGAUDHIYA-IV ARGOR,08-01-2023,11,360
102,MANGAUDHIYA-IV ARGOR,09-01-2023,11,414
102,MANGAUDHIYA-IV ARGOR,10-01-2023,13,450
102,MANGAUDHIYA-IV ARGOR,11-01-2023,13,477
102,MANGAUDHIYA-IV ARGOR,12-01-2023,14,522
102,MANGAUDHIYA-IV ARGOR,13-01-2023,13,531
102,MANGAUDHIYA-IV ARGOR,14-01-2023,15,540
102,MANGAUDHIYA-IV ARGOR,15-01-2023,12,378
102,MANGAUDHIYA-IV ARGOR,16-01-2023,11,414
102,MANGAUDHIYA-IV ARGOR,17-01-2023,11,414
102,MANGAUDHIYA-IV ARGOR,18-01-2023,8,360
102,MANGAUDHIYA-IV ARGOR,19-01-2023,14,495
102,MANGAUDHIYA-IV ARGOR,20-01-2023,10,396
102,MANGAUDHIYA-IV ARGOR,21-01-2023,7,207
102,MANGAUDHIYA-IV ARGOR,22-01-2023,8,333
102,MANGAUDHIYA-IV ARGOR,23-01-2023,12,378
102,MANGAUDHIYA-IV ARGOR,24-01-2023,14,468
102,MANGAUDHIYA-IV ARGOR,25-01-2023,21,783
102,MANGAUDHIYA-IV ARGOR,26-01-2023,9,270
102,MANGAUDHIYA-IV ARGOR,27-01-2023,10,234
102,MANGAUDHIYA-IV ARGOR,28-01-2023,6,270
102,MANGAUDHIYA-IV ARGOR,29-01-2023,1,45
102,MANGAUDHIYA-IV ARGOR,30-01-2023,10,288
103,GOORH -I,18-11-2022,26,495
103,GOORH -I,21-11-2022,17,306
103,GOORH -I,22-11-2022,9,216
103,GOORH -I,23-11-2022,15,297
103,GOORH -I,24-11-2022,28,585
103,GOORH -I,25-11-2022,19,477
103,GOORH -I,27-11-2022,9,189
103,GOORH -I,28-11-2022,61,1314
103,GOORH -I,29-11-2022,26,549
103,GOORH -I,30-11-2022,23,495
103,GOORH -I,01-12-2022,31,612
103,GOORH -I,02-12-2022,22,666
103,GOORH -I,03-12-2022,22,612
103,GOORH -I,04-12-2022,7,180
103,GOORH -I,05-12-2022,15,405
103,GOORH -I,06-12-2022,28,639
103,GOORH -I,07-12-2022,26,630
103,GOORH -I,08-12-2022,16,396
103,GOORH -I,09-12-2022,14,360
103,GOORH -I,10-12-2022,24,621
103,GOORH -I,11-12-2022,16,423
103,GOORH -I,12-12-2022,26,738
103,GOORH -I,13-12-2022,18,594
103,GOORH -I,14-12-2022,20,630
103,GOORH -I,15-12-2022,19,558
103,GOORH -I,16-12-2022,23,630
103,GOORH -I,17-12-2022,19,504
103,GOORH -I,18-12-2022,24,594
103,GOORH -I,19-12-2022,17,549
103,GOORH -I,20-12-2022,35,873
103,GOORH -I,21-12-2022,28,612
103,GOORH -I,22-12-2022,20,549
103,GOORH -I,23-12-2022,19,585
103,GOORH -I,24-12-2022,38,1062
103,GOORH -I,25-12-2022,27,675
103,GOORH -I,26-12-2022,21,594
103,GOORH -I,27-12-2022,22,639
103,GOORH -I,28-12-2022,23,603
103,GOORH -I,29-12-2022,29,711
103,GOORH -I,30-12-2022,23,630
103,GOORH -I,31-12-2022,35,846
103,GOORH -I,01-01-2023,18,459
103,GOORH -I,02-01-2023,7,126
103,GOORH -I,03-01-2023,27,702
103,GOORH -I,04-01-2023,28,774
103,GOORH -I,05-01-2023,33,756
103,GOORH -I,06-01-2023,26,765
103,GOORH -I,07-01-2023,27,729
103,GOORH -I,08-01-2023,30,729
103,GOORH -I,09-01-2023,30,729
103,GOORH -I,10-01-2023,24,729
103,GOORH -I,11-01-2023,28,693
103,GOORH -I,12-01-2023,33,702
103,GOORH -I,13-01-2023,31,774
103,GOORH -I,14-01-2023,31,801
103,GOORH -I,15-01-2023,28,666
103,GOORH -I,16-01-2023,22,666
103,GOORH -I,17-01-2023,36,918
103,GOORH -I,18-01-2023,21,621
103,GOORH -I,19-01-2023,15,324
103,GOORH -I,20-01-2023,8,225
103,GOORH -I,21-01-2023,25,585
103,GOORH -I,22-01-2023,20,495
103,GOORH -I,23-01-2023,16,450
103,GOORH -I,24-01-2023,27,594
103,GOORH -I,25-01-2023,24,594
103,GOORH -I,26-01-2023,21,594
103,GOORH -I,27-01-2023,22,531
103,GOORH -I,28-01-2023,27,567
103,GOORH -I,29-01-2023,35,981
103,GOORH -I,30-01-2023,24,675
104,GOORH - II,13-11-2022,20,387
104,GOORH - II,14-11-2022,21,405
104,GOORH - II,15-11-2022,22,531
104,GOORH - II,16-11-2022,23,522
104,GOORH - II,17-11-2022,21,567
104,GOORH - II,18-11-2022,22,666
104,GOORH - II,19-11-2022,11,225
104,GOORH - II,21-11-2022,12,324
104,GOORH - II,22-11-2022,7,180
104,GOORH - II,23-11-2022,6,189
104,GOORH - II,24-11-2022,22,504
104,GOORH - II,25-11-2022,22,585
104,GOORH - II,26-11-2022,37,936
104,GOORH - II,27-11-2022,32,684
104,GOORH - II,28-11-2022,41,1197
104,GOORH - II,29-11-2022,21,783
104,GOORH - II,30-11-2022,20,738
104,GOORH - II,01-12-2022,27,945
104,GOORH - II,02-12-2022,23,684
104,GOORH - II,03-12-2022,14,495
104,GOORH - II,04-12-2022,9,243
104,GOORH - II,05-12-2022,13,504
104,GOORH - II,06-12-2022,23,657
104,GOORH - II,07-12-2022,18,540
104,GOORH - II,08-12-2022,19,558
104,GOORH - II,09-12-2022,17,576
104,GOORH - II,11-12-2022,15,432
104,GOORH - II,13-12-2022,14,468
104,GOORH - II,14-12-2022,15,486
104,GOORH - II,15-12-2022,20,603
104,GOORH - II,16-12-2022,23,711
104,GOORH - II,17-12-2022,22,666
104,GOORH - II,18-12-2022,27,783
104,GOORH - II,19-12-2022,26,684
104,GOORH - II,20-12-2022,22,612
104,GOORH - II,21-12-2022,16,450
104,GOORH - II,22-12-2022,14,441
104,GOORH - II,23-12-2022,40,1098
104,GOORH - II,24-12-2022,23,603
104,GOORH - II,25-12-2022,39,1053
104,GOORH - II,26-12-2022,25,774
104,GOORH - II,27-12-2022,28,693
104,GOORH - II,28-12-2022,20,684
104,GOORH - II,29-12-2022,26,738
104,GOORH - II,30-12-2022,27,756
104,GOORH - II,31-12-2022,29,819
104,GOORH - II,01-01-2023,16,450
104,GOORH - II,02-01-2023,5,198
104,GOORH - II,03-01-2023,29,792
104,GOORH - II,04-01-2023,20,603
104,GOORH - II,05-01-2023,30,837
104,GOORH - II,06-01-2023,25,774
104,GOORH - II,07-01-2023,22,693
104,GOORH - II,08-01-2023,28,774
104,GOORH - II,09-01-2023,24,756
104,GOORH - II,10-01-2023,27,810
104,GOORH - II,11-01-2023,25,801
104,GOORH - II,12-01-2023,21,675
104,GOORH - II,13-01-2023,21,594
104,GOORH - II,14-01-2023,13,423
104,GOORH - II,15-01-2023,25,720
104,GOORH - II,16-01-2023,22,720
104,GOORH - II,17-01-2023,22,612
104,GOORH - II,18-01-2023,21,540
104,GOORH - II,19-01-2023,20,522
104,GOORH - II,20-01-2023,1,18
104,GOORH - II,21-01-2023,6,189
104,GOORH - II,23-01-2023,8,171
104,GOORH - II,24-01-2023,3,54
104,GOORH - II,26-01-2023,2,90
104,GOORH - II,27-01-2023,4,99
104,GOORH - II,28-01-2023,1,45
104,GOORH - II,30-01-2023,22,531
105,SABAI GAURHI II,09-12-2022,6,108
105,SABAI GAURHI II,11-12-2022,6,108
105,SABAI GAURHI II,12-12-2022,5,90
105,SABAI GAURHI II,13-12-2022,11,198
105,SABAI GAURHI II,14-12-2022,10,180
105,SABAI GAURHI II,15-12-2022,5,198
105,SABAI GAURHI II,16-12-2022,7,153
105,SABAI GAURHI II,17-12-2022,7,153
105,SABAI GAURHI II,18-12-2022,8,198
105,SABAI GAURHI II,19-12-2022,9,216
105,SABAI GAURHI II,20-12-2022,12,324
105,SABAI GAURHI II,21-12-2022,6,189
105,SABAI GAURHI II,22-12-2022,6,243
105,SABAI GAURHI II,23-12-2022,8,198
105,SABAI GAURHI II,24-12-2022,17,441
105,SABAI GAURHI II,25-12-2022,7,261
105,SABAI GAURHI II,26-12-2022,10,342
105,SABAI GAURHI II,27-12-2022,10,261
105,SABAI GAURHI II,28-12-2022,8,252
105,SABAI GAURHI II,29-12-2022,10,288
105,SABAI GAURHI II,30-12-2022,9,270
105,SABAI GAURHI II,31-12-2022,11,306
105,SABAI GAURHI II,01-01-2023,11,252
105,SABAI GAURHI II,02-01-2023,8,198
105,SABAI GAURHI II,03-01-2023,9,270
105,SABAI GAURHI II,04-01-2023,9,297
105,SABAI GAURHI II,05-01-2023,7,234
105,SABAI GAURHI II,06-01-2023,9,297
105,SABAI GAURHI II,07-01-2023,11,225
105,SABAI GAURHI II,08-01-2023,8,279
105,SABAI GAURHI II,09-01-2023,10,288
105,SABAI GAURHI II,10-01-2023,12,297
105,SABAI GAURHI II,11-01-2023,9,270
105,SABAI GAURHI II,12-01-2023,16,315
105,SABAI GAURHI II,13-01-2023,15,351
105,SABAI GAURHI II,14-01-2023,13,369
105,SABAI GAURHI II,15-01-2023,14,387
105,SABAI GAURHI II,16-01-2023,9,270
105,SABAI GAURHI II,17-01-2023,10,315
105,SABAI GAURHI II,18-01-2023,9,189
105,SABAI GAURHI II,19-01-2023,12,324
105,SABAI GAURHI II,21-01-2023,10,315
105,SABAI GAURHI II,22-01-2023,10,315
105,SABAI GAURHI II,23-01-2023,12,297
105,SABAI GAURHI II,24-01-2023,11,225
105,SABAI GAURHI II,25-01-2023,8,252
105,SABAI GAURHI II,26-01-2023,4,126
105,SABAI GAURHI II,27-01-2023,16,531
105,SABAI GAURHI II,28-01-2023,8,198
105,SABAI GAURHI II,29-01-2023,14,387
105,SABAI GAURHI II,30-01-2023,8,306
106,BELTUA,13-11-2022,4,126
106,BELTUA,14-11-2022,5,171
106,BELTUA,15-11-2022,15,432
106,BELTUA,16-11-2022,14,441
106,BELTUA,17-11-2022,14,468
106,BELTUA,18-11-2022,7,180
106,BELTUA,19-11-2022,9,378
106,BELTUA,20-11-2022,7,234
106,BELTUA,21-11-2022,10,261
106,BELTUA,22-11-2022,16,477
106,BELTUA,23-11-2022,14,603
106,BELTUA,24-11-2022,29,819
106,BELTUA,25-11-2022,21,675
106,BELTUA,26-11-2022,17,657
106,BELTUA,27-11-2022,16,558
106,BELTUA,28-11-2022,18,648
106,BELTUA,29-11-2022,15,540
106,BELTUA,30-11-2022,26,765
106,BELTUA,01-12-2022,22,747
106,BELTUA,02-12-2022,11,441
106,BELTUA,03-12-2022,11,387
106,BELTUA,04-12-2022,18,567
106,BELTUA,05-12-2022,12,378
106,BELTUA,06-12-2022,15,594
106,BELTUA,07-12-2022,14,522
106,BELTUA,08-12-2022,15,459
106,BELTUA,09-12-2022,25,801
106,BELTUA,10-12-2022,21,783
106,BELTUA,11-12-2022,15,459
106,BELTUA,12-12-2022,19,693
106,BELTUA,13-12-2022,22,720
106,BELTUA,14-12-2022,24,729
106,BELTUA,15-12-2022,20,765
106,BELTUA,16-12-2022,17,576
106,BELTUA,17-12-2022,19,585
106,BELTUA,18-12-2022,25,801
106,BELTUA,19-12-2022,15,567
106,BELTUA,20-12-2022,14,468
106,BELTUA,21-12-2022,17,576
106,BELTUA,22-12-2022,16,477
106,BELTUA,23-12-2022,14,522
106,BELTUA,24-12-2022,28,936
106,BELTUA,25-12-2022,17,603
106,BELTUA,26-12-2022,20,576
106,BELTUA,27-12-2022,10,450
106,BELTUA,28-12-2022,16,585
106,BELTUA,29-12-2022,16,477
106,BELTUA,30-12-2022,15,486
106,BELTUA,31-12-2022,16,558
106,BELTUA,01-01-2023,11,360
106,BELTUA,02-01-2023,6,216
106,BELTUA,03-01-2023,21,702
106,BELTUA,04-01-2023,14,468
106,BELTUA,05-01-2023,19,612
106,BELTUA,06-01-2023,16,612
106,BELTUA,07-01-2023,19,612
106,BELTUA,08-01-2023,14,603
106,BELTUA,09-01-2023,14,414
106,BELTUA,10-01-2023,18,513
106,BELTUA,11-01-2023,12,459
106,BELTUA,12-01-2023,19,585
106,BELTUA,13-01-2023,18,594
106,BELTUA,14-01-2023,15,513
106,BELTUA,15-01-2023,14,468
106,BELTUA,16-01-2023,20,684
106,BELTUA,17-01-2023,20,576
106,BELTUA,18-01-2023,17,549
106,BELTUA,19-01-2023,19,612
106,BELTUA,20-01-2023,12,405
106,BELTUA,21-01-2023,14,468
106,BELTUA,22-01-2023,16,531
106,BELTUA,23-01-2023,15,486
106,BELTUA,24-01-2023,22,774
106,BELTUA,25-01-2023,21,864
106,BELTUA,26-01-2023,17,549
106,BELTUA,27-01-2023,19,693
106,BELTUA,28-01-2023,18,729
106,BELTUA,29-01-2023,20,711
106,BELTUA,30-01-2023,20,630
107,JALIMNAGAR,15-11-2022,23,414
107,JALIMNAGAR,16-11-2022,18,351
107,JALIMNAGAR,17-11-2022,18,486
107,JALIMNAGAR,18-11-2022,14,279
107,JALIMNAGAR,21-11-2022,13,261
107,JALIMNAGAR,23-11-2022,17,306
107,JALIMNAGAR,26-11-2022,30,729
107,JALIMNAGAR,27-11-2022,14,360
107,JALIMNAGAR,28-11-2022,54,1296
107,JALIMNAGAR,29-11-2022,32,765
107,JALIMNAGAR,30-11-2022,28,801
107,JALIMNAGAR,01-12-2022,26,738
107,JALIMNAGAR,02-12-2022,22,612
107,JALIMNAGAR,03-12-2022,11,414
107,JALIMNAGAR,04-12-2022,7,207
107,JALIMNAGAR,05-12-2022,9,297
107,JALIMNAGAR,06-12-2022,30,945
107,JALIMNAGAR,07-12-2022,14,414
107,JALIMNAGAR,08-12-2022,13,450
107,JALIMNAGAR,09-12-2022,22,855
107,JALIMNAGAR,10-12-2022,16,639
107,JALIMNAGAR,11-12-2022,14,468
107,JALIMNAGAR,12-12-2022,14,495
107,JALIMNAGAR,13-12-2022,18,594
107,JALIMNAGAR,14-12-2022,20,603
107,JALIMNAGAR,15-12-2022,19,558
107,JALIMNAGAR,16-12-2022,19,612
107,JALIMNAGAR,17-12-2022,19,504
107,JALIMNAGAR,18-12-2022,16,504
107,JALIMNAGAR,19-12-2022,19,612
107,JALIMNAGAR,20-12-2022,18,594
107,JALIMNAGAR,21-12-2022,24,594
107,JALIMNAGAR,22-12-2022,15,540
107,JALIMNAGAR,23-12-2022,14,495
107,JALIMNAGAR,24-12-2022,15,432
107,JALIMNAGAR,25-12-2022,31,936
107,JALIMNAGAR,26-12-2022,14,522
107,JALIMNAGAR,27-12-2022,16,612
107,JALIMNAGAR,28-12-2022,21,621
107,JALIMNAGAR,29-12-2022,20,468
107,JALIMNAGAR,30-12-2022,16,504
107,JALIMNAGAR,31-12-2022,15,513
107,JALIMNAGAR,01-01-2023,15,405
107,JALIMNAGAR,02-01-2023,6,216
107,JALIMNAGAR,03-01-2023,14,495
107,JALIMNAGAR,04-01-2023,26,846
107,JALIMNAGAR,05-01-2023,18,621
107,JALIMNAGAR,06-01-2023,21,621
107,JALIMNAGAR,07-01-2023,16,612
107,JALIMNAGAR,08-01-2023,27,837
107,JALIMNAGAR,09-01-2023,16,504
107,JALIMNAGAR,10-01-2023,27,729
107,JALIMNAGAR,11-01-2023,28,801
107,JALIMNAGAR,12-01-2023,24,702
107,JALIMNAGAR,13-01-2023,28,828
107,JALIMNAGAR,14-01-2023,25,828
107,JALIMNAGAR,15-01-2023,23,819
107,JALIMNAGAR,16-01-2023,16,585
107,JALIMNAGAR,17-01-2023,19,612
107,JALIMNAGAR,18-01-2023,19,558
107,JALIMNAGAR,19-01-2023,17,603
107,JALIMNAGAR,20-01-2023,17,495
107,JALIMNAGAR,21-01-2023,25,720
107,JALIMNAGAR,22-01-2023,16,504
107,JALIMNAGAR,23-01-2023,16,531
107,JALIMNAGAR,24-01-2023,20,576
107,JALIMNAGAR,25-01-2023,17,603
107,JALIMNAGAR,26-01-2023,16,612
107,JALIMNAGAR,27-01-2023,32,1035
107,JALIMNAGAR,28-01-2023,24,810
107,JALIMNAGAR,29-01-2023,44,1332
107,JALIMNAGAR,30-01-2023,28,801
108,RUDRAPUR,14-11-2022,20,387
108,RUDRAPUR,15-11-2022,15,378
108,RUDRAPUR,16-11-2022,9,189
108,RUDRAPUR,17-11-2022,15,297
108,RUDRAPUR,20-11-2022,17,306
108,RUDRAPUR,21-11-2022,13,288
108,RUDRAPUR,22-11-2022,14,279
108,RUDRAPUR,23-11-2022,15,270
108,RUDRAPUR,24-11-2022,55,1368
108,RUDRAPUR,25-11-2022,24,729
108,RUDRAPUR,26-11-2022,25,585
108,RUDRAPUR,27-11-2022,29,684
108,RUDRAPUR,28-11-2022,23,765
108,RUDRAPUR,29-11-2022,25,666
108,RUDRAPUR,30-11-2022,23,603
108,RUDRAPUR,01-12-2022,21,567
108,RUDRAPUR,02-12-2022,18,513
108,RUDRAPUR,03-12-2022,15,405
108,RUDRAPUR,04-12-2022,22,585
108,RUDRAPUR,05-12-2022,18,405
108,RUDRAPUR,06-12-2022,18,513
108,RUDRAPUR,07-12-2022,15,513
108,RUDRAPUR,08-12-2022,24,648
108,RUDRAPUR,09-12-2022,34,882
108,RUDRAPUR,10-12-2022,16,504
108,RUDRAPUR,11-12-2022,16,558
108,RUDRAPUR,12-12-2022,21,594
108,RUDRAPUR,13-12-2022,26,576
108,RUDRAPUR,14-12-2022,24,675
108,RUDRAPUR,15-12-2022,25,612
108,RUDRAPUR,16-12-2022,19,612
108,RUDRAPUR,17-12-2022,22,639
108,RUDRAPUR,18-12-2022,24,621
108,RUDRAPUR,19-12-2022,20,522
108,RUDRAPUR,20-12-2022,18,513
108,RUDRAPUR,21-12-2022,23,495
108,RUDRAPUR,22-12-2022,20,468
108,RUDRAPUR,23-12-2022,19,504
108,RUDRAPUR,24-12-2022,16,504
108,RUDRAPUR,25-12-2022,39,1053
108,RUDRAPUR,26-12-2022,22,585
108,RUDRAPUR,27-12-2022,22,504
108,RUDRAPUR,28-12-2022,20,522
108,RUDRAPUR,29-12-2022,19,504
108,RUDRAPUR,30-12-2022,22,558
108,RUDRAPUR,31-12-2022,17,441
108,RUDRAPUR,01-01-2023,15,432
108,RUDRAPUR,02-01-2023,8,198
108,RUDRAPUR,03-01-2023,30,675
108,RUDRAPUR,04-01-2023,20,549
108,RUDRAPUR,05-01-2023,21,594
108,RUDRAPUR,06-01-2023,24,621
108,RUDRAPUR,07-01-2023,21,567
108,RUDRAPUR,08-01-2023,23,603
108,RUDRAPUR,09-01-2023,21,513
108,RUDRAPUR,10-01-2023,19,450
108,RUDRAPUR,11-01-2023,22,450
108,RUDRAPUR,12-01-2023,17,576
108,RUDRAPUR,13-01-2023,20,549
108,RUDRAPUR,14-01-2023,24,567
108,RUDRAPUR,15-01-2023,20,576
108,RUDRAPUR,16-01-2023,15,432
108,RUDRAPUR,17-01-2023,12,324
108,RUDRAPUR,18-01-2023,23,630
108,RUDRAPUR,19-01-2023,26,711
108,RUDRAPUR,20-01-2023,14,414
108,RUDRAPUR,21-01-2023,26,657
108,RUDRAPUR,22-01-2023,19,504
108,RUDRAPUR,23-01-2023,20,549
108,RUDRAPUR,24-01-2023,28,666
108,RUDRAPUR,25-01-2023,24,675
108,RUDRAPUR,26-01-2023,25,666
108,RUDRAPUR,27-01-2023,28,693
108,RUDRAPUR,28-01-2023,23,657
108,RUDRAPUR,29-01-2023,28,693
108,RUDRAPUR,30-01-2023,25,612
110,MARSANDA -II,13-11-2022,10,180
110,MARSANDA -II,14-11-2022,7,153
110,MARSANDA -II,15-11-2022,11,198
110,MARSANDA -II,16-11-2022,10,261
110,MARSANDA -II,17-11-2022,12,324
110,MARSANDA -II,18-11-2022,19,558
110,MARSANDA -II,19-11-2022,14,414
110,MARSANDA -II,24-11-2022,21,540
110,MARSANDA -II,25-11-2022,36,1134
110,MARSANDA -II,26-11-2022,15,513
110,MARSANDA -II,27-11-2022,20,576
110,MARSANDA -II,28-11-2022,22,666
110,MARSANDA -II,29-11-2022,21,594
110,MARSANDA -II,30-11-2022,17,549
110,MARSANDA -II,01-12-2022,25,801
110,MARSANDA -II,02-12-2022,10,315
110,MARSANDA -II,03-12-2022,21,594
110,MARSANDA -II,04-12-2022,18,540
110,MARSANDA -II,05-12-2022,23,630
110,MARSANDA -II,06-12-2022,18,459
110,MARSANDA -II,07-12-2022,15,540
110,MARSANDA -II,08-12-2022,14,468
110,MARSANDA -II,09-12-2022,17,495
110,MARSANDA -II,10-12-2022,28,909
110,MARSANDA -II,11-12-2022,13,396
110,MARSANDA -II,12-12-2022,22,612
110,MARSANDA -II,13-12-2022,20,603
110,MARSANDA -II,14-12-2022,19,558
110,MARSANDA -II,15-12-2022,17,468
110,MARSANDA -II,16-12-2022,18,513
110,MARSANDA -II,17-12-2022,18,513
110,MARSANDA -II,18-12-2022,11,387
110,MARSANDA -II,19-12-2022,15,486
110,MARSANDA -II,20-12-2022,14,522
110,MARSANDA -II,21-12-2022,22,801
110,MARSANDA -II,22-12-2022,13,396
110,MARSANDA -II,23-12-2022,19,639
110,MARSANDA -II,24-12-2022,14,468
110,MARSANDA -II,25-12-2022,17,603
110,MARSANDA -II,26-12-2022,17,522
110,MARSANDA -II,27-12-2022,21,621
110,MARSANDA -II,28-12-2022,19,612
110,MARSANDA -II,29-12-2022,17,549
110,MARSANDA -II,30-12-2022,17,522
110,MARSANDA -II,31-12-2022,9,297
110,MARSANDA -II,01-01-2023,10,288
110,MARSANDA -II,02-01-2023,7,234
110,MARSANDA -II,03-01-2023,33,1080
110,MARSANDA -II,04-01-2023,17,549
110,MARSANDA -II,05-01-2023,16,477
110,MARSANDA -II,06-01-2023,17,495
110,MARSANDA -II,07-01-2023,16,558
110,MARSANDA -II,08-01-2023,22,693
110,MARSANDA -II,09-01-2023,15,513
110,MARSANDA -II,10-01-2023,3,135
110,MARSANDA -II,11-01-2023,2,36
110,MARSANDA -II,12-01-2023,3,54
110,MARSANDA -II,13-01-2023,2,36
110,MARSANDA -II,14-01-2023,19,585
110,MARSANDA -II,15-01-2023,14,387
110,MARSANDA -II,16-01-2023,21,621
110,MARSANDA -II,17-01-2023,18,513
110,MARSANDA -II,18-01-2023,17,522
110,MARSANDA -II,19-01-2023,7,180
110,MARSANDA -II,23-01-2023,2,63
110,MARSANDA -II,24-01-2023,3,81
110,MARSANDA -II,25-01-2023,22,450
110,MARSANDA -II,26-01-2023,16,450
110,MARSANDA -II,27-01-2023,19,531
110,MARSANDA -II,28-01-2023,14,495
110,MARSANDA -II,29-01-2023,16,504
110,MARSANDA -II,30-01-2023,19,531
111,DURGAPUR PADARI,13-11-2022,6,135
111,DURGAPUR PADARI,14-11-2022,15,297
111,DURGAPUR PADARI,15-11-2022,25,558
111,DURGAPUR PADARI,16-11-2022,12,324
111,DURGAPUR PADARI,17-11-2022,8,279
111,DURGAPUR PADARI,18-11-2022,6,189
111,DURGAPUR PADARI,21-11-2022,6,135
111,DURGAPUR PADARI,22-11-2022,5,171
111,DURGAPUR PADARI,23-11-2022,10,207
111,DURGAPUR PADARI,24-11-2022,18,405
111,DURGAPUR PADARI,25-11-2022,17,441
111,DURGAPUR PADARI,26-11-2022,8,279
111,DURGAPUR PADARI,27-11-2022,15,324
111,DURGAPUR PADARI,28-11-2022,27,702
111,DURGAPUR PADARI,29-11-2022,10,261
111,DURGAPUR PADARI,30-11-2022,15,432
111,DURGAPUR PADARI,01-12-2022,15,513
111,DURGAPUR PADARI,02-12-2022,10,261
111,DURGAPUR PADARI,03-12-2022,7,234
111,DURGAPUR PADARI,04-12-2022,8,252
111,DURGAPUR PADARI,05-12-2022,11,333
111,DURGAPUR PADARI,06-12-2022,19,504
111,DURGAPUR PADARI,07-12-2022,14,441
111,DURGAPUR PADARI,08-12-2022,9,324
111,DURGAPUR PADARI,09-12-2022,12,405
111,DURGAPUR PADARI,10-12-2022,14,468
111,DURGAPUR PADARI,11-12-2022,11,306
111,DURGAPUR PADARI,12-12-2022,18,486
111,DURGAPUR PADARI,13-12-2022,17,468
111,DURGAPUR PADARI,14-12-2022,22,558
111,DURGAPUR PADARI,15-12-2022,13,396
111,DURGAPUR PADARI,16-12-2022,14,414
111,DURGAPUR PADARI,17-12-2022,13,396
111,DURGAPUR PADARI,18-12-2022,13,396
111,DURGAPUR PADARI,19-12-2022,16,477
111,DURGAPUR PADARI,20-12-2022,24,675
111,DURGAPUR PADARI,21-12-2022,23,576
111,DURGAPUR PADARI,22-12-2022,15,405
111,DURGAPUR PADARI,23-12-2022,19,585
111,DURGAPUR PADARI,24-12-2022,17,441
111,DURGAPUR PADARI,25-12-2022,18,513
111,DURGAPUR PADARI,26-12-2022,19,504
111,DURGAPUR PADARI,27-12-2022,19,531
111,DURGAPUR PADARI,28-12-2022,15,459
111,DURGAPUR PADARI,29-12-2022,17,441
111,DURGAPUR PADARI,30-12-2022,17,468
111,DURGAPUR PADARI,31-12-2022,11,387
111,DURGAPUR PADARI,01-01-2023,17,360
111,DURGAPUR PADARI,02-01-2023,6,189
111,DURGAPUR PADARI,03-01-2023,17,468
111,DURGAPUR PADARI,04-01-2023,13,369
111,DURGAPUR PADARI,05-01-2023,11,387
111,DURGAPUR PADARI,06-01-2023,15,405
111,DURGAPUR PADARI,07-01-2023,18,459
111,DURGAPUR PADARI,08-01-2023,16,396
111,DURGAPUR PADARI,09-01-2023,10,234
111,DURGAPUR PADARI,10-01-2023,10,288
111,DURGAPUR PADARI,11-01-2023,12,297
111,DURGAPUR PADARI,12-01-2023,9,297
111,DURGAPUR PADARI,13-01-2023,12,270
111,DURGAPUR PADARI,14-01-2023,10,342
111,DURGAPUR PADARI,15-01-2023,12,405
111,DURGAPUR PADARI,16-01-2023,16,504
111,DURGAPUR PADARI,17-01-2023,12,324
111,DURGAPUR PADARI,18-01-2023,18,459
111,DURGAPUR PADARI,19-01-2023,15,405
111,DURGAPUR PADARI,20-01-2023,10,288
111,DURGAPUR PADARI,21-01-2023,18,405
111,DURGAPUR PADARI,22-01-2023,15,432
111,DURGAPUR PADARI,23-01-2023,13,396
111,DURGAPUR PADARI,24-01-2023,15,405
111,DURGAPUR PADARI,25-01-2023,10,396
111,DURGAPUR PADARI,26-01-2023,7,207
111,DURGAPUR PADARI,27-01-2023,12,324
111,DURGAPUR PADARI,28-01-2023,10,315
111,DURGAPUR PADARI,29-01-2023,15,378
111,DURGAPUR PADARI,30-01-2023,22,639
112,AANVA HARGAON,21-11-2022,4,72
112,AANVA HARGAON,22-11-2022,4,72
112,AANVA HARGAON,23-11-2022,5,90
112,AANVA HARGAON,24-11-2022,7,180
112,AANVA HARGAON,25-11-2022,8,198
112,AANVA HARGAON,26-11-2022,6,162
112,AANVA HARGAON,27-11-2022,5,171
112,AANVA HARGAON,28-11-2022,3,81
112,AANVA HARGAON,29-11-2022,9,162
112,AANVA HARGAON,30-11-2022,8,198
112,AANVA HARGAON,01-12-2022,8,171
112,AANVA HARGAON,02-12-2022,4,99
112,AANVA HARGAON,04-12-2022,7,207
112,AANVA HARGAON,05-12-2022,5,90
112,AANVA HARGAON,06-12-2022,5,144
112,AANVA HARGAON,07-12-2022,6,162
112,AANVA HARGAON,08-12-2022,3,81
112,AANVA HARGAON,09-12-2022,5,90
112,AANVA HARGAON,10-12-2022,7,207
112,AANVA HARGAON,11-12-2022,3,108
112,AANVA HARGAON,12-12-2022,4,99
112,AANVA HARGAON,13-12-2022,5,117
112,AANVA HARGAON,14-12-2022,5,117
112,AANVA HARGAON,15-12-2022,8,198
112,AANVA HARGAON,16-12-2022,7,207
112,AANVA HARGAON,17-12-2022,6,108
112,AANVA HARGAON,19-12-2022,4,99
112,AANVA HARGAON,20-12-2022,3,108
112,AANVA HARGAON,21-12-2022,3,108
112,AANVA HARGAON,22-12-2022,2,63
112,AANVA HARGAON,23-12-2022,4,126
112,AANVA HARGAON,24-12-2022,6,162
112,AANVA HARGAON,25-12-2022,2,90
112,AANVA HARGAON,26-12-2022,8,225
112,AANVA HARGAON,27-12-2022,7,180
112,AANVA HARGAON,28-12-2022,6,189
112,AANVA HARGAON,29-12-2022,5,117
112,AANVA HARGAON,30-12-2022,6,135
112,AANVA HARGAON,02-01-2023,4,126
112,AANVA HARGAON,03-01-2023,2,90
112,AANVA HARGAON,04-01-2023,4,99
112,AANVA HARGAON,05-01-2023,4,126
112,AANVA HARGAON,06-01-2023,4,99
112,AANVA HARGAON,07-01-2023,4,99
112,AANVA HARGAON,08-01-2023,4,99
112,AANVA HARGAON,09-01-2023,5,144
112,AANVA HARGAON,10-01-2023,1,45
112,AANVA HARGAON,12-01-2023,1,18
112,AANVA HARGAON,14-01-2023,4,180
112,AANVA HARGAON,15-01-2023,3,81
112,AANVA HARGAON,16-01-2023,3,81
112,AANVA HARGAON,17-01-2023,6,162
112,AANVA HARGAON,18-01-2023,2,36
112,AANVA HARGAON,19-01-2023,4,99
112,AANVA HARGAON,20-01-2023,2,90
112,AANVA HARGAON,21-01-2023,4,72
112,AANVA HARGAON,22-01-2023,1,18
112,AANVA HARGAON,25-01-2023,1,18
112,AANVA HARGAON,26-01-2023,5,90
112,AANVA HARGAON,27-01-2023,4,126
112,AANVA HARGAON,28-01-2023,4,72
112,AANVA HARGAON,29-01-2023,5,90
112,AANVA HARGAON,30-01-2023,6,135
113,MISHIRGAON,13-11-2022,6,135
113,MISHIRGAON,14-11-2022,10,180
113,MISHIRGAON,15-11-2022,17,441
113,MISHIRGAON,16-11-2022,10,261
113,MISHIRGAON,17-11-2022,5,225
113,MISHIRGAON,21-11-2022,4,126
113,MISHIRGAON,22-11-2022,6,162
113,MISHIRGAON,23-11-2022,7,207
113,MISHIRGAON,24-11-2022,19,639
113,MISHIRGAON,25-11-2022,16,396
113,MISHIRGAON,26-11-2022,12,351
113,MISHIRGAON,27-11-2022,15,432
113,MISHIRGAON,28-11-2022,18,540
113,MISHIRGAON,29-11-2022,12,405
113,MISHIRGAON,30-11-2022,11,306
113,MISHIRGAON,01-12-2022,10,342
113,MISHIRGAON,02-12-2022,10,369
113,MISHIRGAON,03-12-2022,7,207
113,MISHIRGAON,04-12-2022,18,459
113,MISHIRGAON,05-12-2022,10,369
113,MISHIRGAON,06-12-2022,13,369
113,MISHIRGAON,07-12-2022,14,360
113,MISHIRGAON,08-12-2022,12,351
113,MISHIRGAON,09-12-2022,11,360
113,MISHIRGAON,10-12-2022,19,531
113,MISHIRGAON,11-12-2022,11,360
113,MISHIRGAON,12-12-2022,13,396
113,MISHIRGAON,13-12-2022,5,198
113,MISHIRGAON,14-12-2022,16,396
113,MISHIRGAON,15-12-2022,1,18
113,MISHIRGAON,16-12-2022,7,261
113,MISHIRGAON,17-12-2022,9,297
113,MISHIRGAON,18-12-2022,11,306
113,MISHIRGAON,19-12-2022,15,459
113,MISHIRGAON,20-12-2022,11,279
113,MISHIRGAON,21-12-2022,12,324
113,MISHIRGAON,22-12-2022,11,387
113,MISHIRGAON,23-12-2022,13,423
113,MISHIRGAON,24-12-2022,17,441
113,MISHIRGAON,25-12-2022,14,387
113,MISHIRGAON,26-12-2022,14,387
113,MISHIRGAON,27-12-2022,13,342
113,MISHIRGAON,28-12-2022,14,279
113,MISHIRGAON,29-12-2022,12,378
113,MISHIRGAON,30-12-2022,7,180
113,MISHIRGAON,31-12-2022,12,297
113,MISHIRGAON,01-01-2023,1,45
113,MISHIRGAON,02-01-2023,6,216
113,MISHIRGAON,03-01-2023,17,441
113,MISHIRGAON,04-01-2023,11,360
113,MISHIRGAON,05-01-2023,8,252
113,MISHIRGAON,06-01-2023,8,252
113,MISHIRGAON,07-01-2023,10,288
113,MISHIRGAON,08-01-2023,11,306
113,MISHIRGAON,09-01-2023,7,315
113,MISHIRGAON,10-01-2023,8,252
113,MISHIRGAON,11-01-2023,11,306
113,MISHIRGAON,12-01-2023,13,396
113,MISHIRGAON,13-01-2023,11,360
113,MISHIRGAON,14-01-2023,22,585
113,MISHIRGAON,15-01-2023,15,459
113,MISHIRGAON,16-01-2023,14,387
113,MISHIRGAON,17-01-2023,9,297
113,MISHIRGAON,18-01-2023,12,405
113,MISHIRGAON,19-01-2023,18,459
113,MISHIRGAON,20-01-2023,6,189
113,MISHIRGAON,21-01-2023,8,306
113,MISHIRGAON,22-01-2023,11,306
113,MISHIRGAON,23-01-2023,11,306
113,MISHIRGAON,24-01-2023,9,243
113,MISHIRGAON,25-01-2023,11,333
113,MISHIRGAON,26-01-2023,13,342
113,MISHIRGAON,27-01-2023,17,414
113,MISHIRGAON,28-01-2023,20,522
113,MISHIRGAON,29-01-2023,19,477
113,MISHIRGAON,30-01-2023,18,486
114,DIUHA KALAN,13-11-2022,13,315
114,DIUHA KALAN,14-11-2022,11,252
114,DIUHA KALAN,15-11-2022,11,360
114,DIUHA KALAN,16-11-2022,9,297
114,DIUHA KALAN,17-11-2022,13,369
114,DIUHA KALAN,19-11-2022,11,360
114,DIUHA KALAN,20-11-2022,3,81
114,DIUHA KALAN,21-11-2022,6,135
114,DIUHA KALAN,22-11-2022,6,162
114,DIUHA KALAN,23-11-2022,3,108
114,DIUHA KALAN,24-11-2022,10,207
114,DIUHA KALAN,26-11-2022,14,441
114,DIUHA KALAN,27-11-2022,9,243
114,DIUHA KALAN,28-11-2022,6,216
114,DIUHA KALAN,29-11-2022,13,423
114,DIUHA KALAN,30-11-2022,12,378
114,DIUHA KALAN,01-12-2022,13,396
114,DIUHA KALAN,02-12-2022,11,279
114,DIUHA KALAN,05-12-2022,6,189
114,DIUHA KALAN,06-12-2022,5,198
114,DIUHA KALAN,07-12-2022,5,225
114,DIUHA KALAN,09-12-2022,8,252
114,DIUHA KALAN,10-12-2022,10,261
114,DIUHA KALAN,11-12-2022,7,207
114,DIUHA KALAN,12-12-2022,7,234
114,DIUHA KALAN,13-12-2022,7,234
114,DIUHA KALAN,14-12-2022,5,198
114,DIUHA KALAN,16-12-2022,5,198
114,DIUHA KALAN,17-12-2022,7,207
114,DIUHA KALAN,18-12-2022,8,225
114,DIUHA KALAN,19-12-2022,9,216
114,DIUHA KALAN,20-12-2022,7,153
114,DIUHA KALAN,21-12-2022,6,162
114,DIUHA KALAN,22-12-2022,7,207
114,DIUHA KALAN,23-12-2022,7,207
114,DIUHA KALAN,24-12-2022,11,414
114,DIUHA KALAN,25-12-2022,9,216
114,DIUHA KALAN,26-12-2022,10,315
114,DIUHA KALAN,27-12-2022,14,333
114,DIUHA KALAN,28-12-2022,8,279
114,DIUHA KALAN,29-12-2022,10,261
114,DIUHA KALAN,30-12-2022,8,279
114,DIUHA KALAN,31-12-2022,7,207
114,DIUHA KALAN,01-01-2023,5,198
114,DIUHA KALAN,02-01-2023,7,180
114,DIUHA KALAN,03-01-2023,13,450
114,DIUHA KALAN,04-01-2023,7,234
114,DIUHA KALAN,05-01-2023,8,252
114,DIUHA KALAN,06-01-2023,10,261
114,DIUHA KALAN,07-01-2023,8,252
114,DIUHA KALAN,08-01-2023,11,252
114,DIUHA KALAN,09-01-2023,11,252
114,DIUHA KALAN,10-01-2023,8,198
114,DIUHA KALAN,11-01-2023,6,189
114,DIUHA KALAN,12-01-2023,7,234
114,DIUHA KALAN,13-01-2023,8,279
114,DIUHA KALAN,14-01-2023,10,261
114,DIUHA KALAN,15-01-2023,9,270
114,DIUHA KALAN,16-01-2023,12,324
114,DIUHA KALAN,17-01-2023,17,414
114,DIUHA KALAN,18-01-2023,11,333
114,DIUHA KALAN,19-01-2023,7,288
114,DIUHA KALAN,20-01-2023,11,306
114,DIUHA KALAN,21-01-2023,7,288
114,DIUHA KALAN,22-01-2023,13,288
114,DIUHA KALAN,23-01-2023,10,315
114,DIUHA KALAN,24-01-2023,11,333
114,DIUHA KALAN,25-01-2023,10,342
114,DIUHA KALAN,26-01-2023,6,189
114,DIUHA KALAN,27-01-2023,8,171
114,DIUHA KALAN,28-01-2023,4,153
114,DIUHA KALAN,29-01-2023,11,279
114,DIUHA KALAN,30-01-2023,4,126
115,MANGAUDHIYA-I,21-11-2022,15,270
115,MANGAUDHIYA-I,23-11-2022,10,180
115,MANGAUDHIYA-I,24-11-2022,10,180
115,MANGAUDHIYA-I,26-11-2022,14,279
115,MANGAUDHIYA-I,28-11-2022,36,702
115,MANGAUDHIYA-I,29-11-2022,11,252
115,MANGAUDHIYA-I,30-11-2022,13,288
115,MANGAUDHIYA-I,01-12-2022,20,441
115,MANGAUDHIYA-I,02-12-2022,9,243
115,MANGAUDHIYA-I,03-12-2022,11,252
115,MANGAUDHIYA-I,04-12-2022,9,189
115,MANGAUDHIYA-I,05-12-2022,9,162
115,MANGAUDHIYA-I,06-12-2022,19,477
115,MANGAUDHIYA-I,07-12-2022,10,234
115,MANGAUDHIYA-I,08-12-2022,14,279
115,MANGAUDHIYA-I,09-12-2022,22,585
115,MANGAUDHIYA-I,10-12-2022,15,351
115,MANGAUDHIYA-I,11-12-2022,10,342
115,MANGAUDHIYA-I,12-12-2022,19,396
115,MANGAUDHIYA-I,13-12-2022,15,351
115,MANGAUDHIYA-I,14-12-2022,14,360
115,MANGAUDHIYA-I,15-12-2022,18,405
115,MANGAUDHIYA-I,16-12-2022,19,369
115,MANGAUDHIYA-I,17-12-2022,11,360
115,MANGAUDHIYA-I,18-12-2022,8,225
115,MANGAUDHIYA-I,19-12-2022,7,207
115,MANGAUDHIYA-I,20-12-2022,12,297
115,MANGAUDHIYA-I,21-12-2022,13,315
115,MANGAUDHIYA-I,22-12-2022,15,324
115,MANGAUDHIYA-I,23-12-2022,18,351
115,MANGAUDHIYA-I,24-12-2022,13,288
115,MANGAUDHIYA-I,25-12-2022,28,693
115,MANGAUDHIYA-I,26-12-2022,17,414
115,MANGAUDHIYA-I,27-12-2022,16,342
115,MANGAUDHIYA-I,28-12-2022,15,405
115,MANGAUDHIYA-I,29-12-2022,11,279
115,MANGAUDHIYA-I,30-12-2022,8,198
115,MANGAUDHIYA-I,31-12-2022,12,243
115,MANGAUDHIYA-I,01-01-2023,11,279
115,MANGAUDHIYA-I,02-01-2023,9,216
115,MANGAUDHIYA-I,03-01-2023,9,243
115,MANGAUDHIYA-I,04-01-2023,19,423
115,MANGAUDHIYA-I,05-01-2023,15,351
115,MANGAUDHIYA-I,06-01-2023,13,261
115,MANGAUDHIYA-I,07-01-2023,17,387
115,MANGAUDHIYA-I,08-01-2023,14,333
115,MANGAUDHIYA-I,09-01-2023,15,297
115,MANGAUDHIYA-I,10-01-2023,12,324
115,MANGAUDHIYA-I,11-01-2023,15,297
115,MANGAUDHIYA-I,12-01-2023,15,378
115,MANGAUDHIYA-I,13-01-2023,13,342
115,MANGAUDHIYA-I,14-01-2023,13,342
115,MANGAUDHIYA-I,15-01-2023,12,324
115,MANGAUDHIYA-I,16-01-2023,16,369
115,MANGAUDHIYA-I,17-01-2023,11,279
115,MANGAUDHIYA-I,18-01-2023,13,369
115,MANGAUDHIYA-I,19-01-2023,16,315
115,MANGAUDHIYA-I,20-01-2023,12,297
115,MANGAUDHIYA-I,21-01-2023,15,297
115,MANGAUDHIYA-I,22-01-2023,13,315
115,MANGAUDHIYA-I,23-01-2023,9,216
115,MANGAUDHIYA-I,24-01-2023,11,360
115,MANGAUDHIYA-I,25-01-2023,12,297
115,MANGAUDHIYA-I,26-01-2023,11,252
115,MANGAUDHIYA-I,27-01-2023,13,288
115,MANGAUDHIYA-I,28-01-2023,16,477
115,MANGAUDHIYA-I,29-01-2023,18,432
115,MANGAUDHIYA-I,30-01-2023,16,315
116,MANGAUDHIYA-III  RAJ,18-11-2022,13,315
116,MANGAUDHIYA-III  RAJ,19-11-2022,3,108
116,MANGAUDHIYA-III  RAJ,21-11-2022,5,198
116,MANGAUDHIYA-III  RAJ,23-11-2022,5,171
116,MANGAUDHIYA-III  RAJ,24-11-2022,5,198
116,MANGAUDHIYA-III  RAJ,28-11-2022,32,1008
116,MANGAUDHIYA-III  RAJ,29-11-2022,13,396
116,MANGAUDHIYA-III  RAJ,30-11-2022,12,432
116,MANGAUDHIYA-III  RAJ,01-12-2022,20,792
116,MANGAUDHIYA-III  RAJ,02-12-2022,14,549
116,MANGAUDHIYA-III  RAJ,03-12-2022,7,261
116,MANGAUDHIYA-III  RAJ,05-12-2022,4,180
116,MANGAUDHIYA-III  RAJ,06-12-2022,20,765
116,MANGAUDHIYA-III  RAJ,07-12-2022,12,459
116,MANGAUDHIYA-III  RAJ,08-12-2022,9,351
116,MANGAUDHIYA-III  RAJ,09-12-2022,22,936
116,MANGAUDHIYA-III  RAJ,10-12-2022,12,459
116,MANGAUDHIYA-III  RAJ,11-12-2022,9,405
116,MANGAUDHIYA-III  RAJ,12-12-2022,11,441
116,MANGAUDHIYA-III  RAJ,13-12-2022,11,441
116,MANGAUDHIYA-III  RAJ,14-12-2022,8,333
116,MANGAUDHIYA-III  RAJ,15-12-2022,11,414
116,MANGAUDHIYA-III  RAJ,16-12-2022,13,504
116,MANGAUDHIYA-III  RAJ,17-12-2022,11,387
116,MANGAUDHIYA-III  RAJ,18-12-2022,9,405
116,MANGAUDHIYA-III  RAJ,19-12-2022,12,432
116,MANGAUDHIYA-III  RAJ,20-12-2022,10,396
116,MANGAUDHIYA-III  RAJ,21-12-2022,10,423
116,MANGAUDHIYA-III  RAJ,22-12-2022,6,270
116,MANGAUDHIYA-III  RAJ,23-12-2022,8,333
116,MANGAUDHIYA-III  RAJ,24-12-2022,8,333
116,MANGAUDHIYA-III  RAJ,25-12-2022,25,855
116,MANGAUDHIYA-III  RAJ,26-12-2022,14,576
116,MANGAUDHIYA-III  RAJ,27-12-2022,12,513
116,MANGAUDHIYA-III  RAJ,28-12-2022,14,576
116,MANGAUDHIYA-III  RAJ,29-12-2022,12,432
116,MANGAUDHIYA-III  RAJ,30-12-2022,10,423
116,MANGAUDHIYA-III  RAJ,31-12-2022,10,423
116,MANGAUDHIYA-III  RAJ,01-01-2023,10,369
116,MANGAUDHIYA-III  RAJ,02-01-2023,5,225
116,MANGAUDHIYA-III  RAJ,03-01-2023,8,306
116,MANGAUDHIYA-III  RAJ,04-01-2023,17,603
116,MANGAUDHIYA-III  RAJ,05-01-2023,12,459
116,MANGAUDHIYA-III  RAJ,06-01-2023,8,360
116,MANGAUDHIYA-III  RAJ,07-01-2023,13,504
116,MANGAUDHIYA-III  RAJ,08-01-2023,15,513
116,MANGAUDHIYA-III  RAJ,09-01-2023,11,414
116,MANGAUDHIYA-III  RAJ,10-01-2023,10,450
116,MANGAUDHIYA-III  RAJ,11-01-2023,13,504
116,MANGAUDHIYA-III  RAJ,12-01-2023,11,495
116,MANGAUDHIYA-III  RAJ,13-01-2023,11,441
116,MANGAUDHIYA-III  RAJ,14-01-2023,15,459
116,MANGAUDHIYA-III  RAJ,15-01-2023,4,153
116,MANGAUDHIYA-III  RAJ,16-01-2023,11,414
116,MANGAUDHIYA-III  RAJ,17-01-2023,10,396
116,MANGAUDHIYA-III  RAJ,18-01-2023,11,414
116,MANGAUDHIYA-III  RAJ,19-01-2023,15,567
116,MANGAUDHIYA-III  RAJ,20-01-2023,5,171
116,MANGAUDHIYA-III  RAJ,21-01-2023,15,540
116,MANGAUDHIYA-III  RAJ,22-01-2023,9,378
116,MANGAUDHIYA-III  RAJ,23-01-2023,11,387
116,MANGAUDHIYA-III  RAJ,24-01-2023,12,486
116,MANGAUDHIYA-III  RAJ,25-01-2023,14,603
116,MANGAUDHIYA-III  RAJ,26-01-2023,18,621
116,MANGAUDHIYA-III  RAJ,27-01-2023,12,513
116,MANGAUDHIYA-III  RAJ,28-01-2023,12,459
116,MANGAUDHIYA-III  RAJ,29-01-2023,15,540
116,MANGAUDHIYA-III  RAJ,30-01-2023,13,477
117,SABAI GAURHI I,28-11-2022,11,225
117,SABAI GAURHI I,29-11-2022,7,126
117,SABAI GAURHI I,30-11-2022,7,180
117,SABAI GAURHI I,01-12-2022,8,225
117,SABAI GAURHI I,02-12-2022,7,180
117,SABAI GAURHI I,04-12-2022,7,207
117,SABAI GAURHI I,06-12-2022,9,189
117,SABAI GAURHI I,07-12-2022,6,162
117,SABAI GAURHI I,08-12-2022,11,225
117,SABAI GAURHI I,09-12-2022,9,324
117,SABAI GAURHI I,10-12-2022,6,216
117,SABAI GAURHI I,11-12-2022,8,225
117,SABAI GAURHI I,12-12-2022,5,144
117,SABAI GAURHI I,13-12-2022,8,279
117,SABAI GAURHI I,14-12-2022,4,153
117,SABAI GAURHI I,15-12-2022,7,207
117,SABAI GAURHI I,16-12-2022,5,225
117,SABAI GAURHI I,17-12-2022,6,216
117,SABAI GAURHI I,18-12-2022,7,180
117,SABAI GAURHI I,19-12-2022,5,198
117,SABAI GAURHI I,20-12-2022,7,234
117,SABAI GAURHI I,21-12-2022,8,198
117,SABAI GAURHI I,22-12-2022,6,216
117,SABAI GAURHI I,23-12-2022,7,207
117,SABAI GAURHI I,24-12-2022,8,252
117,SABAI GAURHI I,25-12-2022,14,387
117,SABAI GAURHI I,26-12-2022,11,333
117,SABAI GAURHI I,27-12-2022,11,333
117,SABAI GAURHI I,28-12-2022,7,234
117,SABAI GAURHI I,29-12-2022,8,252
117,SABAI GAURHI I,30-12-2022,10,261
117,SABAI GAURHI I,31-12-2022,10,288
117,SABAI GAURHI I,01-01-2023,9,297
117,SABAI GAURHI I,02-01-2023,8,198
117,SABAI GAURHI I,03-01-2023,10,261
117,SABAI GAURHI I,04-01-2023,8,252
117,SABAI GAURHI I,05-01-2023,10,315
117,SABAI GAURHI I,06-01-2023,12,324
117,SABAI GAURHI I,07-01-2023,8,252
117,SABAI GAURHI I,08-01-2023,10,315
117,SABAI GAURHI I,09-01-2023,8,252
117,SABAI GAURHI I,10-01-2023,10,261
117,SABAI GAURHI I,11-01-2023,8,279
117,SABAI GAURHI I,12-01-2023,10,315
117,SABAI GAURHI I,13-01-2023,9,297
117,SABAI GAURHI I,14-01-2023,9,297
117,SABAI GAURHI I,15-01-2023,10,315
117,SABAI GAURHI I,16-01-2023,10,315
117,SABAI GAURHI I,17-01-2023,8,252
117,SABAI GAURHI I,18-01-2023,9,324
117,SABAI GAURHI I,19-01-2023,11,333
117,SABAI GAURHI I,21-01-2023,12,270
117,SABAI GAURHI I,22-01-2023,11,306
117,SABAI GAURHI I,23-01-2023,14,333
117,SABAI GAURHI I,24-01-2023,8,225
117,SABAI GAURHI I,25-01-2023,12,243
117,SABAI GAURHI I,26-01-2023,1,45
117,SABAI GAURHI I,27-01-2023,2,36
117,SABAI GAURHI I,30-01-2023,13,234
118,RAM NAGAR BAGAHA,13-11-2022,29,522
118,RAM NAGAR BAGAHA,14-11-2022,29,657
118,RAM NAGAR BAGAHA,15-11-2022,34,666
118,RAM NAGAR BAGAHA,16-11-2022,17,441
118,RAM NAGAR BAGAHA,17-11-2022,20,630
118,RAM NAGAR BAGAHA,21-11-2022,9,189
118,RAM NAGAR BAGAHA,22-11-2022,4,126
118,RAM NAGAR BAGAHA,23-11-2022,7,126
118,RAM NAGAR BAGAHA,24-11-2022,11,306
118,RAM NAGAR BAGAHA,25-11-2022,31,801
118,RAM NAGAR BAGAHA,26-11-2022,47,1467
118,RAM NAGAR BAGAHA,27-11-2022,28,855
118,RAM NAGAR BAGAHA,28-11-2022,32,900
118,RAM NAGAR BAGAHA,29-11-2022,39,1026
118,RAM NAGAR BAGAHA,30-11-2022,32,954
118,RAM NAGAR BAGAHA,01-12-2022,28,963
118,RAM NAGAR BAGAHA,02-12-2022,16,504
118,RAM NAGAR BAGAHA,04-12-2022,29,711
118,RAM NAGAR BAGAHA,05-12-2022,26,711
118,RAM NAGAR BAGAHA,06-12-2022,19,612
118,RAM NAGAR BAGAHA,07-12-2022,22,558
118,RAM NAGAR BAGAHA,08-12-2022,21,567
118,RAM NAGAR BAGAHA,09-12-2022,15,621
118,RAM NAGAR BAGAHA,10-12-2022,23,711
118,RAM NAGAR BAGAHA,11-12-2022,19,504
118,RAM NAGAR BAGAHA,12-12-2022,19,504
118,RAM NAGAR BAGAHA,13-12-2022,7,234
118,RAM NAGAR BAGAHA,14-12-2022,7,234
118,RAM NAGAR BAGAHA,15-12-2022,20,603
118,RAM NAGAR BAGAHA,16-12-2022,15,513
118,RAM NAGAR BAGAHA,17-12-2022,21,513
118,RAM NAGAR BAGAHA,18-12-2022,22,585
118,RAM NAGAR BAGAHA,19-12-2022,25,612
118,RAM NAGAR BAGAHA,20-12-2022,22,747
118,RAM NAGAR BAGAHA,21-12-2022,23,603
118,RAM NAGAR BAGAHA,23-12-2022,19,612
118,RAM NAGAR BAGAHA,24-12-2022,41,1170
118,RAM NAGAR BAGAHA,25-12-2022,25,693
118,RAM NAGAR BAGAHA,26-12-2022,26,792
118,RAM NAGAR BAGAHA,27-12-2022,30,837
118,RAM NAGAR BAGAHA,28-12-2022,29,711
118,RAM NAGAR BAGAHA,29-12-2022,20,603
118,RAM NAGAR BAGAHA,30-12-2022,22,612
118,RAM NAGAR BAGAHA,31-12-2022,16,396
118,RAM NAGAR BAGAHA,01-01-2023,13,396
118,RAM NAGAR BAGAHA,02-01-2023,6,216
118,RAM NAGAR BAGAHA,03-01-2023,25,612
118,RAM NAGAR BAGAHA,04-01-2023,9,243
118,RAM NAGAR BAGAHA,05-01-2023,19,585
118,RAM NAGAR BAGAHA,06-01-2023,24,621
118,RAM NAGAR BAGAHA,07-01-2023,24,621
118,RAM NAGAR BAGAHA,08-01-2023,27,702
118,RAM NAGAR BAGAHA,09-01-2023,12,324
118,RAM NAGAR BAGAHA,10-01-2023,18,513
118,RAM NAGAR BAGAHA,11-01-2023,16,531
118,RAM NAGAR BAGAHA,12-01-2023,28,828
118,RAM NAGAR BAGAHA,13-01-2023,27,810
118,RAM NAGAR BAGAHA,14-01-2023,8,252
118,RAM NAGAR BAGAHA,15-01-2023,17,414
118,RAM NAGAR BAGAHA,16-01-2023,15,405
118,RAM NAGAR BAGAHA,17-01-2023,24,675
118,RAM NAGAR BAGAHA,18-01-2023,19,558
118,RAM NAGAR BAGAHA,19-01-2023,22,558
118,RAM NAGAR BAGAHA,20-01-2023,14,414
118,RAM NAGAR BAGAHA,21-01-2023,16,558
118,RAM NAGAR BAGAHA,22-01-2023,15,351
118,RAM NAGAR BAGAHA,23-01-2023,15,486
118,RAM NAGAR BAGAHA,24-01-2023,27,810
118,RAM NAGAR BAGAHA,25-01-2023,25,801
118,RAM NAGAR BAGAHA,26-01-2023,27,648
118,RAM NAGAR BAGAHA,27-01-2023,15,459
118,RAM NAGAR BAGAHA,28-01-2023,25,774
118,RAM NAGAR BAGAHA,29-01-2023,20,684
118,RAM NAGAR BAGAHA,30-01-2023,22,720
119,KABIRAHA,13-11-2022,20,360
119,KABIRAHA,14-11-2022,20,495
119,KABIRAHA,15-11-2022,22,477
119,KABIRAHA,16-11-2022,15,324
119,KABIRAHA,17-11-2022,19,423
119,KABIRAHA,20-11-2022,7,153
119,KABIRAHA,21-11-2022,7,153
119,KABIRAHA,22-11-2022,8,198
119,KABIRAHA,23-11-2022,12,243
119,KABIRAHA,24-11-2022,30,783
119,KABIRAHA,25-11-2022,27,648
119,KABIRAHA,26-11-2022,36,972
119,KABIRAHA,27-11-2022,23,684
119,KABIRAHA,28-11-2022,23,630
119,KABIRAHA,29-11-2022,23,630
119,KABIRAHA,30-11-2022,29,711
119,KABIRAHA,01-12-2022,22,531
119,KABIRAHA,02-12-2022,18,432
119,KABIRAHA,04-12-2022,19,477
119,KABIRAHA,05-12-2022,19,504
119,KABIRAHA,06-12-2022,20,549
119,KABIRAHA,07-12-2022,21,513
119,KABIRAHA,09-12-2022,25,612
119,KABIRAHA,10-12-2022,15,351
119,KABIRAHA,11-12-2022,16,396
119,KABIRAHA,12-12-2022,21,567
119,KABIRAHA,13-12-2022,21,513
119,KABIRAHA,14-12-2022,19,504
119,KABIRAHA,15-12-2022,25,585
119,KABIRAHA,16-12-2022,23,549
119,KABIRAHA,17-12-2022,25,639
119,KABIRAHA,18-12-2022,20,549
119,KABIRAHA,19-12-2022,28,612
119,KABIRAHA,20-12-2022,23,630
119,KABIRAHA,21-12-2022,20,576
119,KABIRAHA,22-12-2022,24,594
119,KABIRAHA,23-12-2022,18,621
119,KABIRAHA,24-12-2022,17,549
119,KABIRAHA,25-12-2022,22,504
119,KABIRAHA,26-12-2022,22,531
119,KABIRAHA,27-12-2022,17,549
119,KABIRAHA,28-12-2022,20,522
119,KABIRAHA,29-12-2022,23,549
119,KABIRAHA,30-12-2022,21,513
119,KABIRAHA,31-12-2022,19,504
119,KABIRAHA,01-01-2023,16,423
119,KABIRAHA,02-01-2023,6,162
119,KABIRAHA,03-01-2023,33,783
119,KABIRAHA,04-01-2023,18,486
119,KABIRAHA,05-01-2023,20,603
119,KABIRAHA,06-01-2023,16,396
119,KABIRAHA,07-01-2023,23,630
119,KABIRAHA,08-01-2023,25,612
119,KABIRAHA,09-01-2023,23,549
119,KABIRAHA,10-01-2023,30,756
119,KABIRAHA,11-01-2023,26,603
119,KABIRAHA,12-01-2023,27,648
119,KABIRAHA,13-01-2023,27,621
119,KABIRAHA,14-01-2023,31,801
119,KABIRAHA,15-01-2023,21,486
119,KABIRAHA,16-01-2023,21,459
119,KABIRAHA,17-01-2023,19,531
119,KABIRAHA,18-01-2023,16,504
119,KABIRAHA,19-01-2023,25,693
119,KABIRAHA,20-01-2023,19,396
119,KABIRAHA,21-01-2023,23,576
119,KABIRAHA,22-01-2023,21,540
119,KABIRAHA,23-01-2023,16,396
119,KABIRAHA,24-01-2023,14,360
119,KABIRAHA,25-01-2023,13,369
119,KABIRAHA,26-01-2023,13,369
119,KABIRAHA,27-01-2023,21,513
119,KABIRAHA,28-01-2023,9,216
119,KABIRAHA,29-01-2023,15,405
119,KABIRAHA,30-01-2023,22,585
120,TIKOUNA,15-11-2022,14,279
120,TIKOUNA,16-11-2022,22,423
120,TIKOUNA,17-11-2022,22,396
120,TIKOUNA,18-11-2022,20,468
120,TIKOUNA,19-11-2022,10,288
120,TIKOUNA,20-11-2022,17,387
120,TIKOUNA,21-11-2022,15,378
120,TIKOUNA,22-11-2022,22,477
120,TIKOUNA,23-11-2022,19,504
120,TIKOUNA,24-11-2022,16,342
120,TIKOUNA,25-11-2022,12,297
120,TIKOUNA,26-11-2022,15,351
120,TIKOUNA,27-11-2022,16,396
120,TIKOUNA,28-11-2022,20,468
120,TIKOUNA,29-11-2022,18,486
120,TIKOUNA,30-11-2022,14,468
120,TIKOUNA,01-12-2022,18,405
120,TIKOUNA,02-12-2022,7,234
120,TIKOUNA,03-12-2022,5,144
120,TIKOUNA,04-12-2022,10,315
120,TIKOUNA,05-12-2022,9,189
120,TIKOUNA,06-12-2022,27,675
120,TIKOUNA,07-12-2022,16,396
120,TIKOUNA,08-12-2022,19,396
120,TIKOUNA,09-12-2022,19,396
120,TIKOUNA,10-12-2022,15,405
120,TIKOUNA,11-12-2022,14,387
120,TIKOUNA,12-12-2022,15,405
120,TIKOUNA,13-12-2022,15,378
120,TIKOUNA,14-12-2022,14,414
120,TIKOUNA,15-12-2022,19,477
120,TIKOUNA,16-12-2022,16,369
120,TIKOUNA,17-12-2022,17,387
120,TIKOUNA,18-12-2022,15,297
120,TIKOUNA,19-12-2022,14,360
120,TIKOUNA,20-12-2022,12,378
120,TIKOUNA,21-12-2022,17,414
120,TIKOUNA,22-12-2022,17,414
120,TIKOUNA,23-12-2022,12,351
120,TIKOUNA,24-12-2022,19,423
120,TIKOUNA,25-12-2022,11,279
120,TIKOUNA,26-12-2022,18,351
120,TIKOUNA,27-12-2022,15,378
120,TIKOUNA,28-12-2022,15,378
120,TIKOUNA,29-12-2022,15,297
120,TIKOUNA,30-12-2022,17,414
120,TIKOUNA,31-12-2022,11,306
120,TIKOUNA,01-01-2023,12,297
120,TIKOUNA,02-01-2023,10,207
120,TIKOUNA,03-01-2023,18,540
120,TIKOUNA,04-01-2023,15,378
120,TIKOUNA,05-01-2023,15,351
120,TIKOUNA,06-01-2023,12,297
120,TIKOUNA,07-01-2023,16,423
120,TIKOUNA,08-01-2023,18,432
120,TIKOUNA,09-01-2023,17,360
120,TIKOUNA,10-01-2023,16,342
120,TIKOUNA,11-01-2023,12,324
120,TIKOUNA,12-01-2023,7,261
120,TIKOUNA,13-01-2023,13,396
120,TIKOUNA,14-01-2023,16,531
120,TIKOUNA,15-01-2023,15,378
120,TIKOUNA,16-01-2023,17,387
120,TIKOUNA,17-01-2023,19,504
120,TIKOUNA,18-01-2023,15,405
120,TIKOUNA,19-01-2023,18,378
120,TIKOUNA,20-01-2023,13,396
120,TIKOUNA,21-01-2023,14,360
120,TIKOUNA,22-01-2023,18,405
120,TIKOUNA,23-01-2023,17,387
120,TIKOUNA,24-01-2023,14,387
120,TIKOUNA,25-01-2023,17,414
120,TIKOUNA,26-01-2023,15,378
120,TIKOUNA,27-01-2023,16,396
120,TIKOUNA,28-01-2023,17,414
120,TIKOUNA,29-01-2023,18,378
120,TIKOUNA,30-01-2023,16,423
121,KHAJUHABAZAR III,14-11-2022,4,72
121,KHAJUHABAZAR III,15-11-2022,9,243
121,KHAJUHABAZAR III,17-11-2022,3,135
121,KHAJUHABAZAR III,21-11-2022,4,99
121,KHAJUHABAZAR III,23-11-2022,2,63
121,KHAJUHABAZAR III,24-11-2022,9,216
121,KHAJUHABAZAR III,25-11-2022,8,252
121,KHAJUHABAZAR III,26-11-2022,5,171
121,KHAJUHABAZAR III,27-11-2022,7,180
121,KHAJUHABAZAR III,28-11-2022,9,216
121,KHAJUHABAZAR III,29-11-2022,4,126
121,KHAJUHABAZAR III,30-11-2022,3,108
121,KHAJUHABAZAR III,01-12-2022,6,189
121,KHAJUHABAZAR III,02-12-2022,9,297
121,KHAJUHABAZAR III,03-12-2022,5,198
121,KHAJUHABAZAR III,04-12-2022,5,144
121,KHAJUHABAZAR III,05-12-2022,5,198
121,KHAJUHABAZAR III,06-12-2022,4,153
121,KHAJUHABAZAR III,07-12-2022,6,243
121,KHAJUHABAZAR III,08-12-2022,9,216
121,KHAJUHABAZAR III,09-12-2022,7,207
121,KHAJUHABAZAR III,10-12-2022,4,99
121,KHAJUHABAZAR III,11-12-2022,4,99
121,KHAJUHABAZAR III,12-12-2022,7,207
121,KHAJUHABAZAR III,13-12-2022,7,234
121,KHAJUHABAZAR III,14-12-2022,7,180
121,KHAJUHABAZAR III,15-12-2022,8,252
121,KHAJUHABAZAR III,16-12-2022,7,261
121,KHAJUHABAZAR III,17-12-2022,5,171
121,KHAJUHABAZAR III,18-12-2022,6,189
121,KHAJUHABAZAR III,20-12-2022,15,459
121,KHAJUHABAZAR III,21-12-2022,5,198
121,KHAJUHABAZAR III,22-12-2022,8,279
121,KHAJUHABAZAR III,23-12-2022,10,288
121,KHAJUHABAZAR III,24-12-2022,10,315
121,KHAJUHABAZAR III,25-12-2022,9,270
121,KHAJUHABAZAR III,26-12-2022,5,198
121,KHAJUHABAZAR III,27-12-2022,7,234
121,KHAJUHABAZAR III,28-12-2022,11,360
121,KHAJUHABAZAR III,29-12-2022,7,207
121,KHAJUHABAZAR III,30-12-2022,7,234
121,KHAJUHABAZAR III,31-12-2022,8,225
121,KHAJUHABAZAR III,01-01-2023,8,252
121,KHAJUHABAZAR III,02-01-2023,8,198
121,KHAJUHABAZAR III,03-01-2023,9,297
121,KHAJUHABAZAR III,04-01-2023,4,180
121,KHAJUHABAZAR III,05-01-2023,7,207
121,KHAJUHABAZAR III,06-01-2023,6,189
121,KHAJUHABAZAR III,07-01-2023,8,252
121,KHAJUHABAZAR III,08-01-2023,10,288
121,KHAJUHABAZAR III,09-01-2023,8,225
121,KHAJUHABAZAR III,10-01-2023,5,171
121,KHAJUHABAZAR III,11-01-2023,8,252
121,KHAJUHABAZAR III,12-01-2023,8,225
121,KHAJUHABAZAR III,13-01-2023,8,279
121,KHAJUHABAZAR III,14-01-2023,9,297
121,KHAJUHABAZAR III,15-01-2023,7,261
121,KHAJUHABAZAR III,16-01-2023,10,315
121,KHAJUHABAZAR III,17-01-2023,6,243
121,KHAJUHABAZAR III,18-01-2023,9,351
121,KHAJUHABAZAR III,19-01-2023,6,189
121,KHAJUHABAZAR III,20-01-2023,5,171
121,KHAJUHABAZAR III,21-01-2023,6,243
121,KHAJUHABAZAR III,22-01-2023,8,306
121,KHAJUHABAZAR III,23-01-2023,11,306
121,KHAJUHABAZAR III,24-01-2023,10,342
121,KHAJUHABAZAR III,25-01-2023,10,315
121,KHAJUHABAZAR III,26-01-2023,10,315
121,KHAJUHABAZAR III,27-01-2023,10,261
121,KHAJUHABAZAR III,28-01-2023,6,189
121,KHAJUHABAZAR III,29-01-2023,1,45
121,KHAJUHABAZAR III,30-01-2023,3,81
122,CHAKDHA,12-12-2022,2,90
122,CHAKDHA,13-12-2022,1,45
122,CHAKDHA,14-12-2022,4,126
122,CHAKDHA,19-12-2022,6,189
122,CHAKDHA,20-12-2022,4,153
122,CHAKDHA,21-12-2022,2,63
122,CHAKDHA,22-12-2022,3,108
122,CHAKDHA,23-12-2022,4,180
122,CHAKDHA,24-12-2022,3,108
122,CHAKDHA,25-12-2022,4,180
122,CHAKDHA,26-12-2022,4,99
122,CHAKDHA,27-12-2022,5,225
122,CHAKDHA,28-12-2022,6,243
122,CHAKDHA,29-12-2022,3,108
122,CHAKDHA,30-12-2022,7,234
122,CHAKDHA,31-12-2022,9,378
122,CHAKDHA,01-01-2023,5,198
122,CHAKDHA,02-01-2023,4,126
122,CHAKDHA,03-01-2023,8,252
122,CHAKDHA,04-01-2023,3,135
122,CHAKDHA,05-01-2023,4,180
122,CHAKDHA,06-01-2023,6,216
122,CHAKDHA,07-01-2023,6,189
122,CHAKDHA,08-01-2023,5,171
122,CHAKDHA,09-01-2023,6,216
122,CHAKDHA,10-01-2023,3,135
122,CHAKDHA,11-01-2023,5,171
122,CHAKDHA,12-01-2023,6,216
122,CHAKDHA,13-01-2023,5,198
122,CHAKDHA,14-01-2023,2,63
122,CHAKDHA,15-01-2023,4,153
122,CHAKDHA,16-01-2023,6,216
122,CHAKDHA,17-01-2023,5,171
122,CHAKDHA,18-01-2023,3,108
122,CHAKDHA,19-01-2023,5,144
122,CHAKDHA,20-01-2023,2,90
122,CHAKDHA,21-01-2023,5,171
122,CHAKDHA,22-01-2023,6,162
122,CHAKDHA,23-01-2023,2,90
122,CHAKDHA,24-01-2023,2,63
122,CHAKDHA,25-01-2023,3,135
122,CHAKDHA,26-01-2023,4,153
122,CHAKDHA,27-01-2023,4,126
122,CHAKDHA,28-01-2023,5,198
122,CHAKDHA,29-01-2023,3,81
122,CHAKDHA,30-01-2023,4,126
123,NAINAPUR II,13-11-2022,18,486
123,NAINAPUR II,14-11-2022,36,675
123,NAINAPUR II,15-11-2022,30,648
123,NAINAPUR II,16-11-2022,18,594
123,NAINAPUR II,17-11-2022,18,513
123,NAINAPUR II,20-11-2022,3,135
123,NAINAPUR II,21-11-2022,12,351
123,NAINAPUR II,22-11-2022,8,279
123,NAINAPUR II,23-11-2022,13,369
123,NAINAPUR II,24-11-2022,21,432
123,NAINAPUR II,25-11-2022,28,720
123,NAINAPUR II,26-11-2022,25,720
123,NAINAPUR II,27-11-2022,20,765
123,NAINAPUR II,28-11-2022,29,981
123,NAINAPUR II,29-11-2022,24,810
123,NAINAPUR II,30-11-2022,36,1026
123,NAINAPUR II,01-12-2022,32,1008
123,NAINAPUR II,02-12-2022,15,486
123,NAINAPUR II,05-12-2022,4,153
123,NAINAPUR II,06-12-2022,13,396
123,NAINAPUR II,07-12-2022,17,603
123,NAINAPUR II,08-12-2022,14,522
123,NAINAPUR II,09-12-2022,13,531
123,NAINAPUR II,10-12-2022,20,711
123,NAINAPUR II,11-12-2022,18,540
123,NAINAPUR II,12-12-2022,25,666
123,NAINAPUR II,13-12-2022,21,675
123,NAINAPUR II,14-12-2022,17,684
123,NAINAPUR II,15-12-2022,16,504
123,NAINAPUR II,16-12-2022,12,405
123,NAINAPUR II,17-12-2022,18,594
123,NAINAPUR II,18-12-2022,21,675
123,NAINAPUR II,19-12-2022,37,936
123,NAINAPUR II,20-12-2022,29,792
123,NAINAPUR II,21-12-2022,23,765
123,NAINAPUR II,22-12-2022,16,612
123,NAINAPUR II,23-12-2022,21,702
123,NAINAPUR II,24-12-2022,32,1089
123,NAINAPUR II,25-12-2022,19,585
123,NAINAPUR II,26-12-2022,21,702
123,NAINAPUR II,27-12-2022,21,702
123,NAINAPUR II,28-12-2022,24,675
123,NAINAPUR II,29-12-2022,25,639
123,NAINAPUR II,30-12-2022,21,648
123,NAINAPUR II,31-12-2022,14,522
123,NAINAPUR II,01-01-2023,16,450
123,NAINAPUR II,02-01-2023,7,207
123,NAINAPUR II,03-01-2023,26,900
123,NAINAPUR II,04-01-2023,23,738
123,NAINAPUR II,05-01-2023,24,729
123,NAINAPUR II,06-01-2023,21,675
123,NAINAPUR II,07-01-2023,30,783
123,NAINAPUR II,08-01-2023,23,738
123,NAINAPUR II,09-01-2023,27,648
123,NAINAPUR II,10-01-2023,22,720
123,NAINAPUR II,11-01-2023,29,792
123,NAINAPUR II,12-01-2023,25,774
123,NAINAPUR II,13-01-2023,28,828
123,NAINAPUR II,14-01-2023,26,900
123,NAINAPUR II,15-01-2023,26,819
123,NAINAPUR II,16-01-2023,30,972
123,NAINAPUR II,17-01-2023,32,1008
123,NAINAPUR II,18-01-2023,27,891
123,NAINAPUR II,19-01-2023,36,999
123,NAINAPUR II,20-01-2023,14,495
123,NAINAPUR II,21-01-2023,28,828
123,NAINAPUR II,22-01-2023,18,594
123,NAINAPUR II,23-01-2023,19,585
123,NAINAPUR II,24-01-2023,27,972
123,NAINAPUR II,25-01-2023,34,1017
123,NAINAPUR II,26-01-2023,5,171
123,NAINAPUR II,27-01-2023,12,432
123,NAINAPUR II,28-01-2023,11,306
123,NAINAPUR II,29-01-2023,18,459
123,NAINAPUR II,30-01-2023,27,729
124,NAINAPUR I,13-11-2022,21,486
124,NAINAPUR I,14-11-2022,25,612
124,NAINAPUR I,15-11-2022,27,729
124,NAINAPUR I,16-11-2022,13,477
124,NAINAPUR I,17-11-2022,15,513
124,NAINAPUR I,20-11-2022,11,306
124,NAINAPUR I,21-11-2022,10,342
124,NAINAPUR I,22-11-2022,12,459
124,NAINAPUR I,23-11-2022,17,576
124,NAINAPUR I,24-11-2022,35,792
124,NAINAPUR I,25-11-2022,40,1098
124,NAINAPUR I,26-11-2022,22,693
124,NAINAPUR I,27-11-2022,19,639
124,NAINAPUR I,28-11-2022,26,1035
124,NAINAPUR I,29-11-2022,27,702
124,NAINAPUR I,01-12-2022,16,531
124,NAINAPUR I,04-12-2022,15,486
124,NAINAPUR I,05-12-2022,13,423
124,NAINAPUR I,06-12-2022,6,216
124,NAINAPUR I,07-12-2022,10,396
124,NAINAPUR I,08-12-2022,14,414
124,NAINAPUR I,09-12-2022,31,1017
124,NAINAPUR I,10-12-2022,24,945
124,NAINAPUR I,11-12-2022,17,603
124,NAINAPUR I,12-12-2022,24,891
124,NAINAPUR I,13-12-2022,19,666
124,NAINAPUR I,14-12-2022,18,702
124,NAINAPUR I,15-12-2022,18,594
124,NAINAPUR I,16-12-2022,27,702
124,NAINAPUR I,17-12-2022,14,603
124,NAINAPUR I,18-12-2022,16,666
124,NAINAPUR I,19-12-2022,31,963
124,NAINAPUR I,20-12-2022,28,882
124,NAINAPUR I,21-12-2022,26,873
124,NAINAPUR I,22-12-2022,25,801
124,NAINAPUR I,23-12-2022,21,729
124,NAINAPUR I,24-12-2022,23,765
124,NAINAPUR I,25-12-2022,22,855
124,NAINAPUR I,26-12-2022,23,792
124,NAINAPUR I,27-12-2022,28,720
124,NAINAPUR I,28-12-2022,21,729
124,NAINAPUR I,29-12-2022,32,1008
124,NAINAPUR I,30-12-2022,33,999
124,NAINAPUR I,31-12-2022,26,765
124,NAINAPUR I,01-01-2023,14,468
124,NAINAPUR I,02-01-2023,13,396
124,NAINAPUR I,03-01-2023,44,1359
124,NAINAPUR I,04-01-2023,30,972
124,NAINAPUR I,05-01-2023,27,945
124,NAINAPUR I,06-01-2023,28,936
124,NAINAPUR I,08-01-2023,28,909
124,NAINAPUR I,09-01-2023,26,792
124,NAINAPUR I,10-01-2023,22,639
124,NAINAPUR I,11-01-2023,18,540
124,NAINAPUR I,12-01-2023,30,918
124,NAINAPUR I,13-01-2023,29,954
124,NAINAPUR I,14-01-2023,33,1026
124,NAINAPUR I,15-01-2023,27,945
124,NAINAPUR I,16-01-2023,29,927
124,NAINAPUR I,17-01-2023,27,891
124,NAINAPUR I,18-01-2023,26,900
124,NAINAPUR I,19-01-2023,31,963
124,NAINAPUR I,20-01-2023,27,810
124,NAINAPUR I,21-01-2023,24,810
124,NAINAPUR I,22-01-2023,19,666
124,NAINAPUR I,23-01-2023,11,360
124,NAINAPUR I,24-01-2023,31,1044
124,NAINAPUR I,25-01-2023,32,1116
124,NAINAPUR I,26-01-2023,8,279
124,NAINAPUR I,27-01-2023,18,675
124,NAINAPUR I,28-01-2023,22,747
124,NAINAPUR I,29-01-2023,25,828
124,NAINAPUR I,30-01-2023,22,639
125,PADARI,14-11-2022,13,234
125,PADARI,15-11-2022,16,288
125,PADARI,16-11-2022,15,324
125,PADARI,17-11-2022,19,369
125,PADARI,18-11-2022,15,270
125,PADARI,19-11-2022,12,297
125,PADARI,20-11-2022,19,369
125,PADARI,21-11-2022,10,315
125,PADARI,22-11-2022,23,495
125,PADARI,23-11-2022,18,486
125,PADARI,24-11-2022,18,378
125,PADARI,25-11-2022,14,333
125,PADARI,26-11-2022,17,387
125,PADARI,27-11-2022,14,414
125,PADARI,28-11-2022,8,360
125,PADARI,29-11-2022,13,396
125,PADARI,30-11-2022,17,360
125,PADARI,01-12-2022,14,333
125,PADARI,02-12-2022,6,189
125,PADARI,03-12-2022,7,180
125,PADARI,04-12-2022,6,216
125,PADARI,05-12-2022,11,306
125,PADARI,06-12-2022,16,558
125,PADARI,07-12-2022,9,297
125,PADARI,08-12-2022,9,378
125,PADARI,09-12-2022,11,387
125,PADARI,10-12-2022,20,441
125,PADARI,11-12-2022,14,414
125,PADARI,12-12-2022,12,405
125,PADARI,13-12-2022,16,396
125,PADARI,14-12-2022,16,369
125,PADARI,15-12-2022,14,306
125,PADARI,16-12-2022,11,306
125,PADARI,17-12-2022,14,279
125,PADARI,18-12-2022,11,387
125,PADARI,19-12-2022,10,315
125,PADARI,20-12-2022,13,450
125,PADARI,21-12-2022,15,378
125,PADARI,22-12-2022,16,396
125,PADARI,23-12-2022,13,315
125,PADARI,24-12-2022,18,405
125,PADARI,25-12-2022,17,441
125,PADARI,26-12-2022,25,612
125,PADARI,27-12-2022,25,612
125,PADARI,28-12-2022,22,585
125,PADARI,29-12-2022,16,504
125,PADARI,30-12-2022,20,468
125,PADARI,31-12-2022,11,279
125,PADARI,01-01-2023,11,279
125,PADARI,02-01-2023,7,180
125,PADARI,03-01-2023,17,414
125,PADARI,04-01-2023,11,252
125,PADARI,05-01-2023,21,567
125,PADARI,06-01-2023,12,432
125,PADARI,07-01-2023,15,459
125,PADARI,08-01-2023,18,432
125,PADARI,09-01-2023,12,378
125,PADARI,10-01-2023,15,324
125,PADARI,11-01-2023,16,369
125,PADARI,12-01-2023,22,504
125,PADARI,13-01-2023,18,486
125,PADARI,14-01-2023,13,342
125,PADARI,15-01-2023,17,441
125,PADARI,16-01-2023,16,477
125,PADARI,17-01-2023,15,486
125,PADARI,18-01-2023,16,504
125,PADARI,19-01-2023,22,504
125,PADARI,20-01-2023,10,342
125,PADARI,21-01-2023,15,432
125,PADARI,22-01-2023,12,324
125,PADARI,23-01-2023,8,252
125,PADARI,24-01-2023,16,369
125,PADARI,25-01-2023,13,396
125,PADARI,26-01-2023,13,396
125,PADARI,27-01-2023,12,270
125,PADARI,28-01-2023,5,171
125,PADARI,29-01-2023,9,297
125,PADARI,30-01-2023,15,351
126,BELHAURA,13-11-2022,9,162
126,BELHAURA,14-11-2022,10,180
126,BELHAURA,15-11-2022,20,387
126,BELHAURA,16-11-2022,20,387
126,BELHAURA,17-11-2022,22,477
126,BELHAURA,18-11-2022,10,234
126,BELHAURA,19-11-2022,7,207
126,BELHAURA,20-11-2022,6,108
126,BELHAURA,21-11-2022,11,306
126,BELHAURA,22-11-2022,14,252
126,BELHAURA,23-11-2022,12,270
126,BELHAURA,24-11-2022,8,198
126,BELHAURA,25-11-2022,12,378
126,BELHAURA,26-11-2022,11,279
126,BELHAURA,27-11-2022,17,360
126,BELHAURA,28-11-2022,15,297
126,BELHAURA,29-11-2022,19,477
126,BELHAURA,30-11-2022,16,504
126,BELHAURA,01-12-2022,5,198
126,BELHAURA,04-12-2022,6,135
126,BELHAURA,05-12-2022,8,198
126,BELHAURA,06-12-2022,13,288
126,BELHAURA,07-12-2022,10,234
126,BELHAURA,08-12-2022,7,207
126,BELHAURA,09-12-2022,11,279
126,BELHAURA,11-12-2022,9,216
126,BELHAURA,12-12-2022,6,189
126,BELHAURA,13-12-2022,15,378
126,BELHAURA,14-12-2022,11,279
126,BELHAURA,16-12-2022,10,207
126,BELHAURA,17-12-2022,7,207
126,BELHAURA,18-12-2022,10,207
126,BELHAURA,19-12-2022,7,180
126,BELHAURA,20-12-2022,13,315
126,BELHAURA,21-12-2022,14,279
126,BELHAURA,22-12-2022,17,387
126,BELHAURA,23-12-2022,12,351
126,BELHAURA,24-12-2022,19,396
126,BELHAURA,25-12-2022,13,288
126,BELHAURA,26-12-2022,13,315
126,BELHAURA,27-12-2022,9,297
126,BELHAURA,28-12-2022,10,288
126,BELHAURA,29-12-2022,9,270
126,BELHAURA,30-12-2022,10,261
126,BELHAURA,31-12-2022,7,234
126,BELHAURA,01-01-2023,14,279
126,BELHAURA,02-01-2023,8,198
126,BELHAURA,03-01-2023,10,207
126,BELHAURA,04-01-2023,14,279
126,BELHAURA,05-01-2023,17,360
126,BELHAURA,06-01-2023,18,351
126,BELHAURA,07-01-2023,16,423
126,BELHAURA,08-01-2023,15,378
126,BELHAURA,09-01-2023,13,315
126,BELHAURA,10-01-2023,12,378
126,BELHAURA,11-01-2023,12,324
126,BELHAURA,12-01-2023,13,288
126,BELHAURA,13-01-2023,11,333
126,BELHAURA,14-01-2023,11,333
126,BELHAURA,15-01-2023,11,279
126,BELHAURA,16-01-2023,14,306
126,BELHAURA,17-01-2023,11,333
126,BELHAURA,18-01-2023,14,333
126,BELHAURA,19-01-2023,5,171
126,BELHAURA,20-01-2023,9,216
126,BELHAURA,21-01-2023,14,333
126,BELHAURA,22-01-2023,13,315
126,BELHAURA,23-01-2023,6,189
126,BELHAURA,24-01-2023,19,450
126,BELHAURA,25-01-2023,17,441
126,BELHAURA,26-01-2023,8,225
126,BELHAURA,27-01-2023,11,252
126,BELHAURA,28-01-2023,6,189
126,BELHAURA,29-01-2023,7,234
126,BELHAURA,30-01-2023,1,18
127,NAINIHA II,15-11-2022,10,423
127,NAINIHA II,16-11-2022,15,648
127,NAINIHA II,17-11-2022,18,810
127,NAINIHA II,18-11-2022,12,540
127,NAINIHA II,19-11-2022,5,225
127,NAINIHA II,21-11-2022,7,315
127,NAINIHA II,22-11-2022,5,225
127,NAINIHA II,23-11-2022,9,405
127,NAINIHA II,24-11-2022,12,540
127,NAINIHA II,28-11-2022,1,18
128,JHALA N II,13-11-2022,19,369
128,JHALA N II,14-11-2022,14,360
128,JHALA N II,15-11-2022,17,522
128,JHALA N II,16-11-2022,19,585
128,JHALA N II,17-11-2022,20,711
128,JHALA N II,18-11-2022,16,504
128,JHALA N II,22-11-2022,6,243
128,JHALA N II,23-11-2022,5,171
128,JHALA N II,24-11-2022,13,342
128,JHALA N II,25-11-2022,15,486
128,JHALA N II,26-11-2022,20,630
128,JHALA N II,27-11-2022,13,369
128,JHALA N II,28-11-2022,32,1278
128,JHALA N II,29-11-2022,12,513
128,JHALA N II,30-11-2022,15,459
128,JHALA N II,01-12-2022,15,567
128,JHALA N II,02-12-2022,12,513
128,JHALA N II,03-12-2022,13,396
128,JHALA N II,04-12-2022,8,306
128,JHALA N II,05-12-2022,5,198
128,JHALA N II,06-12-2022,8,306
128,JHALA N II,07-12-2022,12,486
128,JHALA N II,08-12-2022,6,270
128,JHALA N II,09-12-2022,26,954
128,JHALA N II,10-12-2022,15,513
128,JHALA N II,11-12-2022,15,513
128,JHALA N II,12-12-2022,13,504
128,JHALA N II,13-12-2022,15,513
128,JHALA N II,14-12-2022,16,504
128,JHALA N II,15-12-2022,15,540
128,JHALA N II,16-12-2022,15,513
128,JHALA N II,17-12-2022,13,504
128,JHALA N II,18-12-2022,17,495
128,JHALA N II,19-12-2022,13,531
128,JHALA N II,20-12-2022,17,603
128,JHALA N II,21-12-2022,15,513
128,JHALA N II,22-12-2022,16,531
128,JHALA N II,23-12-2022,15,513
128,JHALA N II,24-12-2022,14,495
128,JHALA N II,25-12-2022,17,576
128,JHALA N II,26-12-2022,16,558
128,JHALA N II,27-12-2022,15,486
128,JHALA N II,28-12-2022,12,405
128,JHALA N II,29-12-2022,7,288
128,JHALA N II,30-12-2022,8,333
128,JHALA N II,31-12-2022,7,261
128,JHALA N II,01-01-2023,8,306
128,JHALA N II,02-01-2023,11,306
128,JHALA N II,03-01-2023,7,261
128,JHALA N II,04-01-2023,20,657
128,JHALA N II,05-01-2023,14,522
128,JHALA N II,06-01-2023,13,477
128,JHALA N II,08-01-2023,1,45
128,JHALA N II,12-01-2023,8,333
128,JHALA N II,13-01-2023,12,351
128,JHALA N II,14-01-2023,8,225
128,JHALA N II,15-01-2023,14,495
128,JHALA N II,16-01-2023,13,504
128,JHALA N II,17-01-2023,16,504
128,JHALA N II,18-01-2023,3,108
128,JHALA N II,21-01-2023,4,153
128,JHALA N II,22-01-2023,4,153
128,JHALA N II,23-01-2023,5,171
128,JHALA N II,24-01-2023,4,153
128,JHALA N II,25-01-2023,1,18
128,JHALA N II,26-01-2023,8,279
128,JHALA N II,28-01-2023,12,378
128,JHALA N II,29-01-2023,4,126
128,JHALA N II,30-01-2023,16,504
129,KATHOUTIYA II,08-12-2022,9,162
129,KATHOUTIYA II,09-12-2022,7,153
129,KATHOUTIYA II,11-12-2022,7,207
129,KATHOUTIYA II,12-12-2022,7,153
129,KATHOUTIYA II,13-12-2022,4,153
129,KATHOUTIYA II,14-12-2022,6,162
129,KATHOUTIYA II,15-12-2022,9,216
129,KATHOUTIYA II,16-12-2022,6,216
129,KATHOUTIYA II,17-12-2022,7,207
129,KATHOUTIYA II,18-12-2022,9,270
129,KATHOUTIYA II,19-12-2022,7,234
129,KATHOUTIYA II,20-12-2022,9,189
129,KATHOUTIYA II,21-12-2022,7,207
129,KATHOUTIYA II,22-12-2022,6,189
129,KATHOUTIYA II,23-12-2022,7,207
129,KATHOUTIYA II,24-12-2022,5,171
129,KATHOUTIYA II,25-12-2022,5,171
129,KATHOUTIYA II,26-12-2022,5,171
129,KATHOUTIYA II,27-12-2022,6,162
129,KATHOUTIYA II,28-12-2022,7,180
129,KATHOUTIYA II,29-12-2022,5,198
129,KATHOUTIYA II,30-12-2022,9,162
129,KATHOUTIYA II,02-01-2023,8,198
129,KATHOUTIYA II,03-01-2023,6,189
129,KATHOUTIYA II,04-01-2023,11,252
129,KATHOUTIYA II,05-01-2023,8,198
129,KATHOUTIYA II,06-01-2023,7,180
129,KATHOUTIYA II,07-01-2023,7,234
129,KATHOUTIYA II,08-01-2023,5,144
129,KATHOUTIYA II,09-01-2023,5,171
129,KATHOUTIYA II,10-01-2023,7,153
129,KATHOUTIYA II,11-01-2023,5,144
129,KATHOUTIYA II,13-01-2023,7,207
129,KATHOUTIYA II,14-01-2023,3,81
129,KATHOUTIYA II,15-01-2023,8,225
129,KATHOUTIYA II,16-01-2023,4,72
129,KATHOUTIYA II,17-01-2023,3,54
129,KATHOUTIYA II,18-01-2023,5,144
129,KATHOUTIYA II,19-01-2023,7,207
129,KATHOUTIYA II,23-01-2023,1,18
129,KATHOUTIYA II,27-01-2023,6,108
129,KATHOUTIYA II,30-01-2023,4,99
130,ISSANAGAR - III,13-11-2022,7,126
130,ISSANAGAR - III,14-11-2022,7,126
130,ISSANAGAR - III,15-11-2022,19,396
130,ISSANAGAR - III,16-11-2022,14,279
130,ISSANAGAR - III,17-11-2022,12,405
130,ISSANAGAR - III,18-11-2022,7,180
130,ISSANAGAR - III,19-11-2022,8,252
130,ISSANAGAR - III,21-11-2022,7,180
130,ISSANAGAR - III,23-11-2022,11,279
130,ISSANAGAR - III,24-11-2022,15,459
130,ISSANAGAR - III,25-11-2022,21,567
130,ISSANAGAR - III,26-11-2022,24,648
130,ISSANAGAR - III,27-11-2022,26,711
130,ISSANAGAR - III,28-11-2022,17,522
130,ISSANAGAR - III,29-11-2022,20,495
130,ISSANAGAR - III,30-11-2022,21,540
130,ISSANAGAR - III,01-12-2022,20,603
130,ISSANAGAR - III,02-12-2022,27,702
130,ISSANAGAR - III,03-12-2022,11,306
130,ISSANAGAR - III,04-12-2022,18,567
130,ISSANAGAR - III,05-12-2022,14,414
130,ISSANAGAR - III,06-12-2022,16,504
130,ISSANAGAR - III,07-12-2022,19,450
130,ISSANAGAR - III,08-12-2022,14,495
130,ISSANAGAR - III,09-12-2022,18,567
130,ISSANAGAR - III,10-12-2022,23,576
130,ISSANAGAR - III,11-12-2022,18,486
130,ISSANAGAR - III,12-12-2022,20,630
130,ISSANAGAR - III,13-12-2022,26,603
130,ISSANAGAR - III,14-12-2022,19,558
130,ISSANAGAR - III,15-12-2022,18,513
130,ISSANAGAR - III,16-12-2022,23,522
130,ISSANAGAR - III,17-12-2022,21,513
130,ISSANAGAR - III,18-12-2022,17,549
130,ISSANAGAR - III,19-12-2022,18,513
130,ISSANAGAR - III,20-12-2022,19,531
130,ISSANAGAR - III,21-12-2022,17,495
130,ISSANAGAR - III,22-12-2022,21,486
130,ISSANAGAR - III,23-12-2022,18,513
130,ISSANAGAR - III,24-12-2022,21,675
130,ISSANAGAR - III,25-12-2022,20,576
130,ISSANAGAR - III,26-12-2022,19,504
130,ISSANAGAR - III,27-12-2022,20,522
130,ISSANAGAR - III,28-12-2022,18,432
130,ISSANAGAR - III,29-12-2022,14,441
130,ISSANAGAR - III,30-12-2022,18,513
130,ISSANAGAR - III,31-12-2022,21,486
130,ISSANAGAR - III,01-01-2023,12,297
130,ISSANAGAR - III,02-01-2023,7,207
130,ISSANAGAR - III,03-01-2023,20,576
130,ISSANAGAR - III,04-01-2023,18,540
130,ISSANAGAR - III,05-01-2023,18,486
130,ISSANAGAR - III,06-01-2023,21,513
130,ISSANAGAR - III,07-01-2023,18,513
130,ISSANAGAR - III,08-01-2023,19,504
130,ISSANAGAR - III,09-01-2023,18,513
130,ISSANAGAR - III,10-01-2023,19,531
130,ISSANAGAR - III,11-01-2023,17,468
130,ISSANAGAR - III,12-01-2023,23,549
130,ISSANAGAR - III,13-01-2023,19,585
130,ISSANAGAR - III,14-01-2023,28,720
130,ISSANAGAR - III,15-01-2023,25,720
130,ISSANAGAR - III,16-01-2023,24,702
130,ISSANAGAR - III,17-01-2023,24,729
130,ISSANAGAR - III,18-01-2023,16,477
130,ISSANAGAR - III,19-01-2023,14,468
130,ISSANAGAR - III,20-01-2023,12,324
130,ISSANAGAR - III,21-01-2023,16,396
130,ISSANAGAR - III,22-01-2023,20,522
130,ISSANAGAR - III,23-01-2023,18,432
130,ISSANAGAR - III,24-01-2023,14,414
130,ISSANAGAR - III,25-01-2023,12,405
130,ISSANAGAR - III,26-01-2023,18,486
130,ISSANAGAR - III,27-01-2023,20,576
130,ISSANAGAR - III,28-01-2023,29,765
130,ISSANAGAR - III,29-01-2023,20,468
130,ISSANAGAR - III,30-01-2023,20,468
131,GANJ,03-12-2022,15,324
131,GANJ,04-12-2022,8,306
131,GANJ,05-12-2022,6,243
131,GANJ,06-12-2022,5,171
131,GANJ,07-12-2022,6,243
131,GANJ,09-12-2022,3,135
131,GANJ,10-12-2022,8,279
131,GANJ,11-12-2022,8,306
131,GANJ,12-12-2022,7,261
131,GANJ,13-12-2022,9,270
131,GANJ,14-12-2022,7,288
131,GANJ,15-12-2022,11,333
131,GANJ,16-12-2022,10,369
131,GANJ,17-12-2022,3,108
131,GANJ,18-12-2022,11,360
131,GANJ,19-12-2022,7,288
131,GANJ,20-12-2022,8,333
131,GANJ,21-12-2022,5,198
131,GANJ,22-12-2022,4,180
131,GANJ,23-12-2022,9,324
131,GANJ,24-12-2022,8,306
131,GANJ,25-12-2022,9,324
131,GANJ,26-12-2022,7,234
131,GANJ,27-12-2022,7,288
131,GANJ,28-12-2022,9,324
131,GANJ,29-12-2022,8,333
131,GANJ,30-12-2022,8,306
131,GANJ,31-12-2022,5,171
131,GANJ,01-01-2023,8,279
131,GANJ,03-01-2023,8,306
131,GANJ,04-01-2023,7,261
131,GANJ,05-01-2023,7,288
131,GANJ,06-01-2023,8,306
131,GANJ,07-01-2023,5,198
131,GANJ,08-01-2023,5,198
131,GANJ,09-01-2023,8,306
131,GANJ,10-01-2023,5,198
131,GANJ,11-01-2023,5,198
131,GANJ,12-01-2023,8,333
131,GANJ,13-01-2023,8,333
131,GANJ,14-01-2023,8,279
131,GANJ,15-01-2023,17,684
131,GANJ,16-01-2023,16,504
131,GANJ,17-01-2023,11,414
131,GANJ,18-01-2023,4,99
131,GANJ,19-01-2023,5,198
131,GANJ,20-01-2023,8,225
131,GANJ,21-01-2023,6,162
131,GANJ,23-01-2023,5,171
131,GANJ,24-01-2023,4,126
131,GANJ,30-01-2023,15,459
132,RATANGANJ I,03-12-2022,21,378
132,RATANGANJ I,04-12-2022,18,405
132,RATANGANJ I,05-12-2022,15,351
132,RATANGANJ I,06-12-2022,12,459
132,RATANGANJ I,07-12-2022,17,468
132,RATANGANJ I,10-12-2022,17,522
132,RATANGANJ I,11-12-2022,9,270
132,RATANGANJ I,12-12-2022,12,297
132,RATANGANJ I,13-12-2022,10,369
132,RATANGANJ I,14-12-2022,11,333
132,RATANGANJ I,15-12-2022,25,909
132,RATANGANJ I,16-12-2022,19,666
132,RATANGANJ I,17-12-2022,26,819
132,RATANGANJ I,18-12-2022,25,855
132,RATANGANJ I,19-12-2022,18,702
132,RATANGANJ I,20-12-2022,26,981
132,RATANGANJ I,21-12-2022,17,522
132,RATANGANJ I,22-12-2022,23,765
132,RATANGANJ I,23-12-2022,20,657
132,RATANGANJ I,24-12-2022,20,603
132,RATANGANJ I,25-12-2022,20,603
132,RATANGANJ I,26-12-2022,16,666
132,RATANGANJ I,27-12-2022,27,729
132,RATANGANJ I,28-12-2022,23,765
132,RATANGANJ I,29-12-2022,14,495
132,RATANGANJ I,30-12-2022,19,531
132,RATANGANJ I,31-12-2022,17,630
132,RATANGANJ I,01-01-2023,14,414
132,RATANGANJ I,03-01-2023,10,288
132,RATANGANJ I,04-01-2023,21,594
132,RATANGANJ I,05-01-2023,28,936
132,RATANGANJ I,06-01-2023,27,891
132,RATANGANJ I,07-01-2023,12,405
132,RATANGANJ I,08-01-2023,21,729
132,RATANGANJ I,09-01-2023,17,495
132,RATANGANJ I,10-01-2023,21,540
132,RATANGANJ I,11-01-2023,14,360
132,RATANGANJ I,12-01-2023,22,747
132,RATANGANJ I,13-01-2023,22,747
132,RATANGANJ I,14-01-2023,24,729
132,RATANGANJ I,15-01-2023,20,630
132,RATANGANJ I,16-01-2023,21,675
132,RATANGANJ I,17-01-2023,19,693
132,RATANGANJ I,18-01-2023,22,720
132,RATANGANJ I,19-01-2023,21,702
132,RATANGANJ I,20-01-2023,18,648
132,RATANGANJ I,21-01-2023,23,846
132,RATANGANJ I,22-01-2023,21,648
132,RATANGANJ I,23-01-2023,15,513
132,RATANGANJ I,24-01-2023,22,747
132,RATANGANJ I,25-01-2023,22,720
132,RATANGANJ I,26-01-2023,11,279
132,RATANGANJ I,27-01-2023,13,423
132,RATANGANJ I,28-01-2023,30,837
132,RATANGANJ I,29-01-2023,25,801
132,RATANGANJ I,30-01-2023,25,828
133,RATANGANJ II,03-12-2022,15,405
133,RATANGANJ II,04-12-2022,14,387
133,RATANGANJ II,05-12-2022,6,270
133,RATANGANJ II,06-12-2022,7,261
133,RATANGANJ II,07-12-2022,7,315
133,RATANGANJ II,09-12-2022,5,225
133,RATANGANJ II,10-12-2022,10,450
133,RATANGANJ II,11-12-2022,8,360
133,RATANGANJ II,12-12-2022,8,333
133,RATANGANJ II,13-12-2022,8,306
133,RATANGANJ II,14-12-2022,6,243
133,RATANGANJ II,15-12-2022,13,558
133,RATANGANJ II,16-12-2022,12,432
133,RATANGANJ II,17-12-2022,11,468
133,RATANGANJ II,18-12-2022,10,423
133,RATANGANJ II,19-12-2022,14,549
133,RATANGANJ II,20-12-2022,13,558
133,RATANGANJ II,21-12-2022,5,171
133,RATANGANJ II,22-12-2022,4,153
133,RATANGANJ II,23-12-2022,13,477
133,RATANGANJ II,24-12-2022,11,468
133,RATANGANJ II,25-12-2022,13,531
133,RATANGANJ II,26-12-2022,11,360
133,RATANGANJ II,27-12-2022,9,378
133,RATANGANJ II,28-12-2022,8,333
133,RATANGANJ II,29-12-2022,12,351
133,RATANGANJ II,30-12-2022,8,279
133,RATANGANJ II,31-12-2022,3,108
133,RATANGANJ II,01-01-2023,7,288
133,RATANGANJ II,02-01-2023,8,252
133,RATANGANJ II,03-01-2023,9,378
133,RATANGANJ II,04-01-2023,6,189
133,RATANGANJ II,05-01-2023,16,639
133,RATANGANJ II,06-01-2023,19,801
133,RATANGANJ II,07-01-2023,9,351
133,RATANGANJ II,08-01-2023,11,441
133,RATANGANJ II,09-01-2023,12,540
133,RATANGANJ II,10-01-2023,10,396
133,RATANGANJ II,11-01-2023,8,360
133,RATANGANJ II,12-01-2023,5,171
133,RATANGANJ II,13-01-2023,13,477
133,RATANGANJ II,14-01-2023,8,279
133,RATANGANJ II,15-01-2023,13,423
133,RATANGANJ II,16-01-2023,11,441
133,RATANGANJ II,17-01-2023,13,504
133,RATANGANJ II,18-01-2023,12,486
133,RATANGANJ II,19-01-2023,12,486
133,RATANGANJ II,20-01-2023,9,324
133,RATANGANJ II,21-01-2023,6,243
133,RATANGANJ II,22-01-2023,6,243
133,RATANGANJ II,23-01-2023,10,369
133,RATANGANJ II,24-01-2023,7,234
133,RATANGANJ II,25-01-2023,4,126
133,RATANGANJ II,26-01-2023,3,135
133,RATANGANJ II,27-01-2023,4,126
133,RATANGANJ II,28-01-2023,11,279
133,RATANGANJ II,29-01-2023,9,324
133,RATANGANJ II,30-01-2023,16,585
134,RATANGANJ III,03-12-2022,5,117
134,RATANGANJ III,04-12-2022,10,288
134,RATANGANJ III,05-12-2022,3,108
134,RATANGANJ III,06-12-2022,5,225
134,RATANGANJ III,07-12-2022,7,207
134,RATANGANJ III,09-12-2022,5,198
134,RATANGANJ III,10-12-2022,12,351
134,RATANGANJ III,11-12-2022,7,288
134,RATANGANJ III,12-12-2022,8,225
134,RATANGANJ III,13-12-2022,8,306
134,RATANGANJ III,14-12-2022,9,297
134,RATANGANJ III,15-12-2022,9,351
134,RATANGANJ III,16-12-2022,11,414
134,RATANGANJ III,17-12-2022,7,261
134,RATANGANJ III,18-12-2022,8,333
134,RATANGANJ III,19-12-2022,7,288
134,RATANGANJ III,20-12-2022,12,459
134,RATANGANJ III,21-12-2022,5,198
134,RATANGANJ III,22-12-2022,7,261
134,RATANGANJ III,24-12-2022,9,297
134,RATANGANJ III,25-12-2022,10,315
134,RATANGANJ III,26-12-2022,7,288
134,RATANGANJ III,27-12-2022,7,261
134,RATANGANJ III,28-12-2022,4,153
134,RATANGANJ III,29-12-2022,10,315
134,RATANGANJ III,30-12-2022,6,270
134,RATANGANJ III,31-12-2022,7,261
134,RATANGANJ III,01-01-2023,9,270
134,RATANGANJ III,02-01-2023,7,207
134,RATANGANJ III,03-01-2023,5,198
134,RATANGANJ III,04-01-2023,12,513
134,RATANGANJ III,05-01-2023,22,747
134,RATANGANJ III,06-01-2023,16,558
134,RATANGANJ III,07-01-2023,3,135
134,RATANGANJ III,08-01-2023,10,396
134,RATANGANJ III,09-01-2023,10,315
134,RATANGANJ III,10-01-2023,3,108
134,RATANGANJ III,11-01-2023,8,225
134,RATANGANJ III,12-01-2023,5,198
134,RATANGANJ III,13-01-2023,14,414
134,RATANGANJ III,14-01-2023,8,306
134,RATANGANJ III,15-01-2023,10,423
134,RATANGANJ III,16-01-2023,9,351
134,RATANGANJ III,17-01-2023,15,540
134,RATANGANJ III,18-01-2023,11,360
134,RATANGANJ III,19-01-2023,13,531
134,RATANGANJ III,20-01-2023,7,315
134,RATANGANJ III,21-01-2023,8,252
134,RATANGANJ III,22-01-2023,6,270
134,RATANGANJ III,23-01-2023,5,225
134,RATANGANJ III,24-01-2023,7,180
134,RATANGANJ III,25-01-2023,6,270
134,RATANGANJ III,26-01-2023,7,261
134,RATANGANJ III,27-01-2023,7,261
134,RATANGANJ III,28-01-2023,13,288
134,RATANGANJ III,29-01-2023,11,306
134,RATANGANJ III,30-01-2023,14,414
135,GATE (MAHMOODABAD),15-11-2022,8,504
135,GATE (MAHMOODABAD),16-11-2022,8,504
135,GATE (MAHMOODABAD),17-11-2022,8,504
135,GATE (MAHMOODABAD),18-11-2022,8,504
135,GATE (MAHMOODABAD),19-11-2022,8,504
135,GATE (MAHMOODABAD),21-11-2022,5,315
135,GATE (MAHMOODABAD),22-11-2022,5,315
135,GATE (MAHMOODABAD),23-11-2022,4,252
135,GATE (MAHMOODABAD),24-11-2022,5,315
135,GATE (MAHMOODABAD),25-11-2022,5,315
135,GATE (MAHMOODABAD),26-11-2022,7,441
135,GATE (MAHMOODABAD),27-11-2022,7,441
135,GATE (MAHMOODABAD),28-11-2022,8,504
135,GATE (MAHMOODABAD),29-11-2022,8,504
135,GATE (MAHMOODABAD),30-11-2022,8,504
135,GATE (MAHMOODABAD),01-12-2022,8,504
135,GATE (MAHMOODABAD),02-12-2022,8,504
135,GATE (MAHMOODABAD),03-12-2022,8,504
135,GATE (MAHMOODABAD),04-12-2022,8,504
135,GATE (MAHMOODABAD),05-12-2022,8,504
135,GATE (MAHMOODABAD),06-12-2022,4,252
135,GATE (MAHMOODABAD),07-12-2022,5,315
135,GATE (MAHMOODABAD),08-12-2022,8,504
135,GATE (MAHMOODABAD),09-12-2022,8,504
135,GATE (MAHMOODABAD),10-12-2022,8,504
135,GATE (MAHMOODABAD),11-12-2022,4,252
135,GATE (MAHMOODABAD),12-12-2022,8,504
135,GATE (MAHMOODABAD),13-12-2022,8,504
135,GATE (MAHMOODABAD),14-12-2022,8,504
135,GATE (MAHMOODABAD),15-12-2022,8,504
135,GATE (MAHMOODABAD),16-12-2022,8,504
135,GATE (MAHMOODABAD),17-12-2022,8,504
135,GATE (MAHMOODABAD),18-12-2022,8,504
135,GATE (MAHMOODABAD),19-12-2022,8,504
135,GATE (MAHMOODABAD),20-12-2022,8,504
135,GATE (MAHMOODABAD),22-12-2022,8,504
135,GATE (MAHMOODABAD),23-12-2022,7,441
135,GATE (MAHMOODABAD),24-12-2022,7,441
135,GATE (MAHMOODABAD),25-12-2022,8,504
135,GATE (MAHMOODABAD),26-12-2022,8,504
135,GATE (MAHMOODABAD),27-12-2022,8,504
135,GATE (MAHMOODABAD),28-12-2022,8,504
135,GATE (MAHMOODABAD),29-12-2022,8,504
135,GATE (MAHMOODABAD),30-12-2022,3,189
135,GATE (MAHMOODABAD),31-12-2022,8,504
135,GATE (MAHMOODABAD),01-01-2023,5,315
135,GATE (MAHMOODABAD),03-01-2023,8,504
135,GATE (MAHMOODABAD),04-01-2023,8,504
135,GATE (MAHMOODABAD),05-01-2023,8,504
135,GATE (MAHMOODABAD),06-01-2023,8,504
135,GATE (MAHMOODABAD),07-01-2023,8,504
135,GATE (MAHMOODABAD),09-01-2023,4,252
135,GATE (MAHMOODABAD),11-01-2023,3,189
135,GATE (MAHMOODABAD),12-01-2023,4,252
135,GATE (MAHMOODABAD),13-01-2023,5,315
135,GATE (MAHMOODABAD),14-01-2023,5,315
135,GATE (MAHMOODABAD),15-01-2023,5,315
135,GATE (MAHMOODABAD),16-01-2023,8,504
135,GATE (MAHMOODABAD),17-01-2023,4,252
135,GATE (MAHMOODABAD),18-01-2023,4,252
135,GATE (MAHMOODABAD),19-01-2023,8,504
135,GATE (MAHMOODABAD),20-01-2023,4,252
135,GATE (MAHMOODABAD),21-01-2023,8,504
135,GATE (MAHMOODABAD),22-01-2023,8,504
135,GATE (MAHMOODABAD),23-01-2023,5,315
135,GATE (MAHMOODABAD),24-01-2023,7,441
135,GATE (MAHMOODABAD),25-01-2023,7,441
135,GATE (MAHMOODABAD),26-01-2023,8,504
135,GATE (MAHMOODABAD),27-01-2023,5,315
135,GATE (MAHMOODABAD),28-01-2023,4,252
135,GATE (MAHMOODABAD),29-01-2023,4,252
135,GATE (MAHMOODABAD),30-01-2023,4,252
136,AIRA KATHOUTIYA II ,08-12-2022,3,54
136,AIRA KATHOUTIYA II ,09-12-2022,2,36
136,AIRA KATHOUTIYA II ,11-12-2022,1,18
136,AIRA KATHOUTIYA II ,12-12-2022,2,90
136,AIRA KATHOUTIYA II ,13-12-2022,2,63
136,AIRA KATHOUTIYA II ,14-12-2022,1,18
136,AIRA KATHOUTIYA II ,15-12-2022,2,36
136,AIRA KATHOUTIYA II ,16-12-2022,1,45
136,AIRA KATHOUTIYA II ,17-12-2022,3,81
136,AIRA KATHOUTIYA II ,19-12-2022,4,153
136,AIRA KATHOUTIYA II ,20-12-2022,2,63
136,AIRA KATHOUTIYA II ,21-12-2022,2,90
136,AIRA KATHOUTIYA II ,22-12-2022,2,63
136,AIRA KATHOUTIYA II ,23-12-2022,1,45
136,AIRA KATHOUTIYA II ,24-12-2022,2,63
136,AIRA KATHOUTIYA II ,25-12-2022,2,90
136,AIRA KATHOUTIYA II ,26-12-2022,3,81
136,AIRA KATHOUTIYA II ,27-12-2022,2,90
136,AIRA KATHOUTIYA II ,28-12-2022,1,18
136,AIRA KATHOUTIYA II ,29-12-2022,4,99
136,AIRA KATHOUTIYA II ,30-12-2022,1,45
136,AIRA KATHOUTIYA II ,31-12-2022,8,252
136,AIRA KATHOUTIYA II ,01-01-2023,4,153
136,AIRA KATHOUTIYA II ,02-01-2023,3,135
136,AIRA KATHOUTIYA II ,03-01-2023,10,315
136,AIRA KATHOUTIYA II ,04-01-2023,7,207
136,AIRA KATHOUTIYA II ,05-01-2023,6,216
136,AIRA KATHOUTIYA II ,06-01-2023,7,207
136,AIRA KATHOUTIYA II ,07-01-2023,7,261
136,AIRA KATHOUTIYA II ,09-01-2023,3,135
136,AIRA KATHOUTIYA II ,10-01-2023,3,108
136,AIRA KATHOUTIYA II ,11-01-2023,7,180
136,AIRA KATHOUTIYA II ,13-01-2023,4,126
136,AIRA KATHOUTIYA II ,14-01-2023,4,126
136,AIRA KATHOUTIYA II ,15-01-2023,2,90
136,AIRA KATHOUTIYA II ,16-01-2023,2,63
136,AIRA KATHOUTIYA II ,17-01-2023,3,108
136,AIRA KATHOUTIYA II ,18-01-2023,3,108
136,AIRA KATHOUTIYA II ,19-01-2023,4,126
136,AIRA KATHOUTIYA II ,20-01-2023,4,153
136,AIRA KATHOUTIYA II ,21-01-2023,3,108
136,AIRA KATHOUTIYA II ,22-01-2023,4,126
136,AIRA KATHOUTIYA II ,23-01-2023,4,126
136,AIRA KATHOUTIYA II ,24-01-2023,5,144
136,AIRA KATHOUTIYA II ,25-01-2023,4,153
136,AIRA KATHOUTIYA II ,26-01-2023,3,108
136,AIRA KATHOUTIYA II ,27-01-2023,4,126
136,AIRA KATHOUTIYA II ,28-01-2023,3,135
136,AIRA KATHOUTIYA II ,29-01-2023,3,108
136,AIRA KATHOUTIYA II ,30-01-2023,2,90
137,JALLAPUR MAHSI,16-11-2022,17,306
137,JALLAPUR MAHSI,17-11-2022,22,396
137,JALLAPUR MAHSI,18-11-2022,20,360
137,JALLAPUR MAHSI,19-11-2022,21,378
137,JALLAPUR MAHSI,21-11-2022,11,198
137,JALLAPUR MAHSI,22-11-2022,22,396
137,JALLAPUR MAHSI,23-11-2022,17,360
137,JALLAPUR MAHSI,24-11-2022,14,279
137,JALLAPUR MAHSI,25-11-2022,28,585
137,JALLAPUR MAHSI,26-11-2022,26,495
137,JALLAPUR MAHSI,27-11-2022,30,567
137,JALLAPUR MAHSI,28-11-2022,23,441
137,JALLAPUR MAHSI,01-12-2022,21,378
137,JALLAPUR MAHSI,02-12-2022,19,396
137,JALLAPUR MAHSI,03-12-2022,26,522
137,JALLAPUR MAHSI,04-12-2022,21,486
137,JALLAPUR MAHSI,05-12-2022,15,378
137,JALLAPUR MAHSI,06-12-2022,13,261
137,JALLAPUR MAHSI,07-12-2022,17,360
137,JALLAPUR MAHSI,08-12-2022,18,405
137,JALLAPUR MAHSI,10-12-2022,18,405
137,JALLAPUR MAHSI,12-12-2022,20,387
137,JALLAPUR MAHSI,13-12-2022,24,459
137,JALLAPUR MAHSI,14-12-2022,20,414
137,JALLAPUR MAHSI,15-12-2022,16,396
137,JALLAPUR MAHSI,16-12-2022,19,396
137,JALLAPUR MAHSI,17-12-2022,20,414
137,JALLAPUR MAHSI,18-12-2022,19,369
137,JALLAPUR MAHSI,19-12-2022,17,414
137,JALLAPUR MAHSI,20-12-2022,16,396
137,JALLAPUR MAHSI,21-12-2022,21,405
137,JALLAPUR MAHSI,22-12-2022,22,396
137,JALLAPUR MAHSI,23-12-2022,21,405
137,JALLAPUR MAHSI,24-12-2022,21,405
137,JALLAPUR MAHSI,25-12-2022,23,468
137,JALLAPUR MAHSI,26-12-2022,27,594
137,JALLAPUR MAHSI,27-12-2022,27,567
137,JALLAPUR MAHSI,28-12-2022,34,612
137,JALLAPUR MAHSI,29-12-2022,24,486
137,JALLAPUR MAHSI,30-12-2022,24,486
137,JALLAPUR MAHSI,31-12-2022,7,126
137,JALLAPUR MAHSI,01-01-2023,9,189
137,JALLAPUR MAHSI,02-01-2023,10,207
137,JALLAPUR MAHSI,03-01-2023,16,369
137,JALLAPUR MAHSI,04-01-2023,18,378
137,JALLAPUR MAHSI,05-01-2023,21,432
137,JALLAPUR MAHSI,06-01-2023,21,432
137,JALLAPUR MAHSI,07-01-2023,21,405
137,JALLAPUR MAHSI,08-01-2023,19,369
137,JALLAPUR MAHSI,10-01-2023,18,378
137,JALLAPUR MAHSI,11-01-2023,19,423
137,JALLAPUR MAHSI,14-01-2023,26,522
137,JALLAPUR MAHSI,15-01-2023,25,450
137,JALLAPUR MAHSI,16-01-2023,21,486
137,JALLAPUR MAHSI,17-01-2023,21,540
137,JALLAPUR MAHSI,18-01-2023,21,405
137,JALLAPUR MAHSI,19-01-2023,23,522
137,JALLAPUR MAHSI,20-01-2023,24,513
137,JALLAPUR MAHSI,21-01-2023,23,495
137,JALLAPUR MAHSI,22-01-2023,25,504
137,JALLAPUR MAHSI,23-01-2023,21,513
137,JALLAPUR MAHSI,26-01-2023,12,216
137,JALLAPUR MAHSI,27-01-2023,15,270
137,JALLAPUR MAHSI,28-01-2023,13,261
137,JALLAPUR MAHSI,29-01-2023,15,270
137,JALLAPUR MAHSI,30-01-2023,13,261
138,DARAPUR,30-11-2022,8,171
138,DARAPUR,01-12-2022,8,198
138,DARAPUR,02-12-2022,9,189
138,DARAPUR,05-12-2022,9,189
138,DARAPUR,06-12-2022,15,432
138,DARAPUR,07-12-2022,5,171
138,DARAPUR,08-12-2022,7,207
138,DARAPUR,09-12-2022,7,207
138,DARAPUR,10-12-2022,6,216
138,DARAPUR,11-12-2022,6,189
138,DARAPUR,12-12-2022,5,171
138,DARAPUR,13-12-2022,5,171
138,DARAPUR,14-12-2022,6,216
138,DARAPUR,15-12-2022,5,198
138,DARAPUR,16-12-2022,8,171
138,DARAPUR,17-12-2022,7,207
138,DARAPUR,18-12-2022,5,171
138,DARAPUR,19-12-2022,6,216
138,DARAPUR,20-12-2022,6,189
138,DARAPUR,21-12-2022,8,225
138,DARAPUR,22-12-2022,7,207
138,DARAPUR,23-12-2022,8,198
138,DARAPUR,24-12-2022,7,234
138,DARAPUR,25-12-2022,9,243
138,DARAPUR,26-12-2022,8,306
138,DARAPUR,27-12-2022,9,297
138,DARAPUR,28-12-2022,8,225
138,DARAPUR,29-12-2022,6,189
138,DARAPUR,30-12-2022,7,207
138,DARAPUR,31-12-2022,4,153
138,DARAPUR,01-01-2023,4,99
138,DARAPUR,03-01-2023,13,288
138,DARAPUR,05-01-2023,5,198
138,DARAPUR,06-01-2023,8,225
138,DARAPUR,07-01-2023,8,306
138,DARAPUR,08-01-2023,6,162
138,DARAPUR,09-01-2023,1,45
138,DARAPUR,10-01-2023,2,63
138,DARAPUR,12-01-2023,2,63
138,DARAPUR,14-01-2023,6,270
138,DARAPUR,15-01-2023,4,99
138,DARAPUR,16-01-2023,6,162
138,DARAPUR,17-01-2023,8,225
138,DARAPUR,18-01-2023,7,234
138,DARAPUR,20-01-2023,1,18
138,DARAPUR,21-01-2023,4,180
138,DARAPUR,22-01-2023,1,45
138,DARAPUR,24-01-2023,6,270
138,DARAPUR,25-01-2023,4,153
138,DARAPUR,26-01-2023,9,189
138,DARAPUR,27-01-2023,7,153
138,DARAPUR,28-01-2023,9,189
138,DARAPUR,29-01-2023,6,189
138,DARAPUR,30-01-2023,18,324
139,SUJAI KUNDA,13-11-2022,9,189
139,SUJAI KUNDA,14-11-2022,15,270
139,SUJAI KUNDA,15-11-2022,19,423
139,SUJAI KUNDA,16-11-2022,11,279
139,SUJAI KUNDA,17-11-2022,8,225
139,SUJAI KUNDA,20-11-2022,5,90
139,SUJAI KUNDA,21-11-2022,3,81
139,SUJAI KUNDA,22-11-2022,2,90
139,SUJAI KUNDA,23-11-2022,3,108
139,SUJAI KUNDA,24-11-2022,6,162
139,SUJAI KUNDA,25-11-2022,11,306
139,SUJAI KUNDA,26-11-2022,17,549
139,SUJAI KUNDA,27-11-2022,13,315
139,SUJAI KUNDA,28-11-2022,8,252
139,SUJAI KUNDA,29-11-2022,14,360
139,SUJAI KUNDA,30-11-2022,10,342
139,SUJAI KUNDA,01-12-2022,9,324
139,SUJAI KUNDA,02-12-2022,6,108
139,SUJAI KUNDA,05-12-2022,7,153
139,SUJAI KUNDA,06-12-2022,9,243
139,SUJAI KUNDA,07-12-2022,7,261
139,SUJAI KUNDA,08-12-2022,8,225
139,SUJAI KUNDA,09-12-2022,11,252
139,SUJAI KUNDA,10-12-2022,6,162
139,SUJAI KUNDA,11-12-2022,5,117
139,SUJAI KUNDA,12-12-2022,5,198
139,SUJAI KUNDA,13-12-2022,3,81
139,SUJAI KUNDA,14-12-2022,4,99
139,SUJAI KUNDA,15-12-2022,7,207
139,SUJAI KUNDA,16-12-2022,7,207
139,SUJAI KUNDA,17-12-2022,6,189
139,SUJAI KUNDA,18-12-2022,7,234
139,SUJAI KUNDA,19-12-2022,7,261
139,SUJAI KUNDA,20-12-2022,10,207
139,SUJAI KUNDA,21-12-2022,8,252
139,SUJAI KUNDA,22-12-2022,8,198
139,SUJAI KUNDA,23-12-2022,6,216
139,SUJAI KUNDA,24-12-2022,5,198
139,SUJAI KUNDA,25-12-2022,6,216
139,SUJAI KUNDA,26-12-2022,6,216
139,SUJAI KUNDA,27-12-2022,8,225
139,SUJAI KUNDA,28-12-2022,5,198
139,SUJAI KUNDA,29-12-2022,8,225
139,SUJAI KUNDA,30-12-2022,10,207
139,SUJAI KUNDA,31-12-2022,7,207
139,SUJAI KUNDA,01-01-2023,8,198
139,SUJAI KUNDA,02-01-2023,5,171
139,SUJAI KUNDA,03-01-2023,10,288
139,SUJAI KUNDA,04-01-2023,5,171
139,SUJAI KUNDA,05-01-2023,10,261
139,SUJAI KUNDA,06-01-2023,10,234
139,SUJAI KUNDA,07-01-2023,12,351
139,SUJAI KUNDA,08-01-2023,6,189
139,SUJAI KUNDA,09-01-2023,13,261
139,SUJAI KUNDA,10-01-2023,9,243
139,SUJAI KUNDA,11-01-2023,10,234
139,SUJAI KUNDA,12-01-2023,8,252
139,SUJAI KUNDA,14-01-2023,10,315
139,SUJAI KUNDA,15-01-2023,11,306
139,SUJAI KUNDA,16-01-2023,12,297
139,SUJAI KUNDA,17-01-2023,8,225
139,SUJAI KUNDA,18-01-2023,7,207
139,SUJAI KUNDA,19-01-2023,11,252
139,SUJAI KUNDA,20-01-2023,6,162
139,SUJAI KUNDA,21-01-2023,5,198
139,SUJAI KUNDA,22-01-2023,6,216
139,SUJAI KUNDA,23-01-2023,7,180
139,SUJAI KUNDA,24-01-2023,6,189
139,SUJAI KUNDA,25-01-2023,6,216
139,SUJAI KUNDA,26-01-2023,10,261
139,SUJAI KUNDA,27-01-2023,8,279
139,SUJAI KUNDA,28-01-2023,5,144
139,SUJAI KUNDA,29-01-2023,8,198
139,SUJAI KUNDA,30-01-2023,8,198
140,AMRITPUR,13-11-2022,10,261
140,AMRITPUR,14-11-2022,16,315
140,AMRITPUR,15-11-2022,19,531
140,AMRITPUR,16-11-2022,21,621
140,AMRITPUR,17-11-2022,16,531
140,AMRITPUR,18-11-2022,5,225
140,AMRITPUR,21-11-2022,7,180
140,AMRITPUR,22-11-2022,8,225
140,AMRITPUR,23-11-2022,7,153
140,AMRITPUR,24-11-2022,17,468
140,AMRITPUR,25-11-2022,28,801
140,AMRITPUR,26-11-2022,29,900
140,AMRITPUR,27-11-2022,17,657
140,AMRITPUR,28-11-2022,14,522
140,AMRITPUR,29-11-2022,18,675
140,AMRITPUR,30-11-2022,18,648
140,AMRITPUR,01-12-2022,19,747
140,AMRITPUR,02-12-2022,14,495
140,AMRITPUR,03-12-2022,11,414
140,AMRITPUR,04-12-2022,6,216
140,AMRITPUR,05-12-2022,7,234
140,AMRITPUR,06-12-2022,7,234
140,AMRITPUR,07-12-2022,7,288
140,AMRITPUR,08-12-2022,17,630
140,AMRITPUR,09-12-2022,11,441
140,AMRITPUR,10-12-2022,17,630
140,AMRITPUR,11-12-2022,17,495
140,AMRITPUR,12-12-2022,17,603
140,AMRITPUR,13-12-2022,16,639
140,AMRITPUR,14-12-2022,18,648
140,AMRITPUR,15-12-2022,16,612
140,AMRITPUR,16-12-2022,18,648
140,AMRITPUR,17-12-2022,17,630
140,AMRITPUR,18-12-2022,10,396
140,AMRITPUR,19-12-2022,20,765
140,AMRITPUR,20-12-2022,18,702
140,AMRITPUR,21-12-2022,20,792
140,AMRITPUR,22-12-2022,20,657
140,AMRITPUR,23-12-2022,18,594
140,AMRITPUR,24-12-2022,20,576
140,AMRITPUR,25-12-2022,26,738
140,AMRITPUR,26-12-2022,21,621
140,AMRITPUR,27-12-2022,17,576
140,AMRITPUR,28-12-2022,16,504
140,AMRITPUR,29-12-2022,13,450
140,AMRITPUR,30-12-2022,15,513
140,AMRITPUR,31-12-2022,20,684
140,AMRITPUR,01-01-2023,15,486
140,AMRITPUR,02-01-2023,6,189
140,AMRITPUR,03-01-2023,16,504
140,AMRITPUR,04-01-2023,9,243
140,AMRITPUR,05-01-2023,30,1026
140,AMRITPUR,06-01-2023,21,675
140,AMRITPUR,07-01-2023,23,819
140,AMRITPUR,08-01-2023,22,882
140,AMRITPUR,09-01-2023,26,981
140,AMRITPUR,10-01-2023,21,756
140,AMRITPUR,11-01-2023,26,900
140,AMRITPUR,12-01-2023,16,666
140,AMRITPUR,13-01-2023,21,729
140,AMRITPUR,14-01-2023,21,729
140,AMRITPUR,15-01-2023,21,729
140,AMRITPUR,16-01-2023,22,720
140,AMRITPUR,17-01-2023,18,621
140,AMRITPUR,18-01-2023,18,648
140,AMRITPUR,19-01-2023,19,693
140,AMRITPUR,20-01-2023,11,468
140,AMRITPUR,21-01-2023,22,801
140,AMRITPUR,22-01-2023,13,504
140,AMRITPUR,23-01-2023,12,459
140,AMRITPUR,24-01-2023,19,612
140,AMRITPUR,25-01-2023,16,612
140,AMRITPUR,26-01-2023,27,972
140,AMRITPUR,27-01-2023,31,963
140,AMRITPUR,28-01-2023,28,1044
140,AMRITPUR,29-01-2023,38,1386
140,AMRITPUR,30-01-2023,24,810
141,HARKHAPUR,13-11-2022,15,513
141,HARKHAPUR,14-11-2022,11,468
141,HARKHAPUR,15-11-2022,18,729
141,HARKHAPUR,16-11-2022,12,513
141,HARKHAPUR,17-11-2022,11,495
141,HARKHAPUR,18-11-2022,5,198
141,HARKHAPUR,21-11-2022,4,153
141,HARKHAPUR,22-11-2022,2,90
141,HARKHAPUR,23-11-2022,4,153
141,HARKHAPUR,24-11-2022,10,396
141,HARKHAPUR,25-11-2022,11,495
141,HARKHAPUR,26-11-2022,17,765
141,HARKHAPUR,27-11-2022,18,810
141,HARKHAPUR,28-11-2022,18,810
141,HARKHAPUR,29-11-2022,13,585
141,HARKHAPUR,30-11-2022,15,648
141,HARKHAPUR,01-12-2022,13,558
141,HARKHAPUR,02-12-2022,9,405
141,HARKHAPUR,03-12-2022,7,315
141,HARKHAPUR,05-12-2022,5,225
141,HARKHAPUR,06-12-2022,15,648
141,HARKHAPUR,07-12-2022,5,171
141,HARKHAPUR,08-12-2022,12,513
141,HARKHAPUR,09-12-2022,27,1161
141,HARKHAPUR,10-12-2022,13,585
141,HARKHAPUR,11-12-2022,12,540
141,HARKHAPUR,12-12-2022,14,630
141,HARKHAPUR,13-12-2022,14,630
141,HARKHAPUR,14-12-2022,14,630
141,HARKHAPUR,15-12-2022,14,603
141,HARKHAPUR,16-12-2022,15,648
141,HARKHAPUR,17-12-2022,15,621
141,HARKHAPUR,18-12-2022,15,648
141,HARKHAPUR,19-12-2022,12,486
141,HARKHAPUR,20-12-2022,20,819
141,HARKHAPUR,21-12-2022,12,540
141,HARKHAPUR,22-12-2022,18,810
141,HARKHAPUR,23-12-2022,14,630
141,HARKHAPUR,24-12-2022,14,630
141,HARKHAPUR,25-12-2022,18,729
141,HARKHAPUR,26-12-2022,16,720
141,HARKHAPUR,27-12-2022,15,675
141,HARKHAPUR,28-12-2022,11,468
141,HARKHAPUR,29-12-2022,13,531
141,HARKHAPUR,30-12-2022,12,540
141,HARKHAPUR,31-12-2022,8,333
141,HARKHAPUR,01-01-2023,10,423
141,HARKHAPUR,02-01-2023,4,180
141,HARKHAPUR,03-01-2023,12,486
141,HARKHAPUR,04-01-2023,17,765
141,HARKHAPUR,05-01-2023,10,450
141,HARKHAPUR,06-01-2023,12,513
141,HARKHAPUR,07-01-2023,1,45
141,HARKHAPUR,08-01-2023,2,90
141,HARKHAPUR,12-01-2023,12,486
141,HARKHAPUR,13-01-2023,14,522
141,HARKHAPUR,14-01-2023,12,540
141,HARKHAPUR,15-01-2023,12,513
141,HARKHAPUR,16-01-2023,13,531
141,HARKHAPUR,17-01-2023,10,450
141,HARKHAPUR,18-01-2023,11,468
141,HARKHAPUR,19-01-2023,12,540
141,HARKHAPUR,20-01-2023,9,405
141,HARKHAPUR,21-01-2023,7,288
141,HARKHAPUR,24-01-2023,1,18
141,HARKHAPUR,26-01-2023,4,153
141,HARKHAPUR,27-01-2023,2,90
141,HARKHAPUR,28-01-2023,4,180
141,HARKHAPUR,29-01-2023,4,180
141,HARKHAPUR,30-01-2023,14,522
142,URRA BAZAR,16-11-2022,23,414
142,URRA BAZAR,17-11-2022,20,441
142,URRA BAZAR,18-11-2022,25,450
142,URRA BAZAR,19-11-2022,14,252
142,URRA BAZAR,21-11-2022,14,252
142,URRA BAZAR,22-11-2022,15,432
142,URRA BAZAR,23-11-2022,8,198
142,URRA BAZAR,24-11-2022,25,558
142,URRA BAZAR,25-11-2022,11,306
142,URRA BAZAR,26-11-2022,20,441
142,URRA BAZAR,27-11-2022,19,531
142,URRA BAZAR,28-11-2022,20,576
142,URRA BAZAR,29-11-2022,29,684
142,URRA BAZAR,30-11-2022,25,639
142,URRA BAZAR,01-12-2022,16,477
142,URRA BAZAR,02-12-2022,8,252
142,URRA BAZAR,03-12-2022,11,252
142,URRA BAZAR,06-12-2022,43,1125
142,URRA BAZAR,07-12-2022,18,567
142,URRA BAZAR,08-12-2022,19,531
142,URRA BAZAR,09-12-2022,16,450
142,URRA BAZAR,10-12-2022,17,576
142,URRA BAZAR,11-12-2022,20,522
142,URRA BAZAR,12-12-2022,19,450
142,URRA BAZAR,13-12-2022,22,504
142,URRA BAZAR,14-12-2022,20,549
142,URRA BAZAR,15-12-2022,16,450
142,URRA BAZAR,16-12-2022,26,630
142,URRA BAZAR,17-12-2022,16,450
142,URRA BAZAR,18-12-2022,14,441
142,URRA BAZAR,19-12-2022,17,522
142,URRA BAZAR,20-12-2022,22,558
142,URRA BAZAR,21-12-2022,22,585
142,URRA BAZAR,22-12-2022,24,567
142,URRA BAZAR,23-12-2022,20,522
142,URRA BAZAR,24-12-2022,26,603
142,URRA BAZAR,25-12-2022,24,621
142,URRA BAZAR,26-12-2022,21,540
142,URRA BAZAR,27-12-2022,27,648
142,URRA BAZAR,28-12-2022,21,540
142,URRA BAZAR,29-12-2022,17,495
142,URRA BAZAR,30-12-2022,19,531
142,URRA BAZAR,31-12-2022,22,558
142,URRA BAZAR,01-01-2023,13,396
142,URRA BAZAR,02-01-2023,10,207
142,URRA BAZAR,03-01-2023,20,495
142,URRA BAZAR,04-01-2023,25,639
142,URRA BAZAR,05-01-2023,22,477
142,URRA BAZAR,06-01-2023,19,504
142,URRA BAZAR,07-01-2023,22,558
142,URRA BAZAR,08-01-2023,22,585
142,URRA BAZAR,09-01-2023,23,603
142,URRA BAZAR,10-01-2023,20,549
142,URRA BAZAR,11-01-2023,24,675
142,URRA BAZAR,12-01-2023,17,549
142,URRA BAZAR,13-01-2023,18,567
142,URRA BAZAR,14-01-2023,21,513
142,URRA BAZAR,15-01-2023,20,441
142,URRA BAZAR,16-01-2023,23,603
142,URRA BAZAR,17-01-2023,21,540
142,URRA BAZAR,18-01-2023,17,603
142,URRA BAZAR,19-01-2023,25,612
142,URRA BAZAR,20-01-2023,10,234
142,URRA BAZAR,21-01-2023,21,567
142,URRA BAZAR,22-01-2023,21,513
142,URRA BAZAR,23-01-2023,18,513
142,URRA BAZAR,24-01-2023,16,396
142,URRA BAZAR,25-01-2023,20,495
142,URRA BAZAR,26-01-2023,27,594
142,URRA BAZAR,27-01-2023,10,234
142,URRA BAZAR,28-01-2023,5,144
142,URRA BAZAR,30-01-2023,20,495
143,DHARAMPUR SEMRI,13-11-2022,7,153
143,DHARAMPUR SEMRI,14-11-2022,8,198
143,DHARAMPUR SEMRI,15-11-2022,15,459
143,DHARAMPUR SEMRI,16-11-2022,13,396
143,DHARAMPUR SEMRI,17-11-2022,16,342
143,DHARAMPUR SEMRI,18-11-2022,7,234
143,DHARAMPUR SEMRI,21-11-2022,10,288
143,DHARAMPUR SEMRI,22-11-2022,9,189
143,DHARAMPUR SEMRI,23-11-2022,16,315
143,DHARAMPUR SEMRI,24-11-2022,20,684
143,DHARAMPUR SEMRI,25-11-2022,18,540
143,DHARAMPUR SEMRI,26-11-2022,16,531
143,DHARAMPUR SEMRI,27-11-2022,13,558
143,DHARAMPUR SEMRI,28-11-2022,16,585
143,DHARAMPUR SEMRI,29-11-2022,17,657
143,DHARAMPUR SEMRI,30-11-2022,20,711
143,DHARAMPUR SEMRI,01-12-2022,12,405
143,DHARAMPUR SEMRI,02-12-2022,12,405
143,DHARAMPUR SEMRI,03-12-2022,9,324
143,DHARAMPUR SEMRI,06-12-2022,11,333
143,DHARAMPUR SEMRI,07-12-2022,15,378
143,DHARAMPUR SEMRI,08-12-2022,7,261
143,DHARAMPUR SEMRI,09-12-2022,19,666
143,DHARAMPUR SEMRI,10-12-2022,18,513
143,DHARAMPUR SEMRI,11-12-2022,16,531
143,DHARAMPUR SEMRI,12-12-2022,15,486
143,DHARAMPUR SEMRI,13-12-2022,13,504
143,DHARAMPUR SEMRI,14-12-2022,15,513
143,DHARAMPUR SEMRI,15-12-2022,13,504
143,DHARAMPUR SEMRI,16-12-2022,17,522
143,DHARAMPUR SEMRI,17-12-2022,16,531
143,DHARAMPUR SEMRI,18-12-2022,13,450
143,DHARAMPUR SEMRI,19-12-2022,15,486
143,DHARAMPUR SEMRI,20-12-2022,20,576
143,DHARAMPUR SEMRI,21-12-2022,20,576
143,DHARAMPUR SEMRI,22-12-2022,15,567
143,DHARAMPUR SEMRI,23-12-2022,18,567
143,DHARAMPUR SEMRI,24-12-2022,20,603
143,DHARAMPUR SEMRI,25-12-2022,18,675
143,DHARAMPUR SEMRI,26-12-2022,18,621
143,DHARAMPUR SEMRI,27-12-2022,12,486
143,DHARAMPUR SEMRI,28-12-2022,17,549
143,DHARAMPUR SEMRI,29-12-2022,15,405
143,DHARAMPUR SEMRI,30-12-2022,14,387
143,DHARAMPUR SEMRI,31-12-2022,11,333
143,DHARAMPUR SEMRI,01-01-2023,9,405
143,DHARAMPUR SEMRI,02-01-2023,7,180
143,DHARAMPUR SEMRI,03-01-2023,13,369
143,DHARAMPUR SEMRI,04-01-2023,9,189
143,DHARAMPUR SEMRI,05-01-2023,20,549
143,DHARAMPUR SEMRI,06-01-2023,9,324
143,DHARAMPUR SEMRI,07-01-2023,16,531
143,DHARAMPUR SEMRI,08-01-2023,18,513
143,DHARAMPUR SEMRI,09-01-2023,11,468
143,DHARAMPUR SEMRI,10-01-2023,14,441
143,DHARAMPUR SEMRI,11-01-2023,15,540
143,DHARAMPUR SEMRI,12-01-2023,16,558
143,DHARAMPUR SEMRI,13-01-2023,18,621
143,DHARAMPUR SEMRI,14-01-2023,12,405
143,DHARAMPUR SEMRI,15-01-2023,14,441
143,DHARAMPUR SEMRI,16-01-2023,11,360
143,DHARAMPUR SEMRI,17-01-2023,12,297
143,DHARAMPUR SEMRI,18-01-2023,13,450
143,DHARAMPUR SEMRI,19-01-2023,15,459
143,DHARAMPUR SEMRI,20-01-2023,8,360
143,DHARAMPUR SEMRI,21-01-2023,14,441
143,DHARAMPUR SEMRI,22-01-2023,13,396
143,DHARAMPUR SEMRI,23-01-2023,5,144
143,DHARAMPUR SEMRI,24-01-2023,3,108
143,DHARAMPUR SEMRI,25-01-2023,6,162
143,DHARAMPUR SEMRI,26-01-2023,4,153
143,DHARAMPUR SEMRI,27-01-2023,3,54
143,DHARAMPUR SEMRI,28-01-2023,2,63
143,DHARAMPUR SEMRI,30-01-2023,17,495
144,KATHOUTIYA I,14-11-2022,8,144
144,KATHOUTIYA I,15-11-2022,5,171
144,KATHOUTIYA I,16-11-2022,5,171
144,KATHOUTIYA I,17-11-2022,7,180
144,KATHOUTIYA I,28-11-2022,7,180
144,KATHOUTIYA I,29-11-2022,8,279
144,KATHOUTIYA I,30-11-2022,8,279
144,KATHOUTIYA I,04-12-2022,6,243
144,KATHOUTIYA I,07-12-2022,6,162
144,KATHOUTIYA I,08-12-2022,5,144
144,KATHOUTIYA I,09-12-2022,11,414
144,KATHOUTIYA I,11-12-2022,5,225
144,KATHOUTIYA I,12-12-2022,7,207
144,KATHOUTIYA I,13-12-2022,6,216
144,KATHOUTIYA I,14-12-2022,5,198
144,KATHOUTIYA I,15-12-2022,8,279
144,KATHOUTIYA I,16-12-2022,6,189
144,KATHOUTIYA I,17-12-2022,5,198
144,KATHOUTIYA I,18-12-2022,4,153
144,KATHOUTIYA I,19-12-2022,8,279
144,KATHOUTIYA I,20-12-2022,8,198
144,KATHOUTIYA I,21-12-2022,6,189
144,KATHOUTIYA I,22-12-2022,7,207
144,KATHOUTIYA I,23-12-2022,7,207
144,KATHOUTIYA I,24-12-2022,7,180
144,KATHOUTIYA I,25-12-2022,9,243
144,KATHOUTIYA I,26-12-2022,8,252
144,KATHOUTIYA I,27-12-2022,7,180
144,KATHOUTIYA I,28-12-2022,5,198
144,KATHOUTIYA I,29-12-2022,8,279
144,KATHOUTIYA I,30-12-2022,6,216
144,KATHOUTIYA I,31-12-2022,11,279
144,KATHOUTIYA I,01-01-2023,5,198
144,KATHOUTIYA I,02-01-2023,8,225
144,KATHOUTIYA I,03-01-2023,7,234
144,KATHOUTIYA I,04-01-2023,10,342
144,KATHOUTIYA I,05-01-2023,7,234
144,KATHOUTIYA I,06-01-2023,7,261
144,KATHOUTIYA I,07-01-2023,9,270
144,KATHOUTIYA I,08-01-2023,10,261
144,KATHOUTIYA I,09-01-2023,9,243
144,KATHOUTIYA I,10-01-2023,6,189
144,KATHOUTIYA I,11-01-2023,8,198
144,KATHOUTIYA I,13-01-2023,6,216
144,KATHOUTIYA I,14-01-2023,5,198
144,KATHOUTIYA I,15-01-2023,7,207
144,KATHOUTIYA I,16-01-2023,5,198
144,KATHOUTIYA I,17-01-2023,3,108
144,KATHOUTIYA I,18-01-2023,7,234
144,KATHOUTIYA I,19-01-2023,7,180
144,KATHOUTIYA I,20-01-2023,5,198
144,KATHOUTIYA I,21-01-2023,7,207
144,KATHOUTIYA I,22-01-2023,6,189
144,KATHOUTIYA I,23-01-2023,4,99
144,KATHOUTIYA I,27-01-2023,8,279
144,KATHOUTIYA I,28-01-2023,1,45
144,KATHOUTIYA I,30-01-2023,3,108
171,MATHIYA PURWA,13-11-2022,15,270
171,MATHIYA PURWA,14-11-2022,16,315
171,MATHIYA PURWA,15-11-2022,25,477
171,MATHIYA PURWA,16-11-2022,26,576
171,MATHIYA PURWA,17-11-2022,26,630
171,MATHIYA PURWA,18-11-2022,21,513
171,MATHIYA PURWA,19-11-2022,14,360
171,MATHIYA PURWA,20-11-2022,24,486
171,MATHIYA PURWA,21-11-2022,14,387
171,MATHIYA PURWA,22-11-2022,24,567
171,MATHIYA PURWA,23-11-2022,22,666
171,MATHIYA PURWA,24-11-2022,10,288
171,MATHIYA PURWA,25-11-2022,25,720
171,MATHIYA PURWA,26-11-2022,17,549
171,MATHIYA PURWA,27-11-2022,22,612
171,MATHIYA PURWA,28-11-2022,23,711
171,MATHIYA PURWA,29-11-2022,30,810
171,MATHIYA PURWA,30-11-2022,21,810
171,MATHIYA PURWA,01-12-2022,16,612
171,MATHIYA PURWA,04-12-2022,11,387
171,MATHIYA PURWA,05-12-2022,8,306
171,MATHIYA PURWA,06-12-2022,24,702
171,MATHIYA PURWA,07-12-2022,10,288
171,MATHIYA PURWA,08-12-2022,20,576
171,MATHIYA PURWA,09-12-2022,23,657
171,MATHIYA PURWA,10-12-2022,17,738
171,MATHIYA PURWA,11-12-2022,22,639
171,MATHIYA PURWA,12-12-2022,20,657
171,MATHIYA PURWA,13-12-2022,34,801
171,MATHIYA PURWA,14-12-2022,25,747
171,MATHIYA PURWA,15-12-2022,20,630
171,MATHIYA PURWA,16-12-2022,23,819
171,MATHIYA PURWA,17-12-2022,9,324
171,MATHIYA PURWA,18-12-2022,10,369
171,MATHIYA PURWA,19-12-2022,24,702
171,MATHIYA PURWA,20-12-2022,22,639
171,MATHIYA PURWA,21-12-2022,24,702
171,MATHIYA PURWA,22-12-2022,23,603
171,MATHIYA PURWA,23-12-2022,23,711
171,MATHIYA PURWA,24-12-2022,25,666
171,MATHIYA PURWA,25-12-2022,25,747
171,MATHIYA PURWA,26-12-2022,24,729
171,MATHIYA PURWA,27-12-2022,23,711
171,MATHIYA PURWA,28-12-2022,25,612
171,MATHIYA PURWA,29-12-2022,20,603
171,MATHIYA PURWA,30-12-2022,25,693
171,MATHIYA PURWA,31-12-2022,18,567
171,MATHIYA PURWA,01-01-2023,12,378
171,MATHIYA PURWA,02-01-2023,7,207
171,MATHIYA PURWA,03-01-2023,21,621
171,MATHIYA PURWA,04-01-2023,17,657
171,MATHIYA PURWA,05-01-2023,30,837
171,MATHIYA PURWA,06-01-2023,18,513
171,MATHIYA PURWA,07-01-2023,27,675
171,MATHIYA PURWA,08-01-2023,25,720
171,MATHIYA PURWA,09-01-2023,24,594
171,MATHIYA PURWA,10-01-2023,9,297
171,MATHIYA PURWA,11-01-2023,17,495
171,MATHIYA PURWA,12-01-2023,15,567
171,MATHIYA PURWA,13-01-2023,27,729
171,MATHIYA PURWA,14-01-2023,25,666
171,MATHIYA PURWA,15-01-2023,25,720
171,MATHIYA PURWA,16-01-2023,27,756
171,MATHIYA PURWA,17-01-2023,37,963
171,MATHIYA PURWA,18-01-2023,23,657
171,MATHIYA PURWA,19-01-2023,20,657
171,MATHIYA PURWA,20-01-2023,13,396
171,MATHIYA PURWA,21-01-2023,21,621
171,MATHIYA PURWA,22-01-2023,15,513
171,MATHIYA PURWA,23-01-2023,25,585
171,MATHIYA PURWA,24-01-2023,11,333
171,MATHIYA PURWA,25-01-2023,12,324
171,MATHIYA PURWA,26-01-2023,17,495
171,MATHIYA PURWA,27-01-2023,19,504
171,MATHIYA PURWA,28-01-2023,16,531
171,MATHIYA PURWA,29-01-2023,17,549
171,MATHIYA PURWA,30-01-2023,19,666
178,CHAHMALPUR (LMP),13-11-2022,16,288
178,CHAHMALPUR (LMP),14-11-2022,25,450
178,CHAHMALPUR (LMP),15-11-2022,32,576
178,CHAHMALPUR (LMP),16-11-2022,43,774
178,CHAHMALPUR (LMP),17-11-2022,46,828
178,CHAHMALPUR (LMP),18-11-2022,25,477
178,CHAHMALPUR (LMP),19-11-2022,21,459
178,CHAHMALPUR (LMP),20-11-2022,26,495
178,CHAHMALPUR (LMP),21-11-2022,23,441
178,CHAHMALPUR (LMP),22-11-2022,27,567
178,CHAHMALPUR (LMP),23-11-2022,35,657
178,CHAHMALPUR (LMP),24-11-2022,23,522
178,CHAHMALPUR (LMP),25-11-2022,46,1098
178,CHAHMALPUR (LMP),26-11-2022,35,738
178,CHAHMALPUR (LMP),27-11-2022,40,774
178,CHAHMALPUR (LMP),28-11-2022,46,936
178,CHAHMALPUR (LMP),29-11-2022,40,936
178,CHAHMALPUR (LMP),30-11-2022,28,747
178,CHAHMALPUR (LMP),01-12-2022,25,801
178,CHAHMALPUR (LMP),02-12-2022,22,585
178,CHAHMALPUR (LMP),03-12-2022,24,459
178,CHAHMALPUR (LMP),04-12-2022,28,531
178,CHAHMALPUR (LMP),05-12-2022,23,441
178,CHAHMALPUR (LMP),06-12-2022,35,738
178,CHAHMALPUR (LMP),07-12-2022,28,666
178,CHAHMALPUR (LMP),08-12-2022,16,396
178,CHAHMALPUR (LMP),09-12-2022,32,927
178,CHAHMALPUR (LMP),10-12-2022,31,936
178,CHAHMALPUR (LMP),11-12-2022,19,612
178,CHAHMALPUR (LMP),12-12-2022,33,891
178,CHAHMALPUR (LMP),13-12-2022,37,909
178,CHAHMALPUR (LMP),14-12-2022,42,810
178,CHAHMALPUR (LMP),15-12-2022,39,972
178,CHAHMALPUR (LMP),16-12-2022,38,981
178,CHAHMALPUR (LMP),17-12-2022,39,837
178,CHAHMALPUR (LMP),18-12-2022,35,900
178,CHAHMALPUR (LMP),19-12-2022,42,972
178,CHAHMALPUR (LMP),20-12-2022,46,1071
178,CHAHMALPUR (LMP),21-12-2022,37,855
178,CHAHMALPUR (LMP),22-12-2022,36,945
178,CHAHMALPUR (LMP),23-12-2022,40,936
178,CHAHMALPUR (LMP),24-12-2022,42,999
178,CHAHMALPUR (LMP),25-12-2022,47,927
178,CHAHMALPUR (LMP),26-12-2022,37,774
178,CHAHMALPUR (LMP),27-12-2022,29,738
178,CHAHMALPUR (LMP),28-12-2022,33,783
178,CHAHMALPUR (LMP),29-12-2022,25,774
178,CHAHMALPUR (LMP),30-12-2022,42,945
178,CHAHMALPUR (LMP),31-12-2022,43,963
178,CHAHMALPUR (LMP),01-01-2023,20,468
178,CHAHMALPUR (LMP),02-01-2023,15,297
178,CHAHMALPUR (LMP),03-01-2023,48,945
178,CHAHMALPUR (LMP),04-01-2023,54,1080
178,CHAHMALPUR (LMP),05-01-2023,44,1008
178,CHAHMALPUR (LMP),06-01-2023,48,999
178,CHAHMALPUR (LMP),07-01-2023,41,900
178,CHAHMALPUR (LMP),08-01-2023,49,1017
178,CHAHMALPUR (LMP),09-01-2023,44,1008
178,CHAHMALPUR (LMP),10-01-2023,49,1017
178,CHAHMALPUR (LMP),11-01-2023,39,864
178,CHAHMALPUR (LMP),12-01-2023,42,1026
178,CHAHMALPUR (LMP),13-01-2023,32,711
178,CHAHMALPUR (LMP),14-01-2023,38,792
178,CHAHMALPUR (LMP),15-01-2023,33,891
178,CHAHMALPUR (LMP),16-01-2023,45,1107
178,CHAHMALPUR (LMP),17-01-2023,55,1179
178,CHAHMALPUR (LMP),18-01-2023,56,1170
178,CHAHMALPUR (LMP),19-01-2023,39,918
178,CHAHMALPUR (LMP),20-01-2023,33,783
178,CHAHMALPUR (LMP),21-01-2023,38,900
178,CHAHMALPUR (LMP),22-01-2023,33,756
178,CHAHMALPUR (LMP),23-01-2023,29,603
178,CHAHMALPUR (LMP),24-01-2023,24,567
178,CHAHMALPUR (LMP),25-01-2023,21,432
178,CHAHMALPUR (LMP),26-01-2023,24,486
178,CHAHMALPUR (LMP),27-01-2023,26,657
178,CHAHMALPUR (LMP),28-01-2023,47,1062
178,CHAHMALPUR (LMP),29-01-2023,28,747
178,CHAHMALPUR (LMP),30-01-2023,43,963
214,TELIYAR,13-11-2022,6,135
214,TELIYAR,14-11-2022,10,207
214,TELIYAR,15-11-2022,10,315
214,TELIYAR,16-11-2022,6,162
214,TELIYAR,17-11-2022,15,405
214,TELIYAR,21-11-2022,3,126
214,TELIYAR,22-11-2022,6,162
214,TELIYAR,23-11-2022,4,126
214,TELIYAR,24-11-2022,31,855
214,TELIYAR,25-11-2022,27,666
214,TELIYAR,26-11-2022,19,765
214,TELIYAR,27-11-2022,25,999
214,TELIYAR,28-11-2022,20,702
214,TELIYAR,29-11-2022,17,639
214,TELIYAR,30-11-2022,17,756
214,TELIYAR,03-12-2022,9,396
214,TELIYAR,05-12-2022,7,315
214,TELIYAR,09-12-2022,20,684
214,TELIYAR,10-12-2022,12,378
214,TELIYAR,11-12-2022,11,414
214,TELIYAR,12-12-2022,13,477
214,TELIYAR,13-12-2022,14,450
214,TELIYAR,14-12-2022,9,387
214,TELIYAR,15-12-2022,12,486
214,TELIYAR,16-12-2022,11,360
214,TELIYAR,17-12-2022,10,378
214,TELIYAR,18-12-2022,15,504
214,TELIYAR,19-12-2022,14,378
214,TELIYAR,20-12-2022,16,468
214,TELIYAR,21-12-2022,12,504
214,TELIYAR,22-12-2022,19,495
214,TELIYAR,23-12-2022,9,387
214,TELIYAR,24-12-2022,16,522
214,TELIYAR,25-12-2022,16,495
214,TELIYAR,27-12-2022,14,405
214,TELIYAR,28-12-2022,16,495
214,TELIYAR,29-12-2022,13,432
214,TELIYAR,30-12-2022,13,414
214,TELIYAR,31-12-2022,12,549
214,TELIYAR,01-01-2023,7,180
214,TELIYAR,02-01-2023,7,225
214,TELIYAR,03-01-2023,15,531
214,TELIYAR,04-01-2023,9,270
214,TELIYAR,05-01-2023,20,774
214,TELIYAR,06-01-2023,15,621
214,TELIYAR,07-01-2023,16,540
214,TELIYAR,08-01-2023,13,450
214,TELIYAR,09-01-2023,7,270
214,TELIYAR,10-01-2023,9,297
214,TELIYAR,11-01-2023,7,252
214,TELIYAR,12-01-2023,15,477
214,TELIYAR,13-01-2023,15,477
214,TELIYAR,14-01-2023,12,459
214,TELIYAR,15-01-2023,12,378
214,TELIYAR,16-01-2023,15,567
214,TELIYAR,17-01-2023,18,459
214,TELIYAR,18-01-2023,12,369
214,TELIYAR,19-01-2023,16,576
214,TELIYAR,20-01-2023,10,396
214,TELIYAR,21-01-2023,20,603
214,TELIYAR,22-01-2023,13,423
214,TELIYAR,24-01-2023,16,459
214,TELIYAR,25-01-2023,20,666
214,TELIYAR,26-01-2023,13,396
214,TELIYAR,27-01-2023,11,387
214,TELIYAR,28-01-2023,19,711
214,TELIYAR,29-01-2023,11,387
214,TELIYAR,30-01-2023,11,423
222,SUJANPUR,13-11-2022,14,333
222,SUJANPUR,14-11-2022,16,342
222,SUJANPUR,15-11-2022,10,315
222,SUJANPUR,16-11-2022,7,279
222,SUJANPUR,17-11-2022,5,144
222,SUJANPUR,21-11-2022,4,126
222,SUJANPUR,22-11-2022,5,189
222,SUJANPUR,23-11-2022,5,162
222,SUJANPUR,24-11-2022,19,621
222,SUJANPUR,25-11-2022,19,756
222,SUJANPUR,26-11-2022,19,738
222,SUJANPUR,27-11-2022,16,729
222,SUJANPUR,28-11-2022,32,1377
222,SUJANPUR,29-11-2022,27,981
222,SUJANPUR,30-11-2022,22,873
222,SUJANPUR,01-12-2022,19,702
222,SUJANPUR,04-12-2022,5,234
222,SUJANPUR,05-12-2022,7,207
222,SUJANPUR,09-12-2022,11,504
222,SUJANPUR,11-12-2022,2,63
222,SUJANPUR,12-12-2022,12,432
222,SUJANPUR,13-12-2022,14,495
222,SUJANPUR,14-12-2022,12,432
222,SUJANPUR,15-12-2022,15,513
222,SUJANPUR,16-12-2022,14,486
222,SUJANPUR,17-12-2022,8,306
222,SUJANPUR,18-12-2022,9,414
222,SUJANPUR,19-12-2022,16,585
222,SUJANPUR,20-12-2022,13,522
222,SUJANPUR,21-12-2022,12,513
222,SUJANPUR,22-12-2022,12,495
222,SUJANPUR,23-12-2022,10,396
222,SUJANPUR,24-12-2022,14,531
222,SUJANPUR,25-12-2022,10,486
222,SUJANPUR,26-12-2022,10,495
222,SUJANPUR,27-12-2022,14,504
222,SUJANPUR,28-12-2022,17,612
222,SUJANPUR,29-12-2022,13,387
222,SUJANPUR,30-12-2022,9,297
222,SUJANPUR,31-12-2022,6,261
222,SUJANPUR,01-01-2023,5,216
222,SUJANPUR,02-01-2023,3,108
222,SUJANPUR,03-01-2023,11,369
222,SUJANPUR,04-01-2023,14,432
222,SUJANPUR,05-01-2023,22,657
222,SUJANPUR,06-01-2023,17,540
222,SUJANPUR,07-01-2023,17,522
222,SUJANPUR,08-01-2023,11,414
222,SUJANPUR,09-01-2023,12,378
222,SUJANPUR,10-01-2023,13,459
222,SUJANPUR,11-01-2023,12,396
222,SUJANPUR,12-01-2023,10,441
222,SUJANPUR,13-01-2023,13,486
222,SUJANPUR,14-01-2023,13,396
222,SUJANPUR,15-01-2023,15,486
222,SUJANPUR,16-01-2023,12,468
222,SUJANPUR,17-01-2023,13,495
222,SUJANPUR,18-01-2023,11,441
222,SUJANPUR,19-01-2023,11,405
222,SUJANPUR,20-01-2023,9,297
222,SUJANPUR,21-01-2023,12,423
222,SUJANPUR,22-01-2023,7,234
222,SUJANPUR,23-01-2023,9,297
222,SUJANPUR,24-01-2023,11,459
222,SUJANPUR,25-01-2023,13,513
222,SUJANPUR,26-01-2023,13,549
222,SUJANPUR,27-01-2023,8,315
222,SUJANPUR,28-01-2023,15,621
222,SUJANPUR,29-01-2023,12,495
222,SUJANPUR,30-01-2023,4,153
231,BELWA PURWA,13-11-2022,12,216
231,BELWA PURWA,14-11-2022,20,360
231,BELWA PURWA,15-11-2022,14,252
231,BELWA PURWA,16-11-2022,19,369
231,BELWA PURWA,17-11-2022,21,378
231,BELWA PURWA,21-11-2022,4,72
231,BELWA PURWA,22-11-2022,6,108
231,BELWA PURWA,23-11-2022,7,126
231,BELWA PURWA,25-11-2022,23,495
231,BELWA PURWA,26-11-2022,30,756
231,BELWA PURWA,27-11-2022,16,396
231,BELWA PURWA,28-11-2022,23,468
231,BELWA PURWA,29-11-2022,25,531
231,BELWA PURWA,30-11-2022,31,666
231,BELWA PURWA,01-12-2022,37,882
231,BELWA PURWA,03-12-2022,9,243
231,BELWA PURWA,04-12-2022,9,243
231,BELWA PURWA,05-12-2022,15,270
231,BELWA PURWA,06-12-2022,20,414
231,BELWA PURWA,07-12-2022,19,477
231,BELWA PURWA,09-12-2022,16,342
231,BELWA PURWA,10-12-2022,16,396
231,BELWA PURWA,11-12-2022,8,198
231,BELWA PURWA,12-12-2022,13,288
231,BELWA PURWA,13-12-2022,9,297
231,BELWA PURWA,14-12-2022,13,423
231,BELWA PURWA,15-12-2022,17,468
231,BELWA PURWA,16-12-2022,18,459
231,BELWA PURWA,17-12-2022,20,387
231,BELWA PURWA,18-12-2022,21,594
231,BELWA PURWA,19-12-2022,26,603
231,BELWA PURWA,20-12-2022,19,450
231,BELWA PURWA,21-12-2022,21,459
231,BELWA PURWA,22-12-2022,18,495
231,BELWA PURWA,23-12-2022,21,513
231,BELWA PURWA,24-12-2022,25,585
231,BELWA PURWA,26-12-2022,8,252
231,BELWA PURWA,27-12-2022,26,576
231,BELWA PURWA,28-12-2022,27,621
231,BELWA PURWA,29-12-2022,28,558
231,BELWA PURWA,30-12-2022,27,648
231,BELWA PURWA,31-12-2022,24,513
231,BELWA PURWA,01-01-2023,9,243
231,BELWA PURWA,02-01-2023,9,216
231,BELWA PURWA,03-01-2023,7,180
231,BELWA PURWA,04-01-2023,26,630
231,BELWA PURWA,05-01-2023,39,837
231,BELWA PURWA,06-01-2023,21,540
231,BELWA PURWA,07-01-2023,20,522
231,BELWA PURWA,08-01-2023,12,351
231,BELWA PURWA,09-01-2023,16,342
231,BELWA PURWA,10-01-2023,20,441
231,BELWA PURWA,11-01-2023,25,531
231,BELWA PURWA,12-01-2023,20,414
231,BELWA PURWA,15-01-2023,25,585
231,BELWA PURWA,16-01-2023,21,486
231,BELWA PURWA,17-01-2023,31,801
231,BELWA PURWA,18-01-2023,21,513
231,BELWA PURWA,19-01-2023,12,297
231,BELWA PURWA,20-01-2023,13,315
231,BELWA PURWA,21-01-2023,24,513
231,BELWA PURWA,22-01-2023,17,387
231,BELWA PURWA,23-01-2023,10,261
231,BELWA PURWA,24-01-2023,11,279
231,BELWA PURWA,25-01-2023,12,243
231,BELWA PURWA,26-01-2023,27,702
231,BELWA PURWA,27-01-2023,24,594
231,BELWA PURWA,28-01-2023,16,477
231,BELWA PURWA,29-01-2023,21,513
231,BELWA PURWA,30-01-2023,18,513
238,MAJHRAPURAB,13-11-2022,22,495
238,MAJHRAPURAB,14-11-2022,14,549
238,MAJHRAPURAB,15-11-2022,21,675
238,MAJHRAPURAB,16-11-2022,12,387
238,MAJHRAPURAB,17-11-2022,8,396
238,MAJHRAPURAB,21-11-2022,3,108
238,MAJHRAPURAB,22-11-2022,6,162
238,MAJHRAPURAB,23-11-2022,6,162
238,MAJHRAPURAB,24-11-2022,30,972
238,MAJHRAPURAB,25-11-2022,26,801
238,MAJHRAPURAB,26-11-2022,25,918
238,MAJHRAPURAB,27-11-2022,27,1017
238,MAJHRAPURAB,28-11-2022,33,1440
238,MAJHRAPURAB,29-11-2022,28,945
238,MAJHRAPURAB,30-11-2022,24,972
238,MAJHRAPURAB,01-12-2022,23,1062
238,MAJHRAPURAB,02-12-2022,28,999
238,MAJHRAPURAB,03-12-2022,22,684
238,MAJHRAPURAB,05-12-2022,4,99
238,MAJHRAPURAB,07-12-2022,10,315
238,MAJHRAPURAB,10-12-2022,23,1125
238,MAJHRAPURAB,11-12-2022,3,126
238,MAJHRAPURAB,12-12-2022,10,441
238,MAJHRAPURAB,13-12-2022,9,369
238,MAJHRAPURAB,14-12-2022,17,477
238,MAJHRAPURAB,15-12-2022,18,567
238,MAJHRAPURAB,16-12-2022,17,702
238,MAJHRAPURAB,17-12-2022,9,468
238,MAJHRAPURAB,18-12-2022,11,513
238,MAJHRAPURAB,19-12-2022,23,837
238,MAJHRAPURAB,20-12-2022,10,486
238,MAJHRAPURAB,21-12-2022,11,504
238,MAJHRAPURAB,22-12-2022,15,621
238,MAJHRAPURAB,23-12-2022,19,630
238,MAJHRAPURAB,24-12-2022,13,513
238,MAJHRAPURAB,25-12-2022,18,639
238,MAJHRAPURAB,26-12-2022,19,666
238,MAJHRAPURAB,27-12-2022,17,702
238,MAJHRAPURAB,28-12-2022,18,621
238,MAJHRAPURAB,29-12-2022,17,657
238,MAJHRAPURAB,30-12-2022,17,675
238,MAJHRAPURAB,31-12-2022,19,657
238,MAJHRAPURAB,01-01-2023,9,351
238,MAJHRAPURAB,02-01-2023,6,198
238,MAJHRAPURAB,03-01-2023,10,486
238,MAJHRAPURAB,04-01-2023,15,549
238,MAJHRAPURAB,05-01-2023,22,1026
238,MAJHRAPURAB,06-01-2023,19,711
238,MAJHRAPURAB,07-01-2023,20,720
238,MAJHRAPURAB,08-01-2023,18,666
238,MAJHRAPURAB,09-01-2023,11,504
238,MAJHRAPURAB,10-01-2023,17,630
238,MAJHRAPURAB,11-01-2023,24,693
238,MAJHRAPURAB,12-01-2023,15,549
238,MAJHRAPURAB,13-01-2023,21,756
238,MAJHRAPURAB,14-01-2023,16,702
238,MAJHRAPURAB,15-01-2023,22,765
238,MAJHRAPURAB,16-01-2023,16,729
238,MAJHRAPURAB,17-01-2023,21,783
238,MAJHRAPURAB,18-01-2023,16,657
238,MAJHRAPURAB,19-01-2023,20,765
238,MAJHRAPURAB,20-01-2023,8,333
238,MAJHRAPURAB,21-01-2023,18,558
238,MAJHRAPURAB,22-01-2023,15,513
238,MAJHRAPURAB,23-01-2023,10,378
238,MAJHRAPURAB,24-01-2023,15,531
238,MAJHRAPURAB,25-01-2023,16,612
238,MAJHRAPURAB,26-01-2023,26,1044
238,MAJHRAPURAB,27-01-2023,10,396
238,MAJHRAPURAB,28-01-2023,14,630
238,MAJHRAPURAB,29-01-2023,10,504
238,MAJHRAPURAB,30-01-2023,15,504
241,BELAWA II,13-11-2022,24,459
241,BELAWA II,14-11-2022,24,567
241,BELAWA II,15-11-2022,31,639
241,BELAWA II,16-11-2022,15,351
241,BELAWA II,17-11-2022,20,414
241,BELAWA II,21-11-2022,4,126
241,BELAWA II,22-11-2022,7,207
241,BELAWA II,23-11-2022,12,243
241,BELAWA II,25-11-2022,15,459
241,BELAWA II,26-11-2022,41,1116
241,BELAWA II,27-11-2022,22,612
241,BELAWA II,28-11-2022,29,765
241,BELAWA II,29-11-2022,30,756
241,BELAWA II,30-11-2022,24,621
241,BELAWA II,01-12-2022,30,918
241,BELAWA II,02-12-2022,18,567
241,BELAWA II,03-12-2022,19,504
241,BELAWA II,04-12-2022,7,153
241,BELAWA II,05-12-2022,15,486
241,BELAWA II,06-12-2022,23,648
241,BELAWA II,07-12-2022,21,648
241,BELAWA II,08-12-2022,1,18
241,BELAWA II,09-12-2022,19,639
241,BELAWA II,11-12-2022,11,360
241,BELAWA II,12-12-2022,8,279
241,BELAWA II,15-12-2022,24,783
241,BELAWA II,16-12-2022,22,693
241,BELAWA II,17-12-2022,25,612
241,BELAWA II,18-12-2022,25,720
241,BELAWA II,19-12-2022,25,828
241,BELAWA II,20-12-2022,17,468
241,BELAWA II,21-12-2022,14,387
241,BELAWA II,22-12-2022,24,729
241,BELAWA II,23-12-2022,25,693
241,BELAWA II,24-12-2022,29,711
241,BELAWA II,26-12-2022,19,450
241,BELAWA II,27-12-2022,21,594
241,BELAWA II,28-12-2022,31,936
241,BELAWA II,29-12-2022,30,972
241,BELAWA II,30-12-2022,35,900
241,BELAWA II,31-12-2022,32,846
241,BELAWA II,01-01-2023,20,441
241,BELAWA II,02-01-2023,8,171
241,BELAWA II,03-01-2023,15,486
241,BELAWA II,04-01-2023,22,639
241,BELAWA II,05-01-2023,39,1107
241,BELAWA II,06-01-2023,27,810
241,BELAWA II,07-01-2023,25,747
241,BELAWA II,08-01-2023,21,567
241,BELAWA II,09-01-2023,20,468
241,BELAWA II,10-01-2023,30,783
241,BELAWA II,11-01-2023,22,801
241,BELAWA II,12-01-2023,26,711
241,BELAWA II,13-01-2023,27,747
241,BELAWA II,14-01-2023,21,702
241,BELAWA II,15-01-2023,22,738
241,BELAWA II,16-01-2023,30,729
241,BELAWA II,17-01-2023,43,1314
241,BELAWA II,18-01-2023,25,747
241,BELAWA II,19-01-2023,36,891
241,BELAWA II,20-01-2023,21,567
241,BELAWA II,21-01-2023,22,666
241,BELAWA II,22-01-2023,20,522
241,BELAWA II,23-01-2023,12,378
241,BELAWA II,24-01-2023,22,666
241,BELAWA II,25-01-2023,20,603
241,BELAWA II,26-01-2023,17,468
241,BELAWA II,27-01-2023,17,441
241,BELAWA II,28-01-2023,22,747
241,BELAWA II,29-01-2023,20,603
241,BELAWA II,30-01-2023,13,396
247,NARENDRA NAGAR BELI ,23-12-2022,30,540
247,NARENDRA NAGAR BELI ,24-12-2022,28,504
247,NARENDRA NAGAR BELI ,25-12-2022,27,486
247,NARENDRA NAGAR BELI ,26-12-2022,15,270
247,NARENDRA NAGAR BELI ,27-12-2022,27,540
247,NARENDRA NAGAR BELI ,28-12-2022,18,513
247,NARENDRA NAGAR BELI ,29-12-2022,15,648
247,NARENDRA NAGAR BELI ,30-12-2022,10,423
247,NARENDRA NAGAR BELI ,31-12-2022,18,621
247,NARENDRA NAGAR BELI ,01-01-2023,14,495
247,NARENDRA NAGAR BELI ,05-01-2023,24,783
247,NARENDRA NAGAR BELI ,06-01-2023,19,477
247,NARENDRA NAGAR BELI ,07-01-2023,15,459
247,NARENDRA NAGAR BELI ,08-01-2023,24,810
247,NARENDRA NAGAR BELI ,09-01-2023,10,423
247,NARENDRA NAGAR BELI ,10-01-2023,23,765
247,NARENDRA NAGAR BELI ,11-01-2023,22,693
247,NARENDRA NAGAR BELI ,12-01-2023,15,594
247,NARENDRA NAGAR BELI ,13-01-2023,16,639
247,NARENDRA NAGAR BELI ,14-01-2023,18,567
247,NARENDRA NAGAR BELI ,15-01-2023,8,306
247,NARENDRA NAGAR BELI ,16-01-2023,19,477
247,NARENDRA NAGAR BELI ,17-01-2023,15,486
247,NARENDRA NAGAR BELI ,18-01-2023,14,495
247,NARENDRA NAGAR BELI ,19-01-2023,24,837
247,NARENDRA NAGAR BELI ,20-01-2023,10,315
247,NARENDRA NAGAR BELI ,21-01-2023,20,576
247,NARENDRA NAGAR BELI ,22-01-2023,20,468
247,NARENDRA NAGAR BELI ,23-01-2023,10,234
247,NARENDRA NAGAR BELI ,24-01-2023,17,603
247,NARENDRA NAGAR BELI ,25-01-2023,17,603
247,NARENDRA NAGAR BELI ,26-01-2023,28,801
247,NARENDRA NAGAR BELI ,27-01-2023,16,612
247,NARENDRA NAGAR BELI ,28-01-2023,17,495
247,NARENDRA NAGAR BELI ,29-01-2023,15,486
247,NARENDRA NAGAR BELI ,30-01-2023,17,441
249,BOKARIYA,13-11-2022,5,117
249,BOKARIYA,14-11-2022,4,153
249,BOKARIYA,15-11-2022,11,360
249,BOKARIYA,16-11-2022,7,234
249,BOKARIYA,17-11-2022,11,387
249,BOKARIYA,21-11-2022,3,108
249,BOKARIYA,22-11-2022,7,153
249,BOKARIYA,23-11-2022,8,171
249,BOKARIYA,24-11-2022,25,693
249,BOKARIYA,25-11-2022,18,567
249,BOKARIYA,26-11-2022,21,567
249,BOKARIYA,27-11-2022,19,585
249,BOKARIYA,28-11-2022,18,594
249,BOKARIYA,29-11-2022,19,639
249,BOKARIYA,30-11-2022,14,522
249,BOKARIYA,02-12-2022,16,477
249,BOKARIYA,03-12-2022,14,441
249,BOKARIYA,04-12-2022,14,387
249,BOKARIYA,05-12-2022,13,288
249,BOKARIYA,06-12-2022,13,423
249,BOKARIYA,07-12-2022,12,378
249,BOKARIYA,09-12-2022,19,657
249,BOKARIYA,11-12-2022,7,234
249,BOKARIYA,12-12-2022,15,405
249,BOKARIYA,13-12-2022,12,405
249,BOKARIYA,14-12-2022,15,459
249,BOKARIYA,15-12-2022,16,477
249,BOKARIYA,16-12-2022,18,513
249,BOKARIYA,17-12-2022,15,405
249,BOKARIYA,18-12-2022,15,513
249,BOKARIYA,19-12-2022,19,585
249,BOKARIYA,20-12-2022,12,351
249,BOKARIYA,21-12-2022,14,414
249,BOKARIYA,22-12-2022,12,378
249,BOKARIYA,23-12-2022,10,396
249,BOKARIYA,24-12-2022,14,414
249,BOKARIYA,25-12-2022,16,504
249,BOKARIYA,26-12-2022,16,504
249,BOKARIYA,27-12-2022,13,504
249,BOKARIYA,28-12-2022,23,630
249,BOKARIYA,29-12-2022,8,198
249,BOKARIYA,30-12-2022,7,207
249,BOKARIYA,31-12-2022,6,216
249,BOKARIYA,01-01-2023,6,216
249,BOKARIYA,02-01-2023,7,207
249,BOKARIYA,03-01-2023,11,414
249,BOKARIYA,04-01-2023,11,414
249,BOKARIYA,05-01-2023,20,765
249,BOKARIYA,06-01-2023,15,513
249,BOKARIYA,07-01-2023,16,612
249,BOKARIYA,08-01-2023,11,360
249,BOKARIYA,09-01-2023,10,369
249,BOKARIYA,10-01-2023,13,423
249,BOKARIYA,11-01-2023,11,387
249,BOKARIYA,12-01-2023,9,324
249,BOKARIYA,13-01-2023,8,306
249,BOKARIYA,14-01-2023,12,405
249,BOKARIYA,15-01-2023,16,531
249,BOKARIYA,16-01-2023,12,486
249,BOKARIYA,17-01-2023,12,459
249,BOKARIYA,18-01-2023,11,387
249,BOKARIYA,19-01-2023,17,495
249,BOKARIYA,20-01-2023,10,315
249,BOKARIYA,21-01-2023,17,495
249,BOKARIYA,22-01-2023,7,207
249,BOKARIYA,23-01-2023,12,270
249,BOKARIYA,24-01-2023,18,459
249,BOKARIYA,25-01-2023,13,369
249,BOKARIYA,26-01-2023,14,414
249,BOKARIYA,27-01-2023,17,495
249,BOKARIYA,28-01-2023,14,441
249,BOKARIYA,29-01-2023,7,153
249,BOKARIYA,30-01-2023,15,405
251,SEMRABAZAR,13-11-2022,11,198
251,SEMRABAZAR,14-11-2022,11,225
251,SEMRABAZAR,15-11-2022,12,270
251,SEMRABAZAR,17-11-2022,7,126
251,SEMRABAZAR,23-11-2022,7,126
251,SEMRABAZAR,25-11-2022,11,252
251,SEMRABAZAR,26-11-2022,26,630
251,SEMRABAZAR,27-11-2022,13,423
251,SEMRABAZAR,28-11-2022,22,450
251,SEMRABAZAR,29-11-2022,23,603
251,SEMRABAZAR,30-11-2022,19,639
251,SEMRABAZAR,01-12-2022,19,396
251,SEMRABAZAR,02-12-2022,8,225
251,SEMRABAZAR,03-12-2022,4,153
251,SEMRABAZAR,04-12-2022,9,270
251,SEMRABAZAR,06-12-2022,11,306
251,SEMRABAZAR,07-12-2022,15,405
251,SEMRABAZAR,09-12-2022,6,216
251,SEMRABAZAR,10-12-2022,8,225
251,SEMRABAZAR,11-12-2022,7,180
251,SEMRABAZAR,12-12-2022,14,306
251,SEMRABAZAR,13-12-2022,10,261
251,SEMRABAZAR,14-12-2022,14,387
251,SEMRABAZAR,15-12-2022,21,486
251,SEMRABAZAR,16-12-2022,15,378
251,SEMRABAZAR,17-12-2022,7,180
251,SEMRABAZAR,18-12-2022,17,414
251,SEMRABAZAR,19-12-2022,13,342
251,SEMRABAZAR,20-12-2022,12,324
251,SEMRABAZAR,21-12-2022,13,369
251,SEMRABAZAR,22-12-2022,11,333
251,SEMRABAZAR,23-12-2022,14,306
251,SEMRABAZAR,24-12-2022,16,369
251,SEMRABAZAR,26-12-2022,8,252
251,SEMRABAZAR,27-12-2022,5,198
251,SEMRABAZAR,28-12-2022,8,225
251,SEMRABAZAR,29-12-2022,15,378
251,SEMRABAZAR,30-12-2022,14,387
251,SEMRABAZAR,31-12-2022,12,351
251,SEMRABAZAR,01-01-2023,7,207
251,SEMRABAZAR,02-01-2023,8,198
251,SEMRABAZAR,03-01-2023,13,342
251,SEMRABAZAR,04-01-2023,21,513
251,SEMRABAZAR,05-01-2023,28,720
251,SEMRABAZAR,06-01-2023,16,423
251,SEMRABAZAR,07-01-2023,19,504
251,SEMRABAZAR,08-01-2023,13,369
251,SEMRABAZAR,09-01-2023,14,306
251,SEMRABAZAR,10-01-2023,16,450
251,SEMRABAZAR,11-01-2023,18,459
251,SEMRABAZAR,14-01-2023,17,387
251,SEMRABAZAR,15-01-2023,19,369
251,SEMRABAZAR,16-01-2023,19,504
251,SEMRABAZAR,17-01-2023,14,414
251,SEMRABAZAR,18-01-2023,23,495
251,SEMRABAZAR,19-01-2023,18,486
251,SEMRABAZAR,20-01-2023,10,261
251,SEMRABAZAR,21-01-2023,12,378
251,SEMRABAZAR,22-01-2023,7,234
251,SEMRABAZAR,23-01-2023,9,189
251,SEMRABAZAR,24-01-2023,18,513
251,SEMRABAZAR,25-01-2023,18,459
251,SEMRABAZAR,26-01-2023,10,261
251,SEMRABAZAR,27-01-2023,11,360
251,SEMRABAZAR,28-01-2023,20,522
251,SEMRABAZAR,29-01-2023,14,333
251,SEMRABAZAR,30-01-2023,6,189
253,DANDOORI,13-11-2022,13,234
253,DANDOORI,14-11-2022,15,351
253,DANDOORI,15-11-2022,17,387
253,DANDOORI,16-11-2022,13,288
253,DANDOORI,17-11-2022,15,324
253,DANDOORI,24-11-2022,21,567
253,DANDOORI,25-11-2022,14,414
253,DANDOORI,26-11-2022,18,378
253,DANDOORI,27-11-2022,13,450
253,DANDOORI,28-11-2022,16,477
253,DANDOORI,29-11-2022,11,414
253,DANDOORI,30-11-2022,8,225
253,DANDOORI,10-12-2022,9,243
253,DANDOORI,13-12-2022,6,162
253,DANDOORI,14-12-2022,8,279
253,DANDOORI,16-12-2022,10,288
253,DANDOORI,17-12-2022,7,261
253,DANDOORI,18-12-2022,11,387
253,DANDOORI,19-12-2022,8,333
253,DANDOORI,20-12-2022,11,360
253,DANDOORI,21-12-2022,9,378
253,DANDOORI,22-12-2022,13,288
253,DANDOORI,23-12-2022,9,324
253,DANDOORI,24-12-2022,13,288
253,DANDOORI,25-12-2022,11,333
253,DANDOORI,26-12-2022,7,315
253,DANDOORI,27-12-2022,7,234
253,DANDOORI,28-12-2022,9,270
253,DANDOORI,29-12-2022,16,369
253,DANDOORI,30-12-2022,12,324
253,DANDOORI,31-12-2022,13,423
253,DANDOORI,01-01-2023,8,306
253,DANDOORI,03-01-2023,7,180
253,DANDOORI,04-01-2023,14,414
253,DANDOORI,05-01-2023,22,639
253,DANDOORI,06-01-2023,14,387
253,DANDOORI,07-01-2023,11,387
253,DANDOORI,08-01-2023,10,369
253,DANDOORI,09-01-2023,9,297
253,DANDOORI,10-01-2023,9,324
253,DANDOORI,11-01-2023,7,288
253,DANDOORI,12-01-2023,14,387
253,DANDOORI,13-01-2023,16,450
253,DANDOORI,14-01-2023,15,432
253,DANDOORI,15-01-2023,17,468
253,DANDOORI,16-01-2023,19,477
253,DANDOORI,17-01-2023,11,387
253,DANDOORI,18-01-2023,14,441
253,DANDOORI,19-01-2023,16,504
253,DANDOORI,20-01-2023,9,270
253,DANDOORI,21-01-2023,10,261
253,DANDOORI,24-01-2023,19,477
253,DANDOORI,25-01-2023,13,423
253,DANDOORI,26-01-2023,8,225
253,DANDOORI,27-01-2023,6,189
253,DANDOORI,28-01-2023,12,324
253,DANDOORI,29-01-2023,7,288
253,DANDOORI,30-01-2023,6,162
453,NAKHA-III,13-11-2022,12,216
453,NAKHA-III,14-11-2022,25,450
453,NAKHA-III,15-11-2022,38,684
453,NAKHA-III,16-11-2022,50,927
453,NAKHA-III,17-11-2022,49,936
453,NAKHA-III,18-11-2022,40,774
453,NAKHA-III,19-11-2022,32,576
453,NAKHA-III,20-11-2022,32,657
453,NAKHA-III,21-11-2022,30,567
453,NAKHA-III,22-11-2022,38,711
453,NAKHA-III,23-11-2022,49,936
453,NAKHA-III,24-11-2022,37,774
453,NAKHA-III,25-11-2022,40,855
453,NAKHA-III,26-11-2022,45,999
453,NAKHA-III,27-11-2022,54,1134
453,NAKHA-III,28-11-2022,68,1413
453,NAKHA-III,29-11-2022,69,1404
453,NAKHA-III,30-11-2022,61,1395
453,NAKHA-III,01-12-2022,53,1224
453,NAKHA-III,02-12-2022,44,981
453,NAKHA-III,03-12-2022,28,612
453,NAKHA-III,04-12-2022,24,567
453,NAKHA-III,05-12-2022,53,1170
453,NAKHA-III,06-12-2022,69,1485
453,NAKHA-III,07-12-2022,45,972
453,NAKHA-III,08-12-2022,36,783
453,NAKHA-III,09-12-2022,56,1170
453,NAKHA-III,10-12-2022,45,999
453,NAKHA-III,11-12-2022,21,594
453,NAKHA-III,12-12-2022,37,855
453,NAKHA-III,13-12-2022,40,855
453,NAKHA-III,14-12-2022,43,963
453,NAKHA-III,15-12-2022,39,783
453,NAKHA-III,16-12-2022,40,909
453,NAKHA-III,17-12-2022,44,900
453,NAKHA-III,18-12-2022,42,918
453,NAKHA-III,19-12-2022,52,1017
453,NAKHA-III,20-12-2022,57,1188
453,NAKHA-III,21-12-2022,42,810
453,NAKHA-III,22-12-2022,40,855
453,NAKHA-III,23-12-2022,36,864
453,NAKHA-III,24-12-2022,40,801
453,NAKHA-III,25-12-2022,43,909
453,NAKHA-III,26-12-2022,35,873
453,NAKHA-III,27-12-2022,43,936
453,NAKHA-III,28-12-2022,40,855
453,NAKHA-III,29-12-2022,39,810
453,NAKHA-III,30-12-2022,40,882
453,NAKHA-III,31-12-2022,31,693
453,NAKHA-III,01-01-2023,26,576
453,NAKHA-III,02-01-2023,19,342
453,NAKHA-III,03-01-2023,61,1125
453,NAKHA-III,04-01-2023,40,990
453,NAKHA-III,05-01-2023,34,774
453,NAKHA-III,06-01-2023,42,918
453,NAKHA-III,07-01-2023,44,954
453,NAKHA-III,08-01-2023,38,873
453,NAKHA-III,09-01-2023,38,927
453,NAKHA-III,10-01-2023,42,918
453,NAKHA-III,11-01-2023,40,882
453,NAKHA-III,12-01-2023,35,846
453,NAKHA-III,13-01-2023,40,963
453,NAKHA-III,14-01-2023,58,1152
453,NAKHA-III,15-01-2023,48,972
453,NAKHA-III,16-01-2023,42,918
453,NAKHA-III,17-01-2023,42,972
453,NAKHA-III,18-01-2023,45,891
453,NAKHA-III,19-01-2023,40,936
453,NAKHA-III,20-01-2023,27,675
453,NAKHA-III,21-01-2023,40,909
453,NAKHA-III,22-01-2023,33,837
453,NAKHA-III,23-01-2023,36,783
453,NAKHA-III,24-01-2023,33,837
453,NAKHA-III,25-01-2023,30,918
453,NAKHA-III,26-01-2023,28,639
453,NAKHA-III,27-01-2023,6,108
453,NAKHA-III,28-01-2023,3,54
453,NAKHA-III,29-01-2023,2,63
453,NAKHA-III,30-01-2023,8,171
496,CHAHMALPUR (ARNI),14-11-2022,3,108
496,CHAHMALPUR (ARNI),15-11-2022,4,126
496,CHAHMALPUR (ARNI),16-11-2022,2,90
496,CHAHMALPUR (ARNI),17-11-2022,1,45
496,CHAHMALPUR (ARNI),23-11-2022,2,90
496,CHAHMALPUR (ARNI),26-11-2022,3,81
496,CHAHMALPUR (ARNI),27-11-2022,2,90
496,CHAHMALPUR (ARNI),30-11-2022,1,18
496,CHAHMALPUR (ARNI),04-12-2022,2,90
496,CHAHMALPUR (ARNI),05-12-2022,2,90
496,CHAHMALPUR (ARNI),06-12-2022,2,90
496,CHAHMALPUR (ARNI),08-12-2022,2,90
496,CHAHMALPUR (ARNI),09-12-2022,3,135
496,CHAHMALPUR (ARNI),14-12-2022,2,90
496,CHAHMALPUR (ARNI),19-12-2022,2,90
496,CHAHMALPUR (ARNI),26-12-2022,8,306
496,CHAHMALPUR (ARNI),27-12-2022,8,306
496,CHAHMALPUR (ARNI),28-12-2022,2,90
496,CHAHMALPUR (ARNI),29-12-2022,2,90
496,CHAHMALPUR (ARNI),31-12-2022,5,198
496,CHAHMALPUR (ARNI),02-01-2023,1,45
496,CHAHMALPUR (ARNI),03-01-2023,5,225
496,CHAHMALPUR (ARNI),04-01-2023,2,63
496,CHAHMALPUR (ARNI),05-01-2023,3,108
496,CHAHMALPUR (ARNI),06-01-2023,4,126
496,CHAHMALPUR (ARNI),12-01-2023,5,198
496,CHAHMALPUR (ARNI),13-01-2023,3,135
496,CHAHMALPUR (ARNI),14-01-2023,2,90
496,CHAHMALPUR (ARNI),15-01-2023,2,90
496,CHAHMALPUR (ARNI),17-01-2023,3,135
496,CHAHMALPUR (ARNI),26-01-2023,6,216
496,CHAHMALPUR (ARNI),27-01-2023,5,225
496,CHAHMALPUR (ARNI),28-01-2023,5,198
496,CHAHMALPUR (ARNI),29-01-2023,3,108
701,GHODSARIYA,13-11-2022,16,288
701,GHODSARIYA,14-11-2022,15,270
701,GHODSARIYA,15-11-2022,24,432
701,GHODSARIYA,16-11-2022,22,396
701,GHODSARIYA,17-11-2022,20,387
701,GHODSARIYA,18-11-2022,17,360
701,GHODSARIYA,19-11-2022,20,360
701,GHODSARIYA,20-11-2022,13,261
701,GHODSARIYA,21-11-2022,18,351
701,GHODSARIYA,22-11-2022,15,351
701,GHODSARIYA,23-11-2022,25,450
701,GHODSARIYA,24-11-2022,15,297
701,GHODSARIYA,25-11-2022,18,378
701,GHODSARIYA,26-11-2022,8,198
701,GHODSARIYA,27-11-2022,13,261
701,GHODSARIYA,28-11-2022,9,162
701,GHODSARIYA,29-11-2022,8,171
701,GHODSARIYA,30-11-2022,8,198
701,GHODSARIYA,01-12-2022,7,153
701,GHODSARIYA,03-12-2022,8,198
701,GHODSARIYA,04-12-2022,6,135
701,GHODSARIYA,05-12-2022,10,234
701,GHODSARIYA,06-12-2022,37,693
701,GHODSARIYA,07-12-2022,15,405
701,GHODSARIYA,08-12-2022,19,396
701,GHODSARIYA,10-12-2022,21,432
701,GHODSARIYA,11-12-2022,19,396
701,GHODSARIYA,12-12-2022,20,387
701,GHODSARIYA,13-12-2022,16,369
701,GHODSARIYA,14-12-2022,19,423
701,GHODSARIYA,15-12-2022,17,306
701,GHODSARIYA,16-12-2022,22,396
701,GHODSARIYA,17-12-2022,17,360
701,GHODSARIYA,18-12-2022,19,396
701,GHODSARIYA,19-12-2022,15,297
701,GHODSARIYA,20-12-2022,17,360
701,GHODSARIYA,21-12-2022,17,333
701,GHODSARIYA,22-12-2022,21,378
701,GHODSARIYA,23-12-2022,21,378
701,GHODSARIYA,24-12-2022,19,369
701,GHODSARIYA,25-12-2022,14,279
701,GHODSARIYA,26-12-2022,14,306
701,GHODSARIYA,27-12-2022,16,369
701,GHODSARIYA,28-12-2022,22,396
701,GHODSARIYA,29-12-2022,15,324
701,GHODSARIYA,30-12-2022,16,315
701,GHODSARIYA,31-12-2022,11,252
701,GHODSARIYA,01-01-2023,10,261
701,GHODSARIYA,02-01-2023,11,198
701,GHODSARIYA,03-01-2023,21,405
701,GHODSARIYA,04-01-2023,16,342
701,GHODSARIYA,05-01-2023,17,306
701,GHODSARIYA,06-01-2023,17,387
701,GHODSARIYA,07-01-2023,20,387
701,GHODSARIYA,08-01-2023,19,396
701,GHODSARIYA,09-01-2023,19,396
701,GHODSARIYA,10-01-2023,6,108
701,GHODSARIYA,12-01-2023,4,72
701,GHODSARIYA,13-01-2023,3,54
701,GHODSARIYA,14-01-2023,23,495
701,GHODSARIYA,15-01-2023,25,477
701,GHODSARIYA,16-01-2023,19,369
701,GHODSARIYA,17-01-2023,19,342
701,GHODSARIYA,18-01-2023,17,333
701,GHODSARIYA,19-01-2023,18,351
701,GHODSARIYA,20-01-2023,6,135
701,GHODSARIYA,21-01-2023,7,180
701,GHODSARIYA,22-01-2023,3,81
701,GHODSARIYA,23-01-2023,4,72
701,GHODSARIYA,27-01-2023,2,63
701,GHODSARIYA,28-01-2023,1,45
801,SAKETHU,13-11-2022,16,288
801,SAKETHU,14-11-2022,26,495
801,SAKETHU,15-11-2022,40,855
801,SAKETHU,16-11-2022,41,792
801,SAKETHU,17-11-2022,39,729
801,SAKETHU,18-11-2022,24,486
801,SAKETHU,19-11-2022,22,504
801,SAKETHU,20-11-2022,34,639
801,SAKETHU,21-11-2022,27,567
801,SAKETHU,22-11-2022,29,603
801,SAKETHU,23-11-2022,29,684
801,SAKETHU,24-11-2022,58,1071
801,SAKETHU,25-11-2022,46,963
801,SAKETHU,26-11-2022,57,1404
801,SAKETHU,27-11-2022,63,1296
801,SAKETHU,28-11-2022,44,1062
801,SAKETHU,29-11-2022,40,1206
801,SAKETHU,30-11-2022,46,1098
801,SAKETHU,01-12-2022,34,963
801,SAKETHU,02-12-2022,29,738
801,SAKETHU,03-12-2022,36,1161
801,SAKETHU,04-12-2022,28,990
801,SAKETHU,05-12-2022,33,972
801,SAKETHU,06-12-2022,51,1269
801,SAKETHU,07-12-2022,25,909
801,SAKETHU,08-12-2022,30,810
801,SAKETHU,09-12-2022,45,999
801,SAKETHU,10-12-2022,33,945
801,SAKETHU,11-12-2022,24,702
801,SAKETHU,12-12-2022,29,900
801,SAKETHU,13-12-2022,47,927
801,SAKETHU,14-12-2022,37,990
801,SAKETHU,15-12-2022,41,981
801,SAKETHU,16-12-2022,43,1071
801,SAKETHU,17-12-2022,43,909
801,SAKETHU,18-12-2022,34,990
801,SAKETHU,19-12-2022,32,954
801,SAKETHU,20-12-2022,26,576
801,SAKETHU,21-12-2022,27,783
801,SAKETHU,22-12-2022,49,1287
801,SAKETHU,23-12-2022,32,792
801,SAKETHU,24-12-2022,31,855
801,SAKETHU,25-12-2022,33,864
801,SAKETHU,26-12-2022,32,765
801,SAKETHU,27-12-2022,20,711
801,SAKETHU,28-12-2022,29,819
801,SAKETHU,29-12-2022,33,837
801,SAKETHU,30-12-2022,27,945
801,SAKETHU,31-12-2022,26,711
801,SAKETHU,01-01-2023,16,423
801,SAKETHU,02-01-2023,14,333
801,SAKETHU,03-01-2023,30,729
801,SAKETHU,04-01-2023,34,990
801,SAKETHU,05-01-2023,31,936
801,SAKETHU,06-01-2023,37,963
801,SAKETHU,07-01-2023,37,990
801,SAKETHU,08-01-2023,29,1008
801,SAKETHU,09-01-2023,39,918
801,SAKETHU,10-01-2023,33,945
801,SAKETHU,11-01-2023,34,1017
801,SAKETHU,12-01-2023,34,963
801,SAKETHU,13-01-2023,37,1044
801,SAKETHU,14-01-2023,32,1062
801,SAKETHU,15-01-2023,39,1053
801,SAKETHU,16-01-2023,34,909
801,SAKETHU,17-01-2023,32,1008
801,SAKETHU,18-01-2023,34,990
801,SAKETHU,19-01-2023,35,981
801,SAKETHU,20-01-2023,24,702
801,SAKETHU,21-01-2023,33,972
801,SAKETHU,22-01-2023,29,954
801,SAKETHU,23-01-2023,35,981
801,SAKETHU,24-01-2023,38,1170
801,SAKETHU,25-01-2023,42,1107
801,SAKETHU,26-01-2023,31,801
801,SAKETHU,27-01-2023,37,1098
801,SAKETHU,28-01-2023,24,729
801,SAKETHU,29-01-2023,26,765
801,SAKETHU,30-01-2023,37,990
802,NAKAHA,13-11-2022,12,243
802,NAKAHA,14-11-2022,26,468
802,NAKAHA,15-11-2022,32,630
802,NAKAHA,16-11-2022,36,702
802,NAKAHA,17-11-2022,31,666
802,NAKAHA,18-11-2022,33,648
802,NAKAHA,19-11-2022,31,585
802,NAKAHA,20-11-2022,29,603
802,NAKAHA,21-11-2022,30,621
802,NAKAHA,22-11-2022,34,639
802,NAKAHA,23-11-2022,37,774
802,NAKAHA,24-11-2022,27,513
802,NAKAHA,25-11-2022,37,747
802,NAKAHA,26-11-2022,36,837
802,NAKAHA,27-11-2022,35,873
802,NAKAHA,28-11-2022,38,846
802,NAKAHA,30-11-2022,26,630
802,NAKAHA,01-12-2022,34,801
802,NAKAHA,02-12-2022,26,576
802,NAKAHA,03-12-2022,17,387
802,NAKAHA,04-12-2022,20,576
802,NAKAHA,05-12-2022,27,783
802,NAKAHA,06-12-2022,48,1107
802,NAKAHA,07-12-2022,32,738
802,NAKAHA,08-12-2022,33,729
802,NAKAHA,09-12-2022,39,1026
802,NAKAHA,10-12-2022,40,882
802,NAKAHA,11-12-2022,30,621
802,NAKAHA,12-12-2022,36,864
802,NAKAHA,13-12-2022,46,909
802,NAKAHA,14-12-2022,38,927
802,NAKAHA,15-12-2022,33,810
802,NAKAHA,16-12-2022,39,891
802,NAKAHA,17-12-2022,44,900
802,NAKAHA,18-12-2022,39,864
802,NAKAHA,19-12-2022,37,909
802,NAKAHA,20-12-2022,38,819
802,NAKAHA,21-12-2022,39,810
802,NAKAHA,22-12-2022,36,783
802,NAKAHA,23-12-2022,31,693
802,NAKAHA,24-12-2022,31,639
802,NAKAHA,25-12-2022,42,864
802,NAKAHA,26-12-2022,40,855
802,NAKAHA,27-12-2022,37,909
802,NAKAHA,28-12-2022,41,873
802,NAKAHA,29-12-2022,45,891
802,NAKAHA,30-12-2022,39,891
802,NAKAHA,31-12-2022,22,531
802,NAKAHA,01-01-2023,8,225
802,NAKAHA,02-01-2023,10,207
802,NAKAHA,03-01-2023,36,756
802,NAKAHA,04-01-2023,37,747
802,NAKAHA,05-01-2023,40,936
802,NAKAHA,06-01-2023,42,918
802,NAKAHA,07-01-2023,46,936
802,NAKAHA,08-01-2023,40,909
802,NAKAHA,09-01-2023,33,891
802,NAKAHA,10-01-2023,42,891
802,NAKAHA,11-01-2023,39,864
802,NAKAHA,12-01-2023,41,873
802,NAKAHA,13-01-2023,41,981
802,NAKAHA,14-01-2023,55,1206
802,NAKAHA,15-01-2023,22,477
802,NAKAHA,16-01-2023,43,990
802,NAKAHA,17-01-2023,43,990
802,NAKAHA,18-01-2023,41,792
802,NAKAHA,19-01-2023,34,828
802,NAKAHA,20-01-2023,32,630
802,NAKAHA,21-01-2023,39,864
802,NAKAHA,22-01-2023,32,711
802,NAKAHA,23-01-2023,32,711
802,NAKAHA,24-01-2023,49,1044
802,NAKAHA,25-01-2023,57,1161
802,NAKAHA,26-01-2023,20,387
802,NAKAHA,27-01-2023,33,864
802,NAKAHA,28-01-2023,30,756
802,NAKAHA,29-01-2023,9,216
802,NAKAHA,30-01-2023,3,81
803,KATKUSMA,14-11-2022,17,306
803,KATKUSMA,15-11-2022,15,270
803,KATKUSMA,16-11-2022,34,612
803,KATKUSMA,17-11-2022,30,594
803,KATKUSMA,18-11-2022,22,504
803,KATKUSMA,19-11-2022,11,252
803,KATKUSMA,20-11-2022,17,468
803,KATKUSMA,21-11-2022,21,540
803,KATKUSMA,22-11-2022,32,603
803,KATKUSMA,23-11-2022,28,612
803,KATKUSMA,24-11-2022,5,90
803,KATKUSMA,25-11-2022,13,342
803,KATKUSMA,26-11-2022,20,360
803,KATKUSMA,27-11-2022,21,378
803,KATKUSMA,28-11-2022,32,684
803,KATKUSMA,29-11-2022,19,612
803,KATKUSMA,30-11-2022,39,756
803,KATKUSMA,01-12-2022,15,432
803,KATKUSMA,02-12-2022,13,396
803,KATKUSMA,03-12-2022,11,306
803,KATKUSMA,04-12-2022,21,540
803,KATKUSMA,05-12-2022,11,333
803,KATKUSMA,06-12-2022,31,720
803,KATKUSMA,07-12-2022,18,513
803,KATKUSMA,08-12-2022,15,459
803,KATKUSMA,09-12-2022,24,459
803,KATKUSMA,10-12-2022,25,612
803,KATKUSMA,11-12-2022,22,504
803,KATKUSMA,12-12-2022,24,540
803,KATKUSMA,13-12-2022,25,504
803,KATKUSMA,14-12-2022,22,531
803,KATKUSMA,15-12-2022,21,486
803,KATKUSMA,16-12-2022,24,513
803,KATKUSMA,17-12-2022,12,405
803,KATKUSMA,18-12-2022,21,540
803,KATKUSMA,19-12-2022,17,387
803,KATKUSMA,20-12-2022,22,504
803,KATKUSMA,21-12-2022,22,450
803,KATKUSMA,22-12-2022,16,396
803,KATKUSMA,23-12-2022,40,909
803,KATKUSMA,24-12-2022,22,423
803,KATKUSMA,25-12-2022,25,612
803,KATKUSMA,26-12-2022,25,585
803,KATKUSMA,27-12-2022,24,567
803,KATKUSMA,28-12-2022,25,585
803,KATKUSMA,29-12-2022,25,504
803,KATKUSMA,30-12-2022,19,504
803,KATKUSMA,31-12-2022,8,198
803,KATKUSMA,01-01-2023,11,198
803,KATKUSMA,02-01-2023,9,189
803,KATKUSMA,03-01-2023,26,576
803,KATKUSMA,04-01-2023,18,513
803,KATKUSMA,05-01-2023,28,612
803,KATKUSMA,06-01-2023,27,567
803,KATKUSMA,07-01-2023,33,675
803,KATKUSMA,08-01-2023,20,522
803,KATKUSMA,09-01-2023,16,369
803,KATKUSMA,10-01-2023,22,504
803,KATKUSMA,11-01-2023,19,504
803,KATKUSMA,12-01-2023,10,315
803,KATKUSMA,13-01-2023,37,774
803,KATKUSMA,14-01-2023,27,702
803,KATKUSMA,15-01-2023,23,630
803,KATKUSMA,16-01-2023,19,612
803,KATKUSMA,17-01-2023,32,684
803,KATKUSMA,18-01-2023,23,603
803,KATKUSMA,19-01-2023,23,603
803,KATKUSMA,20-01-2023,15,351
803,KATKUSMA,21-01-2023,24,567
803,KATKUSMA,22-01-2023,22,558
803,KATKUSMA,23-01-2023,21,621
803,KATKUSMA,24-01-2023,25,558
803,KATKUSMA,25-01-2023,28,639
803,KATKUSMA,26-01-2023,20,441
803,KATKUSMA,27-01-2023,23,468
803,KATKUSMA,28-01-2023,24,567
803,KATKUSMA,29-01-2023,24,513
803,KATKUSMA,30-01-2023,22,477
804,SAHJANI ,13-11-2022,15,270
804,SAHJANI ,14-11-2022,28,504
804,SAHJANI ,15-11-2022,37,693
804,SAHJANI ,16-11-2022,44,792
804,SAHJANI ,17-11-2022,38,765
804,SAHJANI ,18-11-2022,24,513
804,SAHJANI ,19-11-2022,26,603
804,SAHJANI ,20-11-2022,35,630
804,SAHJANI ,21-11-2022,24,540
804,SAHJANI ,22-11-2022,34,693
804,SAHJANI ,23-11-2022,39,783
804,SAHJANI ,24-11-2022,31,612
804,SAHJANI ,25-11-2022,26,819
804,SAHJANI ,26-11-2022,39,810
804,SAHJANI ,27-11-2022,39,891
804,SAHJANI ,28-11-2022,42,891
804,SAHJANI ,29-11-2022,34,882
804,SAHJANI ,30-11-2022,34,855
804,SAHJANI ,01-12-2022,45,918
804,SAHJANI ,02-12-2022,27,567
804,SAHJANI ,03-12-2022,15,405
804,SAHJANI ,04-12-2022,32,711
804,SAHJANI ,05-12-2022,36,702
804,SAHJANI ,06-12-2022,30,702
804,SAHJANI ,07-12-2022,29,657
804,SAHJANI ,08-12-2022,28,666
804,SAHJANI ,09-12-2022,27,702
804,SAHJANI ,10-12-2022,29,684
804,SAHJANI ,11-12-2022,23,522
804,SAHJANI ,12-12-2022,29,657
804,SAHJANI ,13-12-2022,37,747
804,SAHJANI ,14-12-2022,35,711
804,SAHJANI ,15-12-2022,31,747
804,SAHJANI ,16-12-2022,23,576
804,SAHJANI ,17-12-2022,27,702
804,SAHJANI ,18-12-2022,31,720
804,SAHJANI ,19-12-2022,37,720
804,SAHJANI ,20-12-2022,24,513
804,SAHJANI ,21-12-2022,20,495
804,SAHJANI ,22-12-2022,23,468
804,SAHJANI ,23-12-2022,28,612
804,SAHJANI ,24-12-2022,25,531
804,SAHJANI ,25-12-2022,39,729
804,SAHJANI ,26-12-2022,30,675
804,SAHJANI ,27-12-2022,30,648
804,SAHJANI ,28-12-2022,33,702
804,SAHJANI ,29-12-2022,26,630
804,SAHJANI ,30-12-2022,10,261
804,SAHJANI ,31-12-2022,27,648
804,SAHJANI ,01-01-2023,10,207
804,SAHJANI ,02-01-2023,9,216
804,SAHJANI ,03-01-2023,31,720
804,SAHJANI ,04-01-2023,36,729
804,SAHJANI ,05-01-2023,32,765
804,SAHJANI ,06-01-2023,35,792
804,SAHJANI ,07-01-2023,34,720
804,SAHJANI ,08-01-2023,26,657
804,SAHJANI ,09-01-2023,32,657
804,SAHJANI ,10-01-2023,35,711
804,SAHJANI ,11-01-2023,25,585
804,SAHJANI ,12-01-2023,31,666
804,SAHJANI ,13-01-2023,38,819
804,SAHJANI ,14-01-2023,29,630
804,SAHJANI ,15-01-2023,30,648
804,SAHJANI ,16-01-2023,26,603
804,SAHJANI ,17-01-2023,37,801
804,SAHJANI ,18-01-2023,25,693
804,SAHJANI ,19-01-2023,33,675
804,SAHJANI ,20-01-2023,24,486
804,SAHJANI ,21-01-2023,29,711
804,SAHJANI ,22-01-2023,19,504
804,SAHJANI ,23-01-2023,28,504
804,SAHJANI ,24-01-2023,29,603
804,SAHJANI ,25-01-2023,42,918
804,SAHJANI ,26-01-2023,22,531
804,SAHJANI ,27-01-2023,36,810
804,SAHJANI ,28-01-2023,36,783
804,SAHJANI ,29-01-2023,31,666
804,SAHJANI ,30-01-2023,2,36
